Workbook

Sheet bus
A1: name | B1: description | C1: baseKV | D1: type | E1: zone
A2: AA_I_Z_110 | B2: Ardnacrusha_110kV | C2: 110 | D2: 1 | E2: ROI
A3: AA1_I_Z_110 | B3: Ardnacrusha_110kV | C3: 110 | D3: 1 | E3: ROI
A4: AD_I_Z_110 | B4: Aghada_110kV | C4: 110 | D4: 1 | E4: ROI
A5: AD_I_Z_220 | B5: Aghada_220kV | C5: 220 | D5: 1 | E5: ROI
A6: ADM_I_Z_110 | B6: Adamstown_110kV | C6: 110 | D6: 1 | E6: ROI
A7: AGH_N_Z_110 | B7: Aghyoule_110kV | C7: 110 | D7: 1 | E7: NI
A8: AGH_N_Z_33 | B8: Aghyoule_33kV | C8: 33 | D8: 1 | E8: NI
A9: AGL_I_Z_110 | B9: Agannygal_110kV | C9: 110 | D9: 1 | E9: ROI
A10: AGN_I_Z_110 | B10: Aungierstown_110kV | C10: 110 | D10: 1 | E10: ROI
A11: AHA_I_Z_110 | B11: Ahane_110kV | C11: 110 | D11: 1 | E11: ROI
A12: AIR_N_Z_110 | B12: Airport Road_110kV | C12: 110 | D12: 1 | E12: NI
A13: AIR_N_Z_33 | B13: Airport Road_33kV | C13: 33 | D13: 1 | E13: NI
A14: ANR_I_Z_110 | B14: Anner_110kV | C14: 110 | D14: 1 | E14: ROI
A15: ANT_N_Z_110 | B15: Antrim_110kV | C15: 110 | D15: 1 | E15: NI
A16: ANT_N_Z_33 | B16: Antrim_33kV | C16: 33 | D16: 1 | E16: NI
A17: ARD_I_Z_110 | B17: Ardnagappary_110kV | C17: 110 | D17: 1 | E17: ROI
A18: ARI_I_T_110 | B18: Arigna_110kV_Tee | C18: 110 | D18: 1 | E18: ROI
A19: ARI_I_Z_110 | B19: Arigna_110kV | C19: 110 | D19: 1 | E19: ROI
A20: ARK_I_Z_110 | B20: Arklow_110kV | C20: 110 | D20: 1 | E20: ROI
A21: ARK_I_Z_220 | B21: Arklow_220kV | C21: 220 | D21: 1 | E21: ROI
A22: ART_I_Z_110 | B22: Artane_110kV | C22: 110 | D22: 1 | E22: ROI
A23: ARV_I_Z_110 | B23: Arva_110kV | C23: 110 | D23: 1 | E23: ROI
A24: ATE_I_Z_110 | B24: Athea_110kV | C24: 110 | D24: 1 | E24: ROI
... A119: CLW_I_Z_110 | B119: Carlow_110kV | C119: 110 | D119: 1 | E119: ROI
A120: CNB_I_Z_380 | B120: Coolnabacky_380kV | C120: 330 | D120: 1 | E120: ROI
A121: CNB_I_Z_110 | B121: Coolnabacky_110kV | C121: 110 | D121: 1 | E121: ROI
A122: CNG_I_Z_110 | B122: Coolnanoonag_110kV | C122: 110 | D122: 1 | E122: ROI
A123: COL_I_Z_110 | B123: College Park_110kV | C123: 110 | D123: 1 | E123: ROI
A124: COL_N_Z_110 | B124: Coleraine_110kV | C124: 110 | D124: 1 | E124: NI
A125: COL_N_Z_33 | B125: Coleraine_33kV | C125: 33 | D125: 1 | E125: NI
A126: COO_I_Z_110 | B126: Cookstown_110kV | C126: 110 | D126: 1 | E126: ROI
A127: COR_I_Z_110 | B127: Corraclassy_110kV | C127: 110 | D127: 1 | E127: ROI
A128: COS_I_Z_110 | B128: Carrick-on-Shannon_110kV | C128: 110 | D128: 1 | E128: ROI
A129: COW_I_Z_110 | B129: Cow Cross_110kV | C129: 110 | D129: 1 | E129: ROI
A130: CPK_I_Z_110 | B130: Central Park_110kV | C130: 110 | D130: 1 | E130: ROI
A131: CPS_N_Z_110 | B131: Coolkeeragh Power Station_110kV | C131: 110 | D131: 1 | E131: NI
A132: CPS_N_Z_275 | B132: Coolkeeragh Power Station_275kV | C132: 275 | D132: 1 | E132: NI
... A231: HN_I_Z_220 | B231: Huntstown_220kV | C231: 220 | D231: 1 | E231: ROI
A232: HWN_I_Z_110 | B232: Harristown_110kV | C232: 110 | D232: 1 | E232: ROI
A233: IA_I_Z_110 | B233: Inniscarra_110kV | C233: 110 | D233: 1 | E233: ROI
A234: IKE_I_T_110 | B234: Ikerrin_110kV_Tee | C234: 110 | D234: 1 | E234: ROI
A235: IKE_I_Z_110 | B235: Ikerrin_110kV | C235: 110 | D235: 1 | E235: ROI
A236: INC_I_Z_110 | B236: Inchicore_110kV | C236: 110 | D236: 1 | E236: ROI
A237: INC_I_Z_220 | B237: Inchicore_220kV | C237: 220 | D237: 1 | E237: ROI
A238: ISH_I_Z_220 | B238: Irishtown_220kV | C238: 220 | D238: 1 | E238: ROI
A239: KBY_I_Z_110 | B239: Kilbarry_110kV | C239: 110 | D239: 1 | E239: ROI
A240: KCR_I_Z_110 | B240: Knockacummer_110kV | C240: 110 | D240: 1 | E240: ROI
A241: KCY_I_Z_110 | B241: Kilcarbery_110kV | C241: 110 | D241: 1 | E241: ROI
A242: KEL_N_Z_110 | B242: Kells_110kV | C242: 110 | D242: 1 | E242: NI
A243: KEL_N_Z_275 | B243: Kells_275kV | C243: 275 | D243: 1 | E243: NI
A244: KER_I_Z_110 | B244: Knockearagh_110kV | C244: 110 | D244: 1 | E244: ROI
... A447: WOO_I_Z_380 | B447: Woodland_380kV | C447: 380 | D447: 1 | E447: ROI

Sheet demand
A1: name | B1: busname | C1: real | D1: stat | E1: VOLL
A2: AA_I_Z_110_PF0.993 | B2: AA_I_Z_110 | C2: 51.4 | D2: 1 | E2: 20000
A3: AGH_N_Z_110_PF0.99 | B3: AGH_N_Z_110 | C3: 16.2 | D3: 1 | E3: 20000
A4: AGN_I_Z_110_PF0.95 | B4: AGN_I_Z_110 | C4: 25.2 | D4: 1 | E4: 20000
A5: AHA_I_Z_110_PF0.998 | B5: AHA_I_Z_110 | C5: 4.1 | D5: 1 | E5: 20000
A6: AIR_N_Z_110_PF0.99 | B6: AIR_N_Z_110 | C6: 16.5 | D6: 1 | E6: 20000
A7: ANR_I_Z_110_PF0.95 | B7: ANR_I_Z_110 | C7: 14 | D7: 1 | E7: 20000
A8: ANT_N_Z_110_PF0.98 | B8: ANT_N_Z_110 | C8: 34.2 | D8: 1 | E8: 20000
A9: ARD_I_Z_110_PF0.99 | B9: ARD_I_Z_110 | C9: 13 | D9: 1 | E9: 20000
A10: ARI_I_T_110_PF0.998 | B10: ARI_I_T_110 | C10: 4.5 | D10: 1 | E10: 20000
A11: ARK_I_Z_110_PF0.997 | B11: ARK_I_Z_110 | C11: 33.9 | D11: 1 | E11: 20000
A12: ATH_I_Z_110_PF0.998 | B12: ATH_I_Z_110 | C12: 66.8 | D12: 1 | E12: 20000
A13: ATY_I_Z_110_PF0.968 | B13: ATY_I_Z_110 | C13: 15.8 | D13: 1 | E13: 20000
... A165: WHI_I_Z_110_PF0.95 | B165: WHI_I_Z_110 | C165: 9 | D165: 1 | E165: 20000

Sheet ts_PD
A1: timestep | B1: AA_I_Z_110_PF0.993 | C1: AGN_I_Z_110_PF0.95 | D1: AHA_I_Z_110_PF0.998 | E1: ANR_I_Z_110_PF0.95 | F1: ARD_I_Z_110_PF0.99 | G1: ARI_I_T_110_PF0.998 | H1: ARK_I_Z_110_PF0.997 | I1: ATH_I_Z_110_PF0.998 | J1: ATY_I_Z_110_PF0.968 | K1: BAL_I_Z_110_PF1 | L1: BAN_I_Z_110_PF0.987 | M1: BAR_I_T_110_PF1 | N1: BDA_I_Z_110_PF0.95 | O1: BDN_I_Z_110_PF0.96 | P1: BDN_I_Z_110_PF0.95 | Q1: BEG_I_Z_110_PF1 | R1: BIN_I_Z_110_PF0.99 | S1: BIN_I_Z_110_PF0.999 | T1: BK_I_Z_110_PF0.996 | U1: BLC_I_Z_110_PF0.95 | V1: BLI_I_Z_110_PF0.991 | W1: BLK_I_Z_110_PF0.99 | X1: BOG_I_Z_110_PF0.97 | Y1: BRI_I_Z_110_PF0.95 | Z1: BRY_I_Z_110_PF0.976 | AA1: BUT_I_Z_110_PF0.989 | AB1: CAH_I_Z_110_PF0.981 | AC1: CBG_I_Z_110_PF0.984 | AD1: CBR_I_Z_110_PF0.988 | AE1: CF_I_Z_110_PF0.964 | AF1: CFM_I_Z_110_PF0.95 | AG1: CHA_I_Z_110_PF0.96 | AH1: CKM_I_Z_110_PF0.998 | AI1: CLE_I_Z_220_PF0.95 | AJ1: CLG_I_Z_110_PF0.95 | AK1: CLN_I_Z_110_PF0.925 | AL1: CLU_I_Z_110_PF0.95 | AM1: CLW_I_Z_110_PF0.991 | AN1: COL_I_Z_110_PF0.986 | AO1: COS_I_Z_110_PF0.989 | AP1: COW_I_Z_110_PF0.997 | AQ1: CRA_I_Z_110_PF0.979 | AR1: CRO_I_Z_110_PF1 | AS1: CVW_I_Z_110_PF0.982 | AT1: DAL_I_T_110_PF0.987 | AU1: DDK_I_Z_110_PF0.986 | AV1: DFR_I_T_110_PF0.991 | AW1: DGN_I_Z_110_PF0.984 | AX1: DLT_I_Z_110_PF0.981 | AY1: DMY_I_Z_110_PF0.976 | AZ1: DOO_I_Z_110_PF0.984 | BA1: DRU_I_Z_110_PF0.945 | BB1: DRY_I_Z_110_PF0.985 | BC1: ENN_I_Z_110_PF0.981 | BD1: FIN_I_Z_110_PF0.994 | BE1: FTT_I_Z_110_PF0.997 | BF1: GAL_I_Z_110_PF0.988 | BG1: GI_I_Z_110_PF0.952 | BH1: GIL_I_Z_110_PF0.95 | BI1: GLE_I_Z_110_PF0.998 | BJ1: GRI_I_T_110_PF0.997 | BK1: GWE_I_Z_110_PF0.98 | BL1: GWE_I_Z_110_PF0.95 | BM1: HN_I_Z_220_PF0.95 | BN1: IKE_I_T_110_PF0.967 | BO1: INC_I_Z_110_PF0.995 | BP1: KBY_I_Z_110_PF0.993 | BQ1: KCY_I_Z_110_PF0.95 | BR1: KER_I_Z_110_PF0.971 | BS1: KSE_I_Z_110_PF0.95 | BT1: KTL_I_Z_110_PF0.988 | BU1: KIN_I_Z_110_PF0.95 | BV1: KKY_I_Z_110_PF0.978 | BW1: KLM_I_Z_110_PF0.989 | BX1: KTN_I_Z_110_PF0.976 | BY1: KUR_I_Z_110_PF0.95 | BZ1: KYT_I_Z_220_PF0.95 | CA1: LA_I_Z_110_PF0.984 | CB1: LET_I_Z_110_PF0.987 | CC1: LIB_I_Z_110_PF0.986 | CD1: LIM_I_Z_110_PF0.993 | CE1: LIS_I_Z_110_PF0.952 | CF1: MAC_I_Z_110_PF0.973 | CG1: MAL_I_Z_110_PF0.981 | CH1: MCE_I_Z_110_PF0.995 | CI1: MCE_I_Z_110_PF0.95 | CJ1: MID_I_Z_110_PF0.98 | CK1: MLN_I_Z_110_PF0.95 | CL1: MON_I_Z_110_PF0.975 | CM1: MOY_I_Z_110_PF0.989 | CN1: MR_I_Z_110_PF0.992 | CO1: MTA_I_Z_110_PF0.95 | CP1: MTH_I_Z_110_PF0.938 | CQ1: MTN_I_Z_110_PF0.95 | CR1: MUL_I_Z_110_PF0.985 | CS1: MUN_I_Z_110_PF0.95 | CT1: NAV_I_Z_110_PF0.98 | CU1: NEW_I_Z_110_PF0.981 | CV1: NEN_I_Z_110_PF0.954 | CW1: OBE_I_Z_110_PF0.95 | CX1: OLD_I_Z_110_PF0.95 | CY1: OUG_I_T_110_PF0.992 | CZ1: PB_I_Z_110_PF0.989 | DA1: PLA_I_Z_110_PF0.95 | DB1: PLS_I_Z_110_PF0.979 | DC1: RAT_I_Z_110_PF0.993 | DD1: RIC_I_Z_110_PF0.972 | DE1: RNW_I_Z_110_PF0.95 | DF1: RYB_I_Z_110_PF0.95 | DG1: SCR_I_Z_110_PF0.999 | DH1: SHE_I_Z_110_PF0.95 | DI1: SHL_I_Z_220_PF0.997 | DJ1: SKL_I_Z_110_PF0.993 | DK1: SLI_I_Z_110_PF0.996 | DL1: SNG_I_Z_110_PF0.992 | DM1: SBH_I_Z_110_PF0.95 | DN1: SOM_I_T_110_PF0.974 | DO1: STR_I_T_110_PF0.958 | DP1: TBG_I_Z_110_PF0.994 | DQ1: TBK_I_T_110_PF0.931 | DR1: THU_I_Z_110_PF0.983 | DS1: TIP_I_Z_110_PF0.986 | DT1: TLK_I_Z_110_PF0.968 | DU1: TON_I_Z_110_PF0.925 | DV1: TRI_I_Z_110_PF1 | DW1: TRL_I_Z_110_PF0.99 | DX1: TSB_I_Z_110_PF0.977 | DY1: WAT_I_Z_110_PF0.986 | DZ1: WEX_I_Z_110_PF0.979 | EA1: WHI_I_Z_110_PF0.95 | EB1: AGH_N_Z_110_PF0.99 | EC1: AIR_N_Z_110_PF0.99 | ED1: ANT_N_Z_110_PF0.98 | EE1: BAN_N_Z_33_PF0.99 | EF1: BMA_N_Z_110_PF0.95 | EG1: BNH_N_Z_110_PF0.99 | EH1: BNM_N_Z_110_PF0.99 | EI1: CAR_N_Z_110_PF0.99 | EJ1: CEN_N_Z_110_PF0.99 | EK1: COL_N_Z_33_PF0.99 | EL1: CPS_N_Z_110_PF0.99 | EM1: CRE_N_Z_110_PF0.99 | EN1: CRG_N_Z_110_PF0.99 | EO1: DON_N_Z_110_PF0.99 | EP1: DRU_N_Z_33_PF0.99 | EQ1: DUN_N_Z_110_PF0.99 | ER1: EDE_N_Z_110_PF0.99 | ES1: ENN_N_Z_33_PF0.99 | ET1: FIN_N_Z_33_PF0.99 | EU1: GLE_N_Z_33_PF0.99 | EV1: KNO_N_Z_110_PF0.99 | EW1: LAR_N_Z_110_PF0.99 | EX1: LIM_N_Z_33_PF0.99 | EY1: LIS_N_Z_33_PF0.99 | EZ1: LMR_N_Z_110_PF0.98 | FA1: LOG_N_Z_110_PF0.98 | FB1: NAR_N_Z_110_PF0.99 | FC1: NEW_N_Z_33_PF0.99 | FD1: OMA_N_Z_110_PF0.99 | FE1: RAT_N_Z_33_PF0.99 | FF1: ROS_N_Z_110_PF0.99 | FG1: SPR_N_Z_110_PF0.99 | FH1: STR_N_Z_33_PF0.99 | FI1: WAR_N_Z_110_PF0.99
A2: 05/07/25 00:00 | B2: 35.099265 | C2: 17.2082 | D2: 2.7997468 | E2: 9.5601111 | F2: 8.877246 | G2: 3.0728928 | H2: 23.149126 | I2: 45.615387 | J2: 10.789268 | K2: 9.150392 | L2: 27.109744 | M2: 17.549632 | N2: 3.6191849 | O2: 8.467527 | P2: 4.0971905 | Q2: 8.6041 | R2: 8.6041 | S2: 2.5948873 | T2: 3.3460389 | U2: 73.954288 | V2: 7.8529484 | W2: 15.501037 | X2: 4.7800555 | Y2: 2.7314603 | Z2: 19.598228 | AA2: 23.149126 | AB2: 15.159605 | AC2: 10.311263 | AD2: 19.051936 | AE2: 11.881852 | AF2: 34.689546 | AG2: 11.54042 | AH2: 197.62115 | AI2: 92.459931 | AJ2: 49.985724 | AK2: 15.227891 | AL2: 9.7649706 | AM2: 39.742748 | AN2: 19.051936 | AO2: 16.525335 | AP2: 9.6283976 | AQ2: 18.095925 | AR2: 6.0774992 | AS2: 18.642217 | AT2: 10.652695 | AU2: 37.830725 | AV2: 6.1457857 | AW2: 28.065755 | AX2: 16.252189 | AY2: 19.803087 | AZ2: 15.774183 | BA2: 17.549632 | BB2: 51.351454 | BC2: 35.304125 | BD2: 269.86828 | BE2: 7.9895214 | BF2: 54.35606 | BG2: 9.150392 | BH2: 7.7846619 | BI2: 9.8332571 | BJ2: 37.079574 | BK2: 6.1457857 | BL2: 15.569324 | BM2: 10.379549 | BN2: 17.617919 | BO2: 370.79574 | BP2: 48.89314 | BQ2: 5.1897746 | BR2: 22.944267 | BS2: 6.4872182 | BT2: 20.14452 | BU2: 6.9652238 | BV2: 34.279827 | BW2: 11.130701 | BX2: 8.0578079 | BY2: 16.183902 | BZ2: 79.826928 | CA2: 9.4918246 | CB2: 39.333028 | CC2: 14.27188 | CD2: 48.073701 | CE2: 17.822779 | CF2: 9.9698301 | CG2: 13.725588 | CH2: 17.413059 | CI2: 3.1411794 | CJ2: 24.788002 | CK2: 3.0728928 | CL2: 7.9895214 | CM2: 17.413059 | CN2: 9.6966841 | CO2: 0 | CP2: 32.504378 | CQ2: 0 | CR2: 25.675727 | CS2: 14.681599 | CT2: 35.713844 | CU2: 24.105137 | CV2: 12.769577 | CW2: 9.7649706 | CX2: 0.20485952 | CY2: 15.296178 | CZ2: 103.45406 | DA2: 12.291571 | DB2: 31.070361 | DC2: 24.036851 | DD2: 20.963958 | DE2: 6.2140722 | DF2: 71.359401 | DG2: 9.6283976 | DH2: 1.5705897 | DI2: 25.197721 | DJ2: 32.982383 | DK2: 31.548367 | DL2: 10.106403 | DM2: 14.954745 | DN2: 13.179296 | DO2: 13.452442 | DP2: 40.971905 | DQ2: 7.1700833 | DR2: 16.866767 | DS2: 11.950139 | DT2: 12.70129 | DU2: 8.5358135 | DV2: 10.17469 | DW2: 32.367805 | DX2: 20.076233 | DY2: 31.138648 | DZ2: 33.938394 | EA2: 6.1457857 | EB2: 6.2555713 | EC2: 6.3714152 | ED2: 13.206206 | EE2: 11.275474 | EF2: 18.419182 | EG2: 17.878577 | EH2: 14.90525 | EI2: 10.310108 | EJ2: 16.025075 | EK2: 12.74283 | EL2: 10.889328 | EM2: 16.681523 | EN2: 15.098323 | EO2: 26.103495 | EP2: 26.257954 | EQ2: 27.995612 | ER2: 10.039806 | ES2: 18.728099 | ET2: 10.07842 | EU2: 8.8813667 | EV2: 14.364645 | EW2: 13.437894 | EX2: 6.6417177 | EY2: 24.443066 | EZ2: 12.318069 | FA2: 11.584391 | FB2: 12.124996 | FC2: 23.014324 | FD2: 18.457797 | FE2: 16.140919 | FF2: 9.9625765 | FG2: 10.117035 | FH2: 14.40326 | FI2: 17.917192
A3: 05/07/25 00:30 | B3: 34.16336 | C3: 16.749352 | D3: 2.7250929 | E3: 9.3051954 | F3: 8.6405386 | G3: 2.9909557 | H3: 22.531866 | I3: 44.399075 | J3: 10.501578 | K3: 8.9064013 | L3: 26.386876 | M3: 17.08168 | N3: 3.5226811 | O3: 8.2417445 | P3: 3.9879409 | Q3: 8.3746759 | R3: 8.3746759 | S3: 2.5256959 | T3: 3.2568184 | U3: 71.982333 | V3: 7.6435534 | W3: 15.08771 | X3: 4.6525977 | Y3: 2.6586273 | Z3: 19.075651 | AA3: 22.531866 | AB3: 14.755381 | AC3: 10.036318 | AD3: 18.543925 | AE3: 11.565029 | AF3: 33.764566 | AG3: 11.2327 | AH3: 192.35168 | AI3: 89.994533 | AJ3: 48.652879 | AK3: 14.821847 | AL3: 9.5045925 | AM3: 38.683027 | AN3: 18.543925 | AO3: 16.084695 | AP3: 9.3716611 | AQ3: 17.613406 | AR3: 5.9154457 | AS3: 18.145131 | AT3: 10.368646 | AU3: 36.821988 | AV3: 5.9819113 | AW3: 27.317395 | AX3: 15.818832 | AY3: 19.275048 | AZ3: 15.353572 | BA3: 17.08168 | BB3: 49.982192 | BC3: 34.362757 | BD3: 262.67237 | BE3: 7.7764847 | BF3: 52.906682 | BG3: 8.9064013 | BH3: 7.5770877 | BI3: 9.5710581 | BJ3: 36.090865 | BK3: 5.9819113 | BL3: 15.154175 | BM3: 10.102784 | BN3: 17.148146 | BO3: 360.90865 | BP3: 47.589428 | BQ3: 5.0513918 | BR3: 22.332469 | BS3: 6.3142397 | BT3: 19.607376 | BU3: 6.7794995 | BV3: 33.365772 | BW3: 10.833906 | BX3: 7.8429504 | BY3: 15.752367 | BZ3: 77.698382 | CA3: 9.2387297 | CB3: 38.284233 | CC3: 13.891327 | CD3: 46.79184 | CE3: 17.347543 | CF3: 9.7039895 | CG3: 13.359602 | CH3: 16.948749 | CI3: 3.0574213 | CJ3: 24.127042 | CK3: 2.9909557 | CL3: 7.7764847 | CM3: 16.948749 | CN3: 9.4381268 | CO3: 0 | CP3: 31.637664 | CQ3: 0 | CR3: 24.991096 | CS3: 14.290122 | CT3: 34.761551 | CU3: 23.462386 | CV3: 12.429082 | CW3: 9.5045925 | CX3: 0.19939704 | CY3: 14.888313 | CZ3: 100.69551 | DA3: 11.963823 | DB3: 30.241885 | DC3: 23.39592 | DD3: 20.404964 | DE3: 6.048377 | DF3: 69.456637 | DG3: 9.3716611 | DH3: 1.5287107 | DI3: 24.525836 | DJ3: 32.102924 | DK3: 30.707145 | DL3: 9.8369209 | DM3: 14.555984 | DN3: 12.827877 | DO3: 13.093739 | DP3: 39.879409 | DQ3: 6.9788966 | DR3: 16.417023 | DS3: 11.631494 | DT3: 12.362617 | DU3: 8.3082102 | DV3: 9.9033865 | DW3: 31.504733 | DX3: 19.54091 | DY3: 30.308351 | DZ3: 33.033444 | EA3: 5.9819113 | EB3: 5.9497758 | EC3: 6.0599568 | ED3: 12.560638 | EE3: 10.724287 | EF3: 17.518784 | EG3: 17.004606 | EH3: 14.176626 | EI3: 9.806112 | EJ3: 15.24171 | EK3: 12.119914 | EL3: 10.357017 | EM3: 15.866069 | EN3: 14.360261 | EO3: 24.827459 | EP3: 24.974368 | EQ3: 26.627083 | ER3: 9.5490229 | ES3: 17.8126 | ET3: 9.5857499 | EU3: 8.4472125 | EV3: 13.662448 | EW3: 12.781 | EX3: 6.3170459 | EY3: 23.248198 | EZ3: 11.715917 | FA3: 11.018103 | FB3: 11.532281 | FC3: 21.889299 | FD3: 17.555511 | FE3: 15.351891 | FF3: 9.4755689 | FG3: 9.6224769 | FH3: 13.699175 | FI3: 17.041333
A4: 05/07/25 01:00 | B4: 33.623802 | C4: 16.484821 | D4: 2.6820542 | E4: 9.158234 | F4: 8.5040744 | G4: 2.9437181 | H4: 22.176009 | I4: 43.697859 | J4: 10.335721 | K4: 8.7657383 | L4: 25.970135 | M4: 16.811901 | N4: 3.4670457 | O4: 8.1115787 | P4: 3.9249574 | Q4: 8.2424106 | R4: 8.2424106 | S4: 2.4858064 | T4: 3.2053819 | U4: 70.845482 | V4: 7.5228351 | W4: 14.849422 | X4: 4.579117 | Y4: 2.6166383 | Z4: 18.77438 | AA4: 22.176009 | AB4: 14.522342 | AC4: 9.8778095 | AD4: 18.251052 | AE4: 11.382377 | AF4: 33.231306 | AG4: 11.055297 | AH4: 189.31378 | AI4: 88.573206 | AJ4: 47.884481 | AK4: 14.587758 | AL4: 9.3544819 | AM4: 38.072087 | AN4: 18.251052 | AO4: 15.830662 | AP4: 9.22365 | AQ4: 17.335229 | AR4: 5.8220202 | AS4: 17.858556 | AT4: 10.204889 | AU4: 36.24044 | AV4: 5.8874361 | AW4: 26.885958 | AX4: 15.568998 | AY4: 18.970628 | AZ4: 15.111086 | BA4: 16.811901 | BB4: 49.1928 | BC4: 33.82005 | BD4: 258.52386 | BE4: 7.653667 | BF4: 52.071102 | BG4: 8.7657383 | BH4: 7.4574191 | BI4: 9.4198978 | BJ4: 35.520865 | BK4: 5.8874361 | BL4: 14.914838 | BM4: 9.9432255 | BN4: 16.877317 | BO4: 355.20865 | BP4: 46.837825 | BQ4: 4.9716127 | BR4: 21.979762 | BS4: 6.2145159 | BT4: 19.297707 | BU4: 6.6724276 | BV4: 32.838811 | BW4: 10.662801 | BX4: 7.7190829 | BY4: 15.503582 | BZ4: 76.471254 | CA4: 9.092818 | CB4: 37.679591 | CC4: 13.671935 | CD4: 46.052834 | CE4: 17.073565 | CF4: 9.5507297 | CG4: 13.148607 | CH4: 16.681069 | CI4: 3.009134 | CJ4: 23.745992 | CK4: 2.9437181 | CL4: 7.653667 | CM4: 16.681069 | CN4: 9.2890659 | CO4: 0 | CP4: 31.137996 | CQ4: 0 | CR4: 24.5964 | CS4: 14.064431 | CT4: 34.212546 | CU4: 23.091833 | CV4: 12.232784 | CW4: 9.3544819 | CX4: 0.19624787 | CY4: 14.653174 | CZ4: 99.105175 | DA4: 11.774872 | DB4: 29.764261 | DC4: 23.026417 | DD4: 20.082699 | DE4: 5.9528521 | DF4: 68.359675 | DG4: 9.22365 | DH4: 1.504567 | DI4: 24.138488 | DJ4: 31.595907 | DK4: 30.222172 | DL4: 9.6815617 | DM4: 14.326095 | DN4: 12.62528 | DO4: 12.886944 | DP4: 39.249574 | DQ4: 6.8686755 | DR4: 16.157741 | DS4: 11.447793 | DT4: 12.167368 | DU4: 8.1769946 | DV4: 9.7469776 | DW4: 31.007164 | DX4: 19.232291 | DY4: 29.829676 | DZ4: 32.511731 | EA4: 5.8874361 | EB4: 5.7792082 | EC4: 5.8862306 | ED4: 12.200551 | EE4: 10.416844 | EF4: 17.016558 | EG4: 16.51712 | EH4: 13.770212 | EI4: 9.5249914 | EJ4: 14.804762 | EK4: 11.772461 | EL4: 10.060103 | EM4: 15.411222 | EN4: 13.948583 | EO4: 24.115708 | EP4: 24.258405 | EQ4: 25.863741 | ER4: 9.2752725 | ES4: 17.301951 | ET4: 9.3109466 | EU4: 8.2050487 | EV4: 13.270774 | EW4: 12.414595 | EX4: 6.1359495 | EY4: 22.581721 | EZ4: 11.380046 | FA4: 10.702237 | FB4: 11.201675 | FC4: 21.261778 | FD4: 17.052232 | FE4: 14.911784 | FF4: 9.2039242 | FG4: 9.3466207 | FH4: 13.306449 | FI4: 16.552794
A5: 05/07/25 01:30 | B5: 32.759321 | C5: 16.06099 | D5: 2.6130976 | E5: 8.9227722 | F5: 8.2854314 | G5: 2.8680339 | H5: 21.605856 | I5: 42.57437 | J5: 10.069986 | K5: 8.5403677 | L5: 25.302433 | M5: 16.37966 | N5: 3.3779066 | O5: 7.9030268 | P5: 3.8240452 | Q5: 8.030495 | R5: 8.030495 | S5: 2.4218953 | T5: 3.1229703 | U5: 69.024017 | V5: 7.3294201 | W5: 14.467638 | X5: 4.4613861 | Y5: 2.5493635 | Z5: 18.291683 | AA5: 21.605856 | AB5: 14.148967 | AC5: 9.6238472 | AD5: 17.78181 | AE5: 11.089731 | AF5: 32.376916 | AG5: 10.771061 | AH5: 184.44645 | AI5: 86.295954 | AJ5: 46.653352 | AK5: 14.212701 | AL5: 9.1139745 | AM5: 37.093239 | AN5: 17.78181 | AO5: 15.423649 | AP5: 8.9865063 | AQ5: 16.889533 | AR5: 5.6723338 | AS5: 17.399406 | AT5: 9.9425176 | AU5: 35.308684 | AV5: 5.7360679 | AW5: 26.19471 | AX5: 15.168713 | AY5: 18.482885 | AZ5: 14.722574 | BA5: 16.37966 | BB5: 47.928034 | BC5: 32.950523 | BD5: 251.87711 | BE5: 7.4568882 | BF5: 50.732334 | BG5: 8.5403677 | BH5: 7.265686 | BI5: 9.1777086 | BJ5: 34.607609 | BK5: 5.7360679 | BL5: 14.531372 | BM5: 9.6875813 | BN5: 16.443395 | BO5: 346.07609 | BP5: 45.633607 | BQ5: 4.8437906 | BR5: 21.414653 | BS5: 6.0547383 | BT5: 18.801556 | BU5: 6.5008769 | BV5: 31.994512 | BW5: 10.388656 | BX5: 7.5206223 | BY5: 15.104979 | BZ5: 74.505148 | CA5: 8.8590381 | CB5: 36.710834 | CC5: 13.320424 | CD5: 44.868798 | CE5: 16.634597 | CF5: 9.3051768 | CG5: 12.810552 | CH5: 16.252192 | CI5: 2.931768 | CJ5: 23.135474 | CK5: 2.8680339 | CL5: 7.4568882 | CM5: 16.252192 | CN5: 9.0502404 | CO5: 0 | CP5: 30.337426 | CQ5: 0 | CR5: 23.964017 | CS5: 13.702829 | CT5: 33.332928 | CU5: 22.498133 | CV5: 11.918274 | CW5: 9.1139745 | CX5: 0.19120226 | CY5: 14.276436 | CZ5: 96.557142 | DA5: 11.472136 | DB5: 28.99901 | DC5: 22.434399 | DD5: 19.566365 | DE5: 5.799802 | DF5: 66.602121 | DG5: 8.9865063 | DH5: 1.465884 | DI5: 23.517878 | DJ5: 30.783564 | DK5: 29.445148 | DL5: 9.4326449 | DM5: 13.957765 | DN5: 12.300679 | DO5: 12.555615 | DP5: 38.240452 | DQ5: 6.6920792 | DR5: 15.74232 | DS5: 11.153465 | DT5: 11.85454 | DU5: 7.9667609 | DV5: 9.496379 | DW5: 30.209957 | DX5: 18.737822 | DY5: 29.062744 | DZ5: 31.675841 | EA5: 5.7360679 | EB5: 5.5642424 | EC5: 5.6672839 | ED5: 11.746734 | EE5: 10.029375 | EF5: 16.383603 | EG5: 15.902742 | EH5: 13.25801 | EI5: 9.1706958 | EJ5: 14.254078 | EK5: 11.334568 | EL5: 9.6859034 | EM5: 14.83798 | EN5: 13.429746 | EO5: 23.218691 | EP5: 23.356079 | EQ5: 24.901702 | ER5: 8.9302656 | ES5: 16.65838 | ET5: 8.9646128 | EU5: 7.8998503 | EV5: 12.777149 | EW5: 11.952817 | EX5: 5.9077142 | EY5: 21.741762 | EZ5: 10.956749 | FA5: 10.304153 | FB5: 10.785013 | FC5: 20.470916 | FD5: 16.41795 | FE5: 14.357119 | FF5: 8.8615712 | FG5: 8.9989599 | FH5: 12.811496 | FI5: 15.937089
A6: 05/07/25 02:00 | B6: 33.396611 | C6: 16.373436 | D6: 2.663932 | E6: 9.0963533 | F6: 8.4466138 | G6: 2.9238278 | H6: 22.02617 | I6: 43.4026 | J6: 10.265884 | K6: 8.7065096 | L6: 25.794659 | M6: 16.698306 | N6: 3.4436195 | O6: 8.05677 | P6: 3.8984371 | Q6: 8.186718 | R6: 8.186718 | S6: 2.4690102 | T6: 3.1837236 | U6: 70.36679 | V6: 7.4720045 | W6: 14.749087 | X6: 4.5481766 | Y6: 2.5989581 | Z6: 18.647524 | AA6: 22.02617 | AB6: 14.424217 | AC6: 9.8110668 | AD6: 18.127733 | AE6: 11.305468 | AF6: 33.006768 | AG6: 10.980598 | AH6: 188.03462 | AI6: 87.974731 | AJ6: 47.560933 | AK6: 14.489191 | AL6: 9.2912751 | AM6: 37.81484 | AN6: 18.127733 | AO6: 15.723696 | AP6: 9.1613272 | AQ6: 17.218097 | AR6: 5.7826817 | AS6: 17.737889 | AT6: 10.135937 | AU6: 35.995569 | AV6: 5.8476557 | AW6: 26.704294 | AX6: 15.463801 | AY6: 18.842446 | AZ6: 15.008983 | BA6: 16.698306 | BB6: 48.860412 | BC6: 33.591533 | BD6: 256.77706 | BE6: 7.6019524 | BF6: 51.719266 | BG6: 8.7065096 | BH6: 7.4070305 | BI6: 9.3562491 | BJ6: 35.280856 | BK6: 5.8476557 | BL6: 14.814061 | BM6: 9.8760407 | BN6: 16.76328 | BO6: 352.80856 | BP6: 46.52135 | BQ6: 4.9380204 | BR6: 21.831248 | BS6: 6.1725254 | BT6: 19.167316 | BU6: 6.6273431 | BV6: 32.616924 | BW6: 10.590754 | BX6: 7.6669263 | BY6: 15.398827 | BZ6: 75.95455 | CA6: 9.0313793 | CB6: 37.424996 | CC6: 13.579556 | CD6: 45.741662 | CE6: 16.958201 | CF6: 9.486197 | CG6: 13.059764 | CH6: 16.568358 | CI6: 2.9888018 | CJ6: 23.585545 | CK6: 2.9238278 | CL6: 7.6019524 | CM6: 16.568358 | CN6: 9.2263012 | CO6: 0 | CP6: 30.927601 | CQ6: 0 | CR6: 24.430206 | CS6: 13.9694 | CT6: 33.981377 | CU6: 22.935805 | CV6: 12.150129 | CW6: 9.2912751 | CX6: 0.19492186 | CY6: 14.554165 | CZ6: 98.435537 | DA6: 11.695311 | DB6: 29.563148 | DC6: 22.870831 | DD6: 19.947003 | DE6: 5.9126296 | DF6: 67.89778 | DG6: 9.1613272 | DH6: 1.4944009 | DI6: 23.975388 | DJ6: 31.382419 | DK6: 30.017966 | DL6: 9.6161449 | DM6: 14.229295 | DN6: 12.539973 | DO6: 12.799869 | DP6: 38.984371 | DQ6: 6.822265 | DR6: 16.048566 | DS6: 11.370442 | DT6: 12.085155 | DU6: 8.121744 | DV6: 9.6811188 | DW6: 30.797653 | DX6: 19.102342 | DY6: 29.628122 | DZ6: 32.292054 | EA6: 5.8476557 | EB6: 5.6955534 | EC6: 5.8010266 | ED6: 12.023946 | EE6: 10.266059 | EF6: 16.770241 | EG6: 16.278032 | EH6: 13.570887 | EI6: 9.3871158 | EJ6: 14.590461 | EK6: 11.602053 | EL6: 9.9144819 | EM6: 15.188142 | EN6: 13.746675 | EO6: 23.76663 | EP6: 23.907261 | EQ6: 25.489359 | ER6: 9.1410117 | ES6: 17.051503 | ET6: 9.1761694 | EU6: 8.0862796 | EV6: 13.078678 | EW6: 12.234893 | EX6: 6.0471308 | EY6: 22.254848 | EZ6: 11.215318 | FA6: 10.547321 | FB6: 11.039529 | FC6: 20.954011 | FD6: 16.805398 | FE6: 14.695934 | FF6: 9.0706962 | FG6: 9.2113271 | FH6: 13.113836 | FI6: 16.31319
A7: 05/07/25 02:30 | B7: 32.820898 | C7: 16.09118 | D7: 2.6180094 | E7: 8.9395443 | F7: 8.3010054 | G7: 2.873425 | H7: 21.646468 | I7: 42.654397 | J7: 10.088914 | K7: 8.556421 | L7: 25.349994 | M7: 16.410449 | N7: 3.3842561 | O7: 7.9178821 | P7: 3.8312333 | Q7: 8.0455899 | R7: 8.0455899 | S7: 2.4264477 | T7: 3.1288405 | U7: 69.153761 | V7: 7.3431971 | W7: 14.494833 | X7: 4.4697722 | Y7: 2.5541555 | Z7: 18.326066 | AA7: 21.646468 | AB7: 14.175563 | AC7: 9.6419371 | AD7: 17.815235 | AE7: 11.110577 | AF7: 32.437775 | AG7: 10.791307 | AH7: 184.79315 | AI7: 86.458164 | AJ7: 46.741046 | AK7: 14.239417 | AL7: 9.131106 | AM7: 37.162963 | AN7: 17.815235 | AO7: 15.452641 | AP7: 9.0033982 | AQ7: 16.92128 | AR7: 5.682996 | AS7: 17.432111 | AT7: 9.9612065 | AU7: 35.375054 | AV7: 5.7468499 | AW7: 26.243948 | AX7: 15.197225 | AY7: 18.517628 | AZ7: 14.750248 | BA7: 16.410449 | BB7: 48.018124 | BC7: 33.01246 | BD7: 252.35057 | BE7: 7.4709049 | BF7: 50.827695 | BG7: 8.556421 | BH7: 7.2793432 | BI7: 9.1949599 | BJ7: 34.672661 | BK7: 5.7468499 | BL7: 14.558686 | BM7: 9.705791 | BN7: 16.474303 | BO7: 346.72661 | BP7: 45.719384 | BQ7: 4.8528955 | BR7: 21.454906 | BS7: 6.0661194 | BT7: 18.836897 | BU7: 6.5130966 | BV7: 32.054652 | BW7: 10.408184 | BX7: 7.5347588 | BY7: 15.133371 | BZ7: 74.645195 | CA7: 8.8756904 | CB7: 36.779839 | CC7: 13.345463 | CD7: 44.953137 | CE7: 16.665865 | CF7: 9.3226676 | CG7: 12.834631 | CH7: 16.282741 | CI7: 2.9372788 | CJ7: 23.178961 | CK7: 2.873425 | CL7: 7.4709049 | CM7: 16.282741 | CN7: 9.0672521 | CO7: 0 | CP7: 30.394451 | CQ7: 0 | CR7: 24.009062 | CS7: 13.728586 | CT7: 33.395583 | CU7: 22.540422 | CV7: 11.940677 | CW7: 9.131106 | CX7: 0.19156166 | CY7: 14.303271 | CZ7: 96.73864 | DA7: 11.4937 | DB7: 29.053519 | DC7: 22.476569 | DD7: 19.603144 | DE7: 5.8107038 | DF7: 66.727313 | DG7: 9.0033982 | DH7: 1.4686394 | DI7: 23.562085 | DJ7: 30.841428 | DK7: 29.500496 | DL7: 9.4503754 | DM7: 13.984001 | DN7: 12.3238 | DO7: 12.579216 | DP7: 38.312333 | DQ7: 6.7046582 | DR7: 15.77191 | DS7: 11.17443 | DT7: 11.876823 | DU7: 7.981736 | DV7: 9.5142293 | DW7: 30.266743 | DX7: 18.773043 | DY7: 29.117373 | DZ7: 31.735382 | EA7: 5.7468499 | EB7: 5.591058 | EC7: 5.6945961 | ED7: 11.803345 | EE7: 10.077709 | EF7: 16.46256 | EG7: 15.979382 | EH7: 13.321904 | EI7: 9.2148918 | EJ7: 14.322772 | EK7: 11.389192 | EL7: 9.7325824 | EM7: 14.909488 | EN7: 13.494467 | EO7: 23.330588 | EP7: 23.468638 | EQ7: 25.02171 | ER7: 8.9733029 | ES7: 16.738661 | ET7: 9.0078156 | EU7: 7.9379218 | EV7: 12.838726 | EW7: 12.010421 | EX7: 5.936185 | EY7: 21.846541 | EZ7: 11.009552 | FA7: 10.353811 | FB7: 10.836989 | FC7: 20.569571 | FD7: 16.497072 | FE7: 14.42631 | FF7: 8.9042775 | FG7: 9.0423283 | FH7: 12.873238 | FI7: 16.013894
A8: 05/07/25 03:00 | B8: 32.407881 | C8: 15.888689 | D8: 2.5850645 | E8: 8.8270494 | F8: 8.1965459 | G8: 2.8372659 | H8: 21.37407 | I8: 42.117636 | J8: 9.9619557 | K8: 8.4487473 | L8: 25.03099 | M8: 16.203941 | N8: 3.3416687 | O8: 7.8182437 | P8: 3.7830212 | Q8: 7.9443444 | R8: 7.9443444 | S8: 2.3959134 | T8: 3.0894673 | U8: 68.283532 | V8: 7.2507906 | W8: 14.31243 | X8: 4.4135247 | Y8: 2.5220141 | Z8: 18.095451 | AA8: 21.37407 | AB8: 13.997178 | AC8: 9.5206033 | AD8: 17.591048 | AE8: 10.970761 | AF8: 32.029579 | AG8: 10.65551 | AH8: 182.46772 | AI8: 85.370178 | AJ8: 46.152858 | AK8: 14.060229 | AL8: 9.0162004 | AM8: 36.695305 | AN8: 17.591048 | AO8: 15.258185 | AP8: 8.8900997 | AQ8: 16.708343 | AR8: 5.6114814 | AS8: 17.212746 | AT8: 9.835855 | AU8: 34.929895 | AV8: 5.6745317 | AW8: 25.913695 | AX8: 15.005984 | AY8: 18.284602 | AZ8: 14.564631 | BA8: 16.203941 | BB8: 47.413865 | BC8: 32.597032 | BD8: 249.17499 | BE8: 7.3768913 | BF8: 50.188081 | BG8: 8.4487473 | BH8: 7.1877402 | BI8: 9.0792508 | BJ8: 34.236342 | BK8: 5.6745317 | BL8: 14.37548 | BM8: 9.5836536 | BN8: 16.266991 | BO8: 342.36342 | BP8: 45.144053 | BQ8: 4.7918268 | BR8: 21.184919 | BS8: 5.9897835 | BT8: 18.599854 | BU8: 6.431136 | BV8: 31.651277 | BW8: 10.277207 | BX8: 7.4399416 | BY8: 14.942934 | BZ8: 73.705862 | CA8: 8.763999 | CB8: 36.317003 | CC8: 13.177524 | CD8: 44.387448 | CE8: 16.456142 | CF8: 9.2053515 | CG8: 12.673121 | CH8: 16.07784 | CI8: 2.9003162 | CJ8: 22.887278 | CK8: 2.8372659 | CL8: 7.3768913 | CM8: 16.07784 | CN8: 8.9531501 | CO8: 0 | CP8: 30.011968 | CQ8: 0 | CR8: 23.706933 | CS8: 13.555826 | CT8: 32.975334 | CU8: 22.256775 | CV8: 11.790416 | CW8: 9.0162004 | CX8: 0.18915106 | CY8: 14.123279 | CZ8: 95.521284 | DA8: 11.349063 | DB8: 28.68791 | DC8: 22.193724 | DD8: 19.356458 | DE8: 5.7375821 | DF8: 65.887619 | DG8: 8.8900997 | DH8: 1.4501581 | DI8: 23.26558 | DJ8: 30.45332 | DK8: 29.129263 | DL8: 9.3314522 | DM8: 13.808027 | DN8: 12.168718 | DO8: 12.420919 | DP8: 37.830212 | DQ8: 6.620287 | DR8: 15.573437 | DS8: 11.033812 | DT8: 11.727366 | DU8: 7.8812941 | DV8: 9.3945026 | DW8: 29.885867 | DX8: 18.536804 | DY8: 28.750961 | DZ8: 31.336025 | EA8: 5.6745317 | EB8: 5.4934824 | EC8: 5.5952136 | ED8: 11.597352 | EE8: 9.9018325 | EF8: 16.175254 | EG8: 15.700508 | EH8: 13.089409 | EI8: 9.0540729 | EJ8: 14.07281 | EK8: 11.190427 | EL8: 9.5627287 | EM8: 14.649286 | EN8: 13.258961 | EO8: 22.92342 | EP8: 23.059062 | EQ8: 24.585029 | ER8: 8.8167002 | ES8: 16.446537 | ET8: 8.8506106 | EU8: 7.7993886 | EV8: 12.614663 | EW8: 11.800814 | EX8: 5.8325863 | EY8: 21.465274 | EZ8: 10.817413 | FA8: 10.173116 | FB8: 10.647861 | FC8: 20.21059 | FD8: 16.209164 | FE8: 14.174541 | FF8: 8.7488794 | FG8: 8.884521 | FH8: 12.648574 | FI8: 15.734419
A9: 05/07/25 03:30 | B9: 31.947769 | C9: 15.663109 | D9: 2.5483629 | E9: 8.7017271 | F9: 8.0801751 | G9: 2.7969837 | H9: 21.070611 | I9: 41.519669 | J9: 9.8205206 | K9: 8.3287959 | L9: 24.675612 | M9: 15.973885 | N9: 3.2942252 | O9: 7.707244 | P9: 3.7293116 | Q9: 7.8315544 | R9: 7.8315544 | S9: 2.3618973 | T9: 3.0456045 | U9: 67.314074 | V9: 7.1478472 | W9: 14.109229 | X9: 4.3508635 | Y9: 2.4862077 | Z9: 17.838541 | AA9: 21.070611 | AB9: 13.798453 | AC9: 9.3854342 | AD9: 17.341299 | AE9: 10.815004 | AF9: 31.574838 | AG9: 10.504228 | AH9: 179.87713 | AI9: 84.158132 | AJ9: 45.497602 | AK9: 13.860608 | AL9: 8.8881927 | AM9: 36.174323 | AN9: 17.341299 | AO9: 15.041557 | AP9: 8.7638823 | AQ9: 16.471126 | AR9: 5.5318122 | AS9: 16.968368 | AT9: 9.6962102 | AU9: 34.433977 | AV9: 5.5939674 | AW9: 25.545784 | AX9: 14.792936 | AY9: 18.025006 | AZ9: 14.35785 | BA9: 15.973885 | BB9: 46.740705 | BC9: 32.134235 | BD9: 245.63732 | BE9: 7.2721576 | BF9: 49.475534 | BG9: 8.3287959 | BH9: 7.085692 | BI9: 8.9503478 | BJ9: 33.75027 | BK9: 5.5939674 | BL9: 14.171384 | BM9: 9.4475894 | BN9: 16.03604 | BO9: 337.5027 | BP9: 44.503118 | BQ9: 4.7237947 | BR9: 20.884145 | BS9: 5.9047434 | BT9: 18.335782 | BU9: 6.3398297 | BV9: 31.201907 | BW9: 10.131297 | BX9: 7.3343128 | BY9: 14.730781 | BZ9: 72.659421 | CA9: 8.6395719 | CB9: 35.801391 | CC9: 12.990435 | CD9: 43.757256 | CE9: 16.222505 | CF9: 9.0746582 | CG9: 12.493194 | CH9: 15.849574 | CI9: 2.8591389 | CJ9: 22.562335 | CK9: 2.7969837 | CL9: 7.2721576 | CM9: 15.849574 | CN9: 8.8260375 | CO9: 0 | CP9: 29.585872 | CQ9: 0 | CR9: 23.370353 | CS9: 13.363367 | CT9: 32.507166 | CU9: 21.940783 | CV9: 11.623021 | CW9: 8.8881927 | CX9: 0.18646558 | CY9: 13.922763 | CZ9: 94.165118 | DA9: 11.187935 | DB9: 28.280613 | DC9: 21.878628 | DD9: 19.081644 | DE9: 5.6561226 | DF9: 64.952177 | DG9: 8.7638823 | DH9: 1.4295694 | DI9: 22.935266 | DJ9: 30.020958 | DK9: 28.715699 | DL9: 9.1989686 | DM9: 13.611987 | DN9: 11.995952 | DO9: 12.244573 | DP9: 37.293116 | DQ9: 6.5262953 | DR9: 15.352333 | DS9: 10.877159 | DT9: 11.560866 | DU9: 7.7693992 | DV9: 9.2611238 | DW9: 29.461562 | DX9: 18.273627 | DY9: 28.342768 | DZ9: 30.891131 | EA9: 5.5939674 | EB9: 5.3827944 | EC9: 5.4824758 | ED9: 11.363677 | EE9: 9.7023208 | EF9: 15.849339 | EG9: 15.384159 | EH9: 12.825671 | EI9: 8.8716427 | EJ9: 13.789257 | EK9: 10.964952 | EL9: 9.3700496 | EM9: 14.354119 | EN9: 12.991806 | EO9: 22.461537 | EP9: 22.594446 | EQ9: 24.089666 | ER9: 8.6390528 | ES9: 16.115156 | ET9: 8.6722799 | EU9: 7.642239 | EV9: 12.360491 | EW9: 11.56304 | EX9: 5.7150657 | EY9: 21.032771 | EZ9: 10.599453 | FA9: 9.9681379 | FB9: 10.433318 | FC9: 19.803367 | FD9: 15.882566 | FE9: 13.888939 | FF9: 8.5725986 | FG9: 8.7055071 | FH9: 12.393718 | FI9: 15.417387
A10: 05/07/25 04:00 | B10: 32.058838 | C10: 15.717563 | D10: 2.5572225 | E10: 8.7319792 | F10: 8.1082664 | G10: 2.8067076 | H10: 21.143864 | I10: 41.664015 | J10: 9.8546623 | K10: 8.3577516 | L10: 24.761398 | M10: 16.029419 | N10: 3.3056779 | O10: 7.7340388 | P10: 3.7422768 | Q10: 7.8587813 | R10: 7.8587813 | S10: 2.3701087 | T10: 3.0561927 | U10: 67.548097 | V10: 7.1726972 | W10: 14.158281 | X10: 4.3659896 | Y10: 2.4948512 | Z10: 17.900557 | AA10: 21.143864 | AB10: 13.846424 | AC10: 9.4180633 | AD10: 17.401587 | AE10: 10.852603 | AF10: 31.68461 | AG10: 10.540746 | AH10: 180.50249 | AI10: 84.450714 | AJ10: 45.655777 | AK10: 13.908796 | AL10: 8.9190931 | AM10: 36.300085 | AN10: 17.401587 | AO10: 15.09385 | AP10: 8.7943505 | AQ10: 16.528389 | AR10: 5.5510439 | AS10: 17.02736 | AT10: 9.7299197 | AU10: 34.553689 | AV10: 5.6134152 | AW10: 25.634596 | AX10: 14.844365 | AY10: 18.087671 | AZ10: 14.407766 | BA10: 16.029419 | BB10: 46.903203 | BC10: 32.245952 | BD10: 246.4913 | BE10: 7.2974398 | BF10: 49.647539 | BG10: 8.3577516 | BH10: 7.110326 | BI10: 8.9814644 | BJ10: 33.867605 | BK10: 5.6134152 | BL10: 14.220652 | BM10: 9.4804346 | BN10: 16.09179 | BO10: 338.67605 | BP10: 44.657837 | BQ10: 4.7402173 | BR10: 20.95675 | BS10: 5.9252716 | BT10: 18.399528 | BU10: 6.3618706 | BV10: 31.310383 | BW10: 10.166519 | BX10: 7.3598111 | BY10: 14.781993 | BZ10: 72.912027 | CA10: 8.669608 | CB10: 35.925857 | CC10: 13.035598 | CD10: 43.909381 | CE10: 16.278904 | CF10: 9.1062069 | CG10: 12.536627 | CH10: 15.904676 | CI10: 2.8690789 | CJ10: 22.640775 | CK10: 2.8067076 | CL10: 7.2974398 | CM10: 15.904676 | CN10: 8.8567218 | CO10: 0 | CP10: 29.688729 | CQ10: 0 | CR10: 23.451601 | CS10: 13.409825 | CT10: 32.62018 | CU10: 22.017062 | CV10: 11.663429 | CW10: 8.9190931 | CX10: 0.18711384 | CY10: 13.971167 | CZ10: 94.49249 | DA10: 11.22683 | DB10: 28.378933 | DC10: 21.954691 | DD10: 19.147983 | DE10: 5.6757865 | DF10: 65.177988 | DG10: 8.7943505 | DH10: 1.4345394 | DI10: 23.015002 | DJ10: 30.125328 | DK10: 28.815532 | DL10: 9.2309495 | DM10: 13.65931 | DN10: 12.037657 | DO10: 12.287142 | DP10: 37.422768 | DQ10: 6.5489844 | DR10: 15.405706 | DS10: 10.914974 | DT10: 11.601058 | DU10: 7.79641 | DV10: 9.2933208 | DW10: 29.563987 | DX10: 18.337156 | DY10: 28.441304 | DZ10: 30.998526 | EA10: 5.6134152 | EB10: 5.4031004 | EC10: 5.5031578 | ED10: 11.406545 | EE10: 9.7389217 | EF10: 15.909129 | EG10: 15.442194 | EH10: 12.874054 | EI10: 8.9051099 | EJ10: 13.841276 | EK10: 11.006316 | EL10: 9.405397 | EM10: 14.408268 | EN10: 13.040816 | EO10: 22.546271 | EP10: 22.679681 | EQ10: 24.180542 | ER10: 8.6716426 | ES10: 16.175949 | ET10: 8.7049951 | EU10: 7.6710685 | EV10: 12.407119 | EW10: 11.60666 | EX10: 5.7366251 | EY10: 21.112115 | EZ10: 10.639438 | FA10: 10.005741 | FB10: 10.472676 | FC10: 19.878073 | FD10: 15.942481 | FE10: 13.941333 | FF10: 8.6049377 | FG10: 8.7383476 | FH10: 12.440472 | FI10: 15.475547
A11: 05/07/25 04:30 | B11: 31.838368 | C11: 15.609472 | D11: 2.5396363 | E11: 8.671929 | F11: 8.0525055 | G11: 2.7874057 | H11: 20.998457 | I11: 41.37749 | J11: 9.7868913 | K11: 8.3002749 | L11: 24.591113 | M11: 15.919184 | N11: 3.2829445 | O11: 7.6808514 | P11: 3.716541 | Q11: 7.8047361 | R11: 7.8047361 | S11: 2.3538093 | T11: 3.0351751 | U11: 67.083565 | V11: 7.1233702 | W11: 14.060913 | X11: 4.3359645 | Y11: 2.477694 | Z11: 17.777454 | AA11: 20.998457 | AB11: 13.751202 | AC11: 9.3532948 | AD11: 17.281916 | AE11: 10.777969 | AF11: 31.466714 | AG11: 10.468257 | AH11: 179.26116 | AI11: 83.869942 | AJ11: 45.3418 | AK11: 13.813144 | AL11: 8.857756 | AM11: 36.050448 | AN11: 17.281916 | AO11: 14.990049 | AP11: 8.7338713 | AQ11: 16.414723 | AR11: 5.5128691 | AS11: 16.910261 | AT11: 9.6630066 | AU11: 34.316062 | AV11: 5.5748115 | AW11: 25.458306 | AX11: 14.742279 | AY11: 17.963281 | AZ11: 14.308683 | BA11: 15.919184 | BB11: 46.580647 | BC11: 32.024195 | BD11: 244.79617 | BE11: 7.2472549 | BF11: 49.30611 | BG11: 8.3002749 | BH11: 7.0614279 | BI11: 8.9196984 | BJ11: 33.634696 | BK11: 5.5748115 | BL11: 14.122856 | BM11: 9.4152372 | BN11: 15.981126 | BO11: 336.34696 | BP11: 44.350722 | BQ11: 4.7076186 | BR11: 20.81263 | BS11: 5.8845232 | BT11: 18.272993 | BU11: 6.3181197 | BV11: 31.09506 | BW11: 10.096603 | BX11: 7.3091973 | BY11: 14.680337 | BZ11: 72.410607 | CA11: 8.6099866 | CB11: 35.678793 | CC11: 12.945951 | CD11: 43.607414 | CE11: 16.166953 | CF11: 9.0435831 | CG11: 12.450412 | CH11: 15.795299 | CI11: 2.8493481 | CJ11: 22.485073 | CK11: 2.7874057 | CL11: 7.2472549 | CM11: 15.795299 | CN11: 8.7958137 | CO11: 0 | CP11: 29.484559 | CQ11: 0 | CR11: 23.290324 | CS11: 13.317605 | CT11: 32.395849 | CU11: 21.865649 | CV11: 11.583219 | CW11: 8.857756 | CX11: 0.18582705 | CY11: 13.875086 | CZ11: 93.84266 | DA11: 11.149623 | DB11: 28.183769 | DC11: 21.803707 | DD11: 19.016301 | DE11: 5.6367538 | DF11: 64.729756 | DG11: 8.7338713 | DH11: 1.424674 | DI11: 22.856727 | DJ11: 29.918155 | DK11: 28.617366 | DL11: 9.1674678 | DM11: 13.565375 | DN11: 11.954874 | DO11: 12.202643 | DP11: 37.16541 | DQ11: 6.5039467 | DR11: 15.29976 | DS11: 10.839911 | DT11: 11.521277 | DU11: 7.7427937 | DV11: 9.2294101 | DW11: 29.360674 | DX11: 18.211051 | DY11: 28.245712 | DZ11: 30.785348 | EA11: 5.5748115 | EB11: 5.3472932 | EC11: 5.4463172 | ED11: 11.28873 | EE11: 9.638331 | EF11: 15.744808 | EG11: 15.282696 | EH11: 12.741081 | EI11: 8.8131314 | EJ11: 13.698313 | EK11: 10.892634 | EL11: 9.3082512 | EM11: 14.259449 | EN11: 12.906121 | EO11: 22.313396 | EP11: 22.445428 | EQ11: 23.930788 | ER11: 8.5820755 | ES11: 16.008872 | ET11: 8.6150835 | EU11: 7.591836 | EV11: 12.27897 | EW11: 11.486778 | EX11: 5.677373 | EY11: 20.894053 | EZ11: 10.529547 | FA11: 9.9023948 | FB11: 10.364507 | FC11: 19.672758 | FD11: 15.777816 | FE11: 13.797337 | FF11: 8.5160596 | FG11: 8.6480915 | FH11: 12.311978 | FI11: 15.315704
A12: 05/07/25 05:00 | B12: 31.569917 | C12: 15.477858 | D12: 2.518223 | E12: 8.5988101 | F12: 7.9846094 | G12: 2.7639032 | H12: 20.821404 | I12: 41.028608 | J12: 9.7043714 | K12: 8.2302897 | L12: 24.383769 | M12: 15.784959 | N12: 3.2552638 | O12: 7.6160889 | P12: 3.6852043 | Q12: 7.7389291 | R12: 7.7389291 | S12: 2.3339627 | T12: 3.0095835 | U12: 66.517938 | V12: 7.0633083 | W12: 13.942356 | X12: 4.2994051 | Y12: 2.4568029 | Z12: 17.627561 | AA12: 20.821404 | AB12: 13.635256 | AC12: 9.2744309 | AD12: 17.1362 | AE12: 10.687093 | AF12: 31.201397 | AG12: 10.379992 | AH12: 177.74969 | AI12: 83.162778 | AJ12: 44.959493 | AK12: 13.696676 | AL12: 8.7830703 | AM12: 35.746482 | AN12: 17.1362 | AO12: 14.863657 | AP12: 8.6602302 | AQ12: 16.276319 | AR12: 5.4663864 | AS12: 16.76768 | AT12: 9.5815313 | AU12: 34.02672 | AV12: 5.5278065 | AW12: 25.24365 | AX12: 14.617977 | AY12: 17.811821 | AZ12: 14.188037 | BA12: 15.784959 | BB12: 46.187894 | BC12: 31.754177 | BD12: 242.73213 | BE12: 7.1861484 | BF12: 48.890377 | BG12: 8.2302897 | BH12: 7.0018882 | BI12: 8.8444904 | BJ12: 33.351099 | BK12: 5.5278065 | BL12: 14.003776 | BM12: 9.335851 | BN12: 15.846379 | BO12: 333.51099 | BP12: 43.976772 | BQ12: 4.6679255 | BR12: 20.637144 | BS12: 5.8349069 | BT12: 18.118921 | BU12: 6.2648474 | BV12: 30.832876 | BW12: 10.011472 | BX12: 7.2475685 | BY12: 14.556557 | BZ12: 71.800064 | CA12: 8.53739 | CB12: 35.377962 | CC12: 12.836795 | CD12: 43.239731 | CE12: 16.030639 | CF12: 8.9673305 | CG12: 12.345435 | CH12: 15.662118 | CI12: 2.8253233 | CJ12: 22.295486 | CK12: 2.7639032 | CL12: 7.1861484 | CM12: 15.662118 | CN12: 8.7216502 | CO12: 0 | CP12: 29.235954 | CQ12: 0 | CR12: 23.093947 | CS12: 13.205316 | CT12: 32.122698 | CU12: 21.681285 | CV12: 11.485553 | CW12: 8.7830703 | CX12: 0.18426022 | CY12: 13.758096 | CZ12: 93.051409 | DA12: 11.055613 | DB12: 27.946133 | DC12: 21.619865 | DD12: 18.855962 | DE12: 5.5892266 | DF12: 64.183975 | DG12: 8.6602302 | DH12: 1.4126617 | DI12: 22.664007 | DJ12: 29.665895 | DK12: 28.376073 | DL12: 9.0901707 | DM12: 13.450996 | DN12: 11.854074 | DO12: 12.099754 | DP12: 36.852043 | DQ12: 6.4491076 | DR12: 15.170758 | DS12: 10.748513 | DT12: 11.424133 | DU12: 7.677509 | DV12: 9.1515908 | DW12: 29.113114 | DX12: 18.057501 | DY12: 28.007553 | DZ12: 30.525776 | EA12: 5.5278065 | EB12: 5.3676489 | EC12: 5.4670498 | ED12: 11.331703 | EE12: 9.6750215 | EF12: 15.804744 | EG12: 15.340873 | EH12: 12.789583 | EI12: 8.8466806 | EJ12: 13.750459 | EK12: 10.9341 | EL12: 9.3436851 | EM12: 14.31373 | EN12: 12.955251 | EO12: 22.398337 | EP12: 22.530872 | EQ12: 24.021886 | ER12: 8.6147452 | ES12: 16.069813 | ET12: 8.6478788 | EU12: 7.6207361 | EV12: 12.325712 | EW12: 11.530505 | EX12: 5.6989853 | EY12: 20.973591 | EZ12: 10.56963 | FA12: 9.9400906 | FB12: 10.403961 | FC12: 19.747647 | FD12: 15.837878 | FE12: 13.84986 | FF12: 8.5484779 | FG12: 8.6810124 | FH12: 12.358846 | FI12: 15.374007
A13: 05/07/25 05:30 | B13: 31.573355 | C13: 15.479544 | D13: 2.5184972 | E13: 8.5997466 | F13: 7.985479 | G13: 2.7642043 | H13: 20.823672 | I13: 41.033077 | J13: 9.7054283 | K13: 8.231186 | L13: 24.386424 | M13: 15.786678 | N13: 3.2556184 | O13: 7.6169184 | P13: 3.6856057 | Q13: 7.739772 | R13: 7.739772 | S13: 2.3342169 | T13: 3.0099113 | U13: 66.525183 | V13: 7.0640776 | W13: 13.943875 | X13: 4.2998733 | Y13: 2.4570705 | Z13: 17.629481 | AA13: 20.823672 | AB13: 13.636741 | AC13: 9.275441 | AD13: 17.138066 | AE13: 10.688257 | AF13: 31.204795 | AG13: 10.381123 | AH13: 177.76905 | AI13: 83.171835 | AJ13: 44.964389 | AK13: 13.698168 | AL13: 8.7840269 | AM13: 35.750375 | AN13: 17.138066 | AO13: 14.865276 | AP13: 8.6611734 | AQ13: 16.278092 | AR13: 5.4669818 | AS13: 16.769506 | AT13: 9.5825748 | AU13: 34.030426 | AV13: 5.5284085 | AW13: 25.246399 | AX13: 14.619569 | AY13: 17.813761 | AZ13: 14.189582 | BA13: 15.786678 | BB13: 46.192925 | BC13: 31.757636 | BD13: 242.75856 | BE13: 7.1869311 | BF13: 48.895702 | BG13: 8.231186 | BH13: 7.0026508 | BI13: 8.8454537 | BJ13: 33.354732 | BK13: 5.5284085 | BL13: 14.005302 | BM13: 9.3368678 | BN13: 15.848104 | BO13: 333.54732 | BP13: 43.981561 | BQ13: 4.6684339 | BR13: 20.639392 | BS13: 5.8355423 | BT13: 18.120895 | BU13: 6.2655297 | BV13: 30.836234 | BW13: 10.012562 | BX13: 7.2483579 | BY13: 14.558142 | BZ13: 71.807884 | CA13: 8.5383199 | CB13: 35.381815 | CC13: 12.838193 | CD13: 43.24444 | CE13: 16.032385 | CF13: 8.9683072 | CG13: 12.346779 | CH13: 15.663824 | CI13: 2.825631 | CJ13: 22.297914 | CK13: 2.7642043 | CL13: 7.1869311 | CM13: 15.663824 | CN13: 8.7226001 | CO13: 0 | CP13: 29.239138 | CQ13: 0 | CR13: 23.096462 | CS13: 13.206754 | CT13: 32.126196 | CU13: 21.683647 | CV13: 11.486804 | CW13: 8.7840269 | CX13: 0.18428028 | CY13: 13.759595 | CZ13: 93.061544 | DA13: 11.056817 | DB13: 27.949176 | DC13: 21.62222 | DD13: 18.858016 | DE13: 5.5898353 | DF13: 64.190966 | DG13: 8.6611734 | DH13: 1.4128155 | DI13: 22.666475 | DJ13: 29.669126 | DK13: 28.379164 | DL13: 9.0911607 | DM13: 13.452461 | DN13: 11.855365 | DO13: 12.101072 | DP13: 36.856057 | DQ13: 6.44981 | DR13: 15.17241 | DS13: 10.749683 | DT13: 11.425378 | DU13: 7.6783452 | DV13: 9.1525875 | DW13: 29.116285 | DX13: 18.059468 | DY13: 28.010603 | DZ13: 30.5291 | EA13: 5.5284085 | EB13: 5.493041 | EC13: 5.594764 | ED13: 11.59642 | EE13: 9.9010368 | EF13: 16.173954 | EG13: 15.699247 | EH13: 13.088357 | EI13: 9.0533453 | EJ13: 14.071679 | EK13: 11.189528 | EL13: 9.5619602 | EM13: 14.648109 | EN13: 13.257895 | EO13: 22.921578 | EP13: 23.057209 | EQ13: 24.583054 | ER13: 8.8159917 | ES13: 16.445215 | ET13: 8.8498994 | EU13: 7.7987619 | EV13: 12.61365 | EW13: 11.799866 | EX13: 5.8321176 | EY13: 21.463549 | EZ13: 10.816544 | FA13: 10.172298 | FB13: 10.647005 | FC13: 20.208966 | FD13: 16.207862 | FE13: 14.173402 | FF13: 8.7481764 | FG13: 8.883807 | FH13: 12.647557 | FI13: 15.733154
... A49: 05/07/25 23:30 | B49: 33.988214 | C49: 16.663482 | D49: 2.7111221 | E49: 9.2574901 | F49: 8.5962408 | G49: 2.9756218 | H49: 22.416351 | I49: 44.171453 | J49: 10.447739 | K49: 8.8607405 | L49: 26.251597 | M49: 16.994107 | N49: 3.5046212 | O49: 8.1994912 | P49: 3.9674957 | Q49: 8.3317411 | R49: 8.3317411 | S49: 2.5127473 | T49: 3.2401215 | U49: 71.613298 | V49: 7.6043668 | W49: 15.010359 | X49: 4.628745 | Y49: 2.6449972 | Z49: 18.977855 | AA49: 22.416351 | AB49: 14.679734 | AC49: 9.9848643 | AD49: 18.448855 | AE49: 11.505738 | AF49: 33.591464 | AG49: 11.175113 | AH49: 191.36554 | AI49: 89.533154 | AJ49: 48.403448 | AK49: 14.745859 | AL49: 9.4558649 | AM49: 38.484709 | AN49: 18.448855 | AO49: 16.002233 | AP49: 9.323615 | AQ49: 17.523106 | AR49: 5.8851187 | AS49: 18.052106 | AT49: 10.315489 | AU49: 36.633211 | AV49: 5.9512436 | AW49: 27.177346 | AX49: 15.737733 | AY49: 19.176229 | AZ49: 15.274859 | BA49: 16.994107 | BB49: 49.725947 | BC49: 34.186588 | BD49: 261.32572 | BE49: 7.7366167 | BF49: 52.635444 | BG49: 8.8607405 | BH49: 7.5382419 | BI49: 9.5219898 | BJ49: 35.905836 | BK49: 5.9512436 | BL49: 15.076484 | BM49: 10.050989 | BN49: 17.060232 | BO49: 359.05836 | BP49: 47.345449 | BQ49: 5.0254946 | BR49: 22.217976 | BS49: 6.2818683 | BT49: 19.506854 | BU49: 6.7447428 | BV49: 33.194714 | BW49: 10.778363 | BX49: 7.8027416 | BY49: 15.671608 | BZ49: 77.300042 | CA49: 9.1913651 | CB49: 38.087959 | CC49: 13.82011 | CD49: 46.55195 | CE49: 17.258606 | CF49: 9.6542396 | CG49: 13.291111 | CH49: 16.861857 | CI49: 3.0417467 | CJ49: 24.003349 | CK49: 2.9756218 | CL49: 7.7366167 | CM49: 16.861857 | CN49: 9.3897399 | CO49: 0 | CP49: 31.475466 | CQ49: 0 | CR49: 24.862973 | CS49: 14.21686 | CT49: 34.583338 | CU49: 23.3421 | CV49: 12.365362 | CW49: 9.4558649 | CX49: 0.19837479 | CY49: 14.811984 | CZ49: 100.17927 | DA49: 11.902487 | DB49: 30.086843 | DC49: 23.275975 | DD49: 20.300353 | DE49: 6.0173685 | DF49: 69.100551 | DG49: 9.323615 | DH49: 1.5208734 | DI49: 24.400099 | DJ49: 31.938341 | DK49: 30.549717 | DL49: 9.7864895 | DM49: 14.481359 | DN49: 12.762111 | DO49: 13.026611 | DP49: 39.674957 | DQ49: 6.9431176 | DR49: 16.332857 | DS49: 11.571863 | DT49: 12.299237 | DU49: 8.2656161 | DV49: 9.8526144 | DW49: 31.343216 | DX49: 19.440729 | DY49: 30.152968 | DZ49: 32.86409 | EA49: 5.9512436 | EB49: 7.3233314 | EC49: 7.4589486 | ED49: 15.460366 | EE49: 13.200079 | EF49: 21.563142 | EG49: 20.930262 | EH49: 17.449419 | EI49: 12.069935 | EJ49: 18.760386 | EK49: 14.917897 | EL49: 12.748021 | EM49: 19.528884 | EN49: 17.675448 | EO49: 30.559086 | EP49: 30.739909 | EQ49: 32.774168 | ER49: 11.753495 | ES49: 21.924788 | ET49: 11.798701 | EU49: 10.397322 | EV49: 16.816539 | EW49: 15.731601 | EX49: 7.7753889 | EY49: 28.615239 | EZ49: 14.420634 | FA49: 13.561725 | FB49: 14.194605 | FC49: 26.942626 | FD49: 21.608348 | FE49: 18.896003 | FF49: 11.663083 | FG49: 11.843906 | FH49: 16.861744 | FI49: 20.975468

Sheet ts_VOLL
A1: timestep | B1: AA_I_Z_110_PF0.993 | C1: AGN_I_Z_110_PF0.95 | D1: AHA_I_Z_110_PF0.998 | E1: ANR_I_Z_110_PF0.95 | F1: ARD_I_Z_110_PF0.99 | G1: ARI_I_T_110_PF0.998 | H1: ARK_I_Z_110_PF0.997 | I1: ATH_I_Z_110_PF0.998 | J1: ATY_I_Z_110_PF0.968 | K1: BAL_I_Z_110_PF1 | L1: BAN_I_Z_110_PF0.987 | M1: BAR_I_T_110_PF1 | N1: BDA_I_Z_110_PF0.95 | O1: BDN_I_Z_110_PF0.96 | P1: BDN_I_Z_110_PF0.95 | Q1: BEG_I_Z_110_PF1 | R1: BIN_I_Z_110_PF0.99 | S1: BIN_I_Z_110_PF0.999 | T1: BK_I_Z_110_PF0.996 | U1: BLC_I_Z_110_PF0.95 | V1: BLI_I_Z_110_PF0.991 | W1: BLK_I_Z_110_PF0.99 | X1: BOG_I_Z_110_PF0.97 | Y1: BRI_I_Z_110_PF0.95 | Z1: BRY_I_Z_110_PF0.976 | AA1: BUT_I_Z_110_PF0.989 | AB1: CAH_I_Z_110_PF0.981 | AC1: CBG_I_Z_110_PF0.984 | AD1: CBR_I_Z_110_PF0.988 | AE1: CF_I_Z_110_PF0.964 | AF1: CFM_I_Z_110_PF0.95 | AG1: CHA_I_Z_110_PF0.96 | AH1: CKM_I_Z_110_PF0.998 | AI1: CLE_I_Z_220_PF0.95 | AJ1: CLG_I_Z_110_PF0.95 | AK1: CLN_I_Z_110_PF0.925 | AL1: CLU_I_Z_110_PF0.95 | AM1: CLW_I_Z_110_PF0.991 | AN1: COL_I_Z_110_PF0.986 | AO1: COS_I_Z_110_PF0.989 | AP1: COW_I_Z_110_PF0.997 | AQ1: CRA_I_Z_110_PF0.979 | AR1: CRO_I_Z_110_PF1 | AS1: CVW_I_Z_110_PF0.982 | AT1: DAL_I_T_110_PF0.987 | AU1: DDK_I_Z_110_PF0.986 | AV1: DFR_I_T_110_PF0.991 | AW1: DGN_I_Z_110_PF0.984 | AX1: DLT_I_Z_110_PF0.981 | AY1: DMY_I_Z_110_PF0.976 | AZ1: DOO_I_Z_110_PF0.984 | BA1: DRU_I_Z_110_PF0.945 | BB1: DRY_I_Z_110_PF0.985 | BC1: ENN_I_Z_110_PF0.981 | BD1: FIN_I_Z_110_PF0.994 | BE1: FTT_I_Z_110_PF0.997 | BF1: GAL_I_Z_110_PF0.988 | BG1: GI_I_Z_110_PF0.952 | BH1: GIL_I_Z_110_PF0.95 | BI1: GLE_I_Z_110_PF0.998 | BJ1: GRI_I_T_110_PF0.997 | BK1: GWE_I_Z_110_PF0.98 | BL1: GWE_I_Z_110_PF0.95 | BM1: HN_I_Z_220_PF0.95 | BN1: IKE_I_T_110_PF0.967 | BO1: INC_I_Z_110_PF0.995 | BP1: KBY_I_Z_110_PF0.993 | BQ1: KCY_I_Z_110_PF0.95 | BR1: KER_I_Z_110_PF0.971 | BS1: KSE_I_Z_110_PF0.95 | BT1: KTL_I_Z_110_PF0.988 | BU1: KIN_I_Z_110_PF0.95 | BV1: KKY_I_Z_110_PF0.978 | BW1: KLM_I_Z_110_PF0.989 | BX1: KTN_I_Z_110_PF0.976 | BY1: KUR_I_Z_110_PF0.95 | BZ1: KYT_I_Z_220_PF0.95 | CA1: LA_I_Z_110_PF0.984 | CB1: LET_I_Z_110_PF0.987 | CC1: LIB_I_Z_110_PF0.986 | CD1: LIM_I_Z_110_PF0.993 | CE1: LIS_I_Z_110_PF0.952 | CF1: MAC_I_Z_110_PF0.973 | CG1: MAL_I_Z_110_PF0.981 | CH1: MCE_I_Z_110_PF0.995 | CI1: MCE_I_Z_110_PF0.95 | CJ1: MID_I_Z_110_PF0.98 | CK1: MLN_I_Z_110_PF0.95 | CL1: MON_I_Z_110_PF0.975 | CM1: MOY_I_Z_110_PF0.989 | CN1: MR_I_Z_110_PF0.992 | CO1: MTA_I_Z_110_PF0.95 | CP1: MTH_I_Z_110_PF0.938 | CQ1: MTN_I_Z_110_PF0.95 | CR1: MUL_I_Z_110_PF0.985 | CS1: MUN_I_Z_110_PF0.95 | CT1: NAV_I_Z_110_PF0.98 | CU1: NEW_I_Z_110_PF0.981 | CV1: NEN_I_Z_110_PF0.954 | CW1: OBE_I_Z_110_PF0.95 | CX1: OLD_I_Z_110_PF0.95 | CY1: OUG_I_T_110_PF0.992 | CZ1: PB_I_Z_110_PF0.989 | DA1: PLA_I_Z_110_PF0.95 | DB1: PLS_I_Z_110_PF0.979 | DC1: RAT_I_Z_110_PF0.993 | DD1: RIC_I_Z_110_PF0.972 | DE1: RNW_I_Z_110_PF0.95 | DF1: RYB_I_Z_110_PF0.95 | DG1: SCR_I_Z_110_PF0.999 | DH1: SHE_I_Z_110_PF0.95 | DI1: SHL_I_Z_220_PF0.997 | DJ1: SKL_I_Z_110_PF0.993 | DK1: SLI_I_Z_110_PF0.996 | DL1: SNG_I_Z_110_PF0.992 | DM1: SBH_I_Z_110_PF0.95 | DN1: SOM_I_T_110_PF0.974 | DO1: STR_I_T_110_PF0.958 | DP1: TBG_I_Z_110_PF0.994 | DQ1: TBK_I_T_110_PF0.931 | DR1: THU_I_Z_110_PF0.983 | DS1: TIP_I_Z_110_PF0.986 | DT1: TLK_I_Z_110_PF0.968 | DU1: TON_I_Z_110_PF0.925 | DV1: TRI_I_Z_110_PF1 | DW1: TRL_I_Z_110_PF0.99 | DX1: TSB_I_Z_110_PF0.977 | DY1: WAT_I_Z_110_PF0.986 | DZ1: WEX_I_Z_110_PF0.979 | EA1: WHI_I_Z_110_PF0.95 | EB1: AGH_N_Z_110_PF0.99 | EC1: AIR_N_Z_110_PF0.99 | ED1: ANT_N_Z_110_PF0.98 | EE1: BAN_N_Z_33_PF0.99 | EF1: BMA_N_Z_110_PF0.95 | EG1: BNH_N_Z_110_PF0.99 | EH1: BNM_N_Z_110_PF0.99 | EI1: CAR_N_Z_110_PF0.99 | EJ1: CEN_N_Z_110_PF0.99 | EK1: COL_N_Z_33_PF0.99 | EL1: CPS_N_Z_110_PF0.99 | EM1: CRE_N_Z_110_PF0.99 | EN1: CRG_N_Z_110_PF0.99 | EO1: DON_N_Z_110_PF0.99 | EP1: DRU_N_Z_33_PF0.99 | EQ1: DUN_N_Z_110_PF0.99 | ER1: EDE_N_Z_110_PF0.99 | ES1: ENN_N_Z_33_PF0.99 | ET1: FIN_N_Z_33_PF0.99 | EU1: GLE_N_Z_33_PF0.99 | EV1: KNO_N_Z_110_PF0.99 | EW1: LAR_N_Z_110_PF0.99 | EX1: LIM_N_Z_33_PF0.99 | EY1: LIS_N_Z_33_PF0.99 | EZ1: LMR_N_Z_110_PF0.98 | FA1: LOG_N_Z_110_PF0.98 | FB1: NAR_N_Z_110_PF0.99 | FC1: NEW_N_Z_33_PF0.99 | FD1: OMA_N_Z_110_PF0.99 | FE1: RAT_N_Z_33_PF0.99 | FF1: ROS_N_Z_110_PF0.99 | FG1: SPR_N_Z_110_PF0.99 | FH1: STR_N_Z_33_PF0.99 | FI1: WAR_N_Z_110_PF0.99
A2: 05/07/25 00:00 | B2: 20000 | C2: 20000 | D2: 20000 | E2: 20000 | F2: 20000 | G2: 20000 | H2: 20000 | I2: 20000 | J2: 20000 | K2: 20000 | L2: 20000 | M2: 20000 | N2: 20000 | O2: 20000 | P2: 20000 | Q2: 20000 | R2: 20000 | S2: 20000 | T2: 20000 | U2: 20000 | V2: 20000 | W2: 20000 | X2: 20000 | Y2: 20000 | Z2: 20000 | AA2: 20000 | AB2: 20000 | AC2: 20000 | AD2: 20000 | AE2: 20000 | AF2: 20000 | AG2: 20000 | AH2: 20000 | AI2: 20000 | AJ2: 20000 | AK2: 20000 | AL2: 20000 | AM2: 20000 | AN2: 20000 | AO2: 20000 | AP2: 20000 | AQ2: 20000 | AR2: 20000 | AS2: 20000 | AT2: 20000 | AU2: 20000 | AV2: 20000 | AW2: 20000 | AX2: 20000 | AY2: 20000 | AZ2: 20000 | BA2: 20000 | BB2: 20000 | BC2: 20000 | BD2: 20000 | BE2: 20000 | BF2: 20000 | BG2: 20000 | BH2: 20000 | BI2: 20000 | BJ2: 20000 | BK2: 20000 | BL2: 20000 | BM2: 20000 | BN2: 20000 | BO2: 20000 | BP2: 20000 | BQ2: 20000 | BR2: 20000 | BS2: 20000 | BT2: 20000 | BU2: 20000 | BV2: 20000 | BW2: 20000 | BX2: 20000 | BY2: 20000 | BZ2: 20000 | CA2: 20000 | CB2: 20000 | CC2: 20000 | CD2: 20000 | CE2: 20000 | CF2: 20000 | CG2: 20000 | CH2: 20000 | CI2: 20000 | CJ2: 20000 | CK2: 20000 | CL2: 20000 | CM2: 20000 | CN2: 20000 | CO2: 20000 | CP2: 20000 | CQ2: 20000 | CR2: 20000 | CS2: 20000 | CT2: 20000 | CU2: 20000 | CV2: 20000 | CW2: 20000 | CX2: 20000 | CY2: 20000 | CZ2: 20000 | DA2: 20000 | DB2: 20000 | DC2: 20000 | DD2: 20000 | DE2: 20000 | DF2: 20000 | DG2: 20000 | DH2: 20000 | DI2: 20000 | DJ2: 20000 | DK2: 20000 | DL2: 20000 | DM2: 20000 | DN2: 20000 | DO2: 20000 | DP2: 20000 | DQ2: 20000 | DR2: 20000 | DS2: 20000 | DT2: 20000 | DU2: 20000 | DV2: 20000 | DW2: 20000 | DX2: 20000 | DY2: 20000 | DZ2: 20000 | EA2: 20000 | EB2: 20000 | EC2: 20000 | ED2: 20000 | EE2: 20000 | EF2: 20000 | EG2: 20000 | EH2: 20000 | EI2: 20000 | EJ2: 20000 | EK2: 20000 | EL2: 20000 | EM2: 20000 | EN2: 20000 | EO2: 20000 | EP2: 20000 | EQ2: 20000 | ER2: 20000 | ES2: 20000 | ET2: 20000 | EU2: 20000 | EV2: 20000 | EW2: 20000 | EX2: 20000 | EY2: 20000 | EZ2: 20000 | FA2: 20000 | FB2: 20000 | FC2: 20000 | FD2: 20000 | FE2: 20000 | FF2: 20000 | FG2: 20000 | FH2: 20000 | FI2: 20000
A3: 05/07/25 00:30 | B3: 20000 | C3: 20000 | D3: 20000 | E3: 20000 | F3: 20000 | G3: 20000 | H3: 20000 | I3: 20000 | J3: 20000 | K3: 20000 | L3: 20000 | M3: 20000 | N3: 20000 | O3: 20000 | P3: 20000 | Q3: 20000 | R3: 20000 | S3: 20000 | T3: 20000 | U3: 20000 | V3: 20000 | W3: 20000 | X3: 20000 | Y3: 20000 | Z3: 20000 | AA3: 20000 | AB3: 20000 | AC3: 20000 | AD3: 20000 | AE3: 20000 | AF3: 20000 | AG3: 20000 | AH3: 20000 | AI3: 20000 | AJ3: 20000 | AK3: 20000 | AL3: 20000 | AM3: 20000 | AN3: 20000 | AO3: 20000 | AP3: 20000 | AQ3: 20000 | AR3: 20000 | AS3: 20000 | AT3: 20000 | AU3: 20000 | AV3: 20000 | AW3: 20000 | AX3: 20000 | AY3: 20000 | AZ3: 20000 | BA3: 20000 | BB3: 20000 | BC3: 20000 | BD3: 20000 | BE3: 20000 | BF3: 20000 | BG3: 20000 | BH3: 20000 | BI3: 20000 | BJ3: 20000 | BK3: 20000 | BL3: 20000 | BM3: 20000 | BN3: 20000 | BO3: 20000 | BP3: 20000 | BQ3: 20000 | BR3: 20000 | BS3: 20000 | BT3: 20000 | BU3: 20000 | BV3: 20000 | BW3: 20000 | BX3: 20000 | BY3: 20000 | BZ3: 20000 | CA3: 20000 | CB3: 20000 | CC3: 20000 | CD3: 20000 | CE3: 20000 | CF3: 20000 | CG3: 20000 | CH3: 20000 | CI3: 20000 | CJ3: 20000 | CK3: 20000 | CL3: 20000 | CM3: 20000 | CN3: 20000 | CO3: 20000 | CP3: 20000 | CQ3: 20000 | CR3: 20000 | CS3: 20000 | CT3: 20000 | CU3: 20000 | CV3: 20000 | CW3: 20000 | CX3: 20000 | CY3: 20000 | CZ3: 20000 | DA3: 20000 | DB3: 20000 | DC3: 20000 | DD3: 20000 | DE3: 20000 | DF3: 20000 | DG3: 20000 | DH3: 20000 | DI3: 20000 | DJ3: 20000 | DK3: 20000 | DL3: 20000 | DM3: 20000 | DN3: 20000 | DO3: 20000 | DP3: 20000 | DQ3: 20000 | DR3: 20000 | DS3: 20000 | DT3: 20000 | DU3: 20000 | DV3: 20000 | DW3: 20000 | DX3: 20000 | DY3: 20000 | DZ3: 20000 | EA3: 20000 | EB3: 20000 | EC3: 20000 | ED3: 20000 | EE3: 20000 | EF3: 20000 | EG3: 20000 | EH3: 20000 | EI3: 20000 | EJ3: 20000 | EK3: 20000 | EL3: 20000 | EM3: 20000 | EN3: 20000 | EO3: 20000 | EP3: 20000 | EQ3: 20000 | ER3: 20000 | ES3: 20000 | ET3: 20000 | EU3: 20000 | EV3: 20000 | EW3: 20000 | EX3: 20000 | EY3: 20000 | EZ3: 20000 | FA3: 20000 | FB3: 20000 | FC3: 20000 | FD3: 20000 | FE3: 20000 | FF3: 20000 | FG3: 20000 | FH3: 20000 | FI3: 20000
A4: 05/07/25 01:00 | B4: 20000 | C4: 20000 | D4: 20000 | E4: 20000 | F4: 20000 | G4: 20000 | H4: 20000 | I4: 20000 | J4: 20000 | K4: 20000 | L4: 20000 | M4: 20000 | N4: 20000 | O4: 20000 | P4: 20000 | Q4: 20000 | R4: 20000 | S4: 20000 | T4: 20000 | U4: 20000 | V4: 20000 | W4: 20000 | X4: 20000 | Y4: 20000 | Z4: 20000 | AA4: 20000 | AB4: 20000 | AC4: 20000 | AD4: 20000 | AE4: 20000 | AF4: 20000 | AG4: 20000 | AH4: 20000 | AI4: 20000 | AJ4: 20000 | AK4: 20000 | AL4: 20000 | AM4: 20000 | AN4: 20000 | AO4: 20000 | AP4: 20000 | AQ4: 20000 | AR4: 20000 | AS4: 20000 | AT4: 20000 | AU4: 20000 | AV4: 20000 | AW4: 20000 | AX4: 20000 | AY4: 20000 | AZ4: 20000 | BA4: 20000 | BB4: 20000 | BC4: 20000 | BD4: 20000 | BE4: 20000 | BF4: 20000 | BG4: 20000 | BH4: 20000 | BI4: 20000 | BJ4: 20000 | BK4: 20000 | BL4: 20000 | BM4: 20000 | BN4: 20000 | BO4: 20000 | BP4: 20000 | BQ4: 20000 | BR4: 20000 | BS4: 20000 | BT4: 20000 | BU4: 20000 | BV4: 20000 | BW4: 20000 | BX4: 20000 | BY4: 20000 | BZ4: 20000 | CA4: 20000 | CB4: 20000 | CC4: 20000 | CD4: 20000 | CE4: 20000 | CF4: 20000 | CG4: 20000 | CH4: 20000 | CI4: 20000 | CJ4: 20000 | CK4: 20000 | CL4: 20000 | CM4: 20000 | CN4: 20000 | CO4: 20000 | CP4: 20000 | CQ4: 20000 | CR4: 20000 | CS4: 20000 | CT4: 20000 | CU4: 20000 | CV4: 20000 | CW4: 20000 | CX4: 20000 | CY4: 20000 | CZ4: 20000 | DA4: 20000 | DB4: 20000 | DC4: 20000 | DD4: 20000 | DE4: 20000 | DF4: 20000 | DG4: 20000 | DH4: 20000 | DI4: 20000 | DJ4: 20000 | DK4: 20000 | DL4: 20000 | DM4: 20000 | DN4: 20000 | DO4: 20000 | DP4: 20000 | DQ4: 20000 | DR4: 20000 | DS4: 20000 | DT4: 20000 | DU4: 20000 | DV4: 20000 | DW4: 20000 | DX4: 20000 | DY4: 20000 | DZ4: 20000 | EA4: 20000 | EB4: 20000 | EC4: 20000 | ED4: 20000 | EE4: 20000 | EF4: 20000 | EG4: 20000 | EH4: 20000 | EI4: 20000 | EJ4: 20000 | EK4: 20000 | EL4: 20000 | EM4: 20000 | EN4: 20000 | EO4: 20000 | EP4: 20000 | EQ4: 20000 | ER4: 20000 | ES4: 20000 | ET4: 20000 | EU4: 20000 | EV4: 20000 | EW4: 20000 | EX4: 20000 | EY4: 20000 | EZ4: 20000 | FA4: 20000 | FB4: 20000 | FC4: 20000 | FD4: 20000 | FE4: 20000 | FF4: 20000 | FG4: 20000 | FH4: 20000 | FI4: 20000
A5: 05/07/25 01:30 | B5: 20000 | C5: 20000 | D5: 20000 | E5: 20000 | F5: 20000 | G5: 20000 | H5: 20000 | I5: 20000 | J5: 20000 | K5: 20000 | L5: 20000 | M5: 20000 | N5: 20000 | O5: 20000 | P5: 20000 | Q5: 20000 | R5: 20000 | S5: 20000 | T5: 20000 | U5: 20000 | V5: 20000 | W5: 20000 | X5: 20000 | Y5: 20000 | Z5: 20000 | AA5: 20000 | AB5: 20000 | AC5: 20000 | AD5: 20000 | AE5: 20000 | AF5: 20000 | AG5: 20000 | AH5: 20000 | AI5: 20000 | AJ5: 20000 | AK5: 20000 | AL5: 20000 | AM5: 20000 | AN5: 20000 | AO5: 20000 | AP5: 20000 | AQ5: 20000 | AR5: 20000 | AS5: 20000 | AT5: 20000 | AU5: 20000 | AV5: 20000 | AW5: 20000 | AX5: 20000 | AY5: 20000 | AZ5: 20000 | BA5: 20000 | BB5: 20000 | BC5: 20000 | BD5: 20000 | BE5: 20000 | BF5: 20000 | BG5: 20000 | BH5: 20000 | BI5: 20000 | BJ5: 20000 | BK5: 20000 | BL5: 20000 | BM5: 20000 | BN5: 20000 | BO5: 20000 | BP5: 20000 | BQ5: 20000 | BR5: 20000 | BS5: 20000 | BT5: 20000 | BU5: 20000 | BV5: 20000 | BW5: 20000 | BX5: 20000 | BY5: 20000 | BZ5: 20000 | CA5: 20000 | CB5: 20000 | CC5: 20000 | CD5: 20000 | CE5: 20000 | CF5: 20000 | CG5: 20000 | CH5: 20000 | CI5: 20000 | CJ5: 20000 | CK5: 20000 | CL5: 20000 | CM5: 20000 | CN5: 20000 | CO5: 20000 | CP5: 20000 | CQ5: 20000 | CR5: 20000 | CS5: 20000 | CT5: 20000 | CU5: 20000 | CV5: 20000 | CW5: 20000 | CX5: 20000 | CY5: 20000 | CZ5: 20000 | DA5: 20000 | DB5: 20000 | DC5: 20000 | DD5: 20000 | DE5: 20000 | DF5: 20000 | DG5: 20000 | DH5: 20000 | DI5: 20000 | DJ5: 20000 | DK5: 20000 | DL5: 20000 | DM5: 20000 | DN5: 20000 | DO5: 20000 | DP5: 20000 | DQ5: 20000 | DR5: 20000 | DS5: 20000 | DT5: 20000 | DU5: 20000 | DV5: 20000 | DW5: 20000 | DX5: 20000 | DY5: 20000 | DZ5: 20000 | EA5: 20000 | EB5: 20000 | EC5: 20000 | ED5: 20000 | EE5: 20000 | EF5: 20000 | EG5: 20000 | EH5: 20000 | EI5: 20000 | EJ5: 20000 | EK5: 20000 | EL5: 20000 | EM5: 20000 | EN5: 20000 | EO5: 20000 | EP5: 20000 | EQ5: 20000 | ER5: 20000 | ES5: 20000 | ET5: 20000 | EU5: 20000 | EV5: 20000 | EW5: 20000 | EX5: 20000 | EY5: 20000 | EZ5: 20000 | FA5: 20000 | FB5: 20000 | FC5: 20000 | FD5: 20000 | FE5: 20000 | FF5: 20000 | FG5: 20000 | FH5: 20000 | FI5: 20000
A6: 05/07/25 02:00 | B6: 20000 | C6: 20000 | D6: 20000 | E6: 20000 | F6: 20000 | G6: 20000 | H6: 20000 | I6: 20000 | J6: 20000 | K6: 20000 | L6: 20000 | M6: 20000 | N6: 20000 | O6: 20000 | P6: 20000 | Q6: 20000 | R6: 20000 | S6: 20000 | T6: 20000 | U6: 20000 | V6: 20000 | W6: 20000 | X6: 20000 | Y6: 20000 | Z6: 20000 | AA6: 20000 | AB6: 20000 | AC6: 20000 | AD6: 20000 | AE6: 20000 | AF6: 20000 | AG6: 20000 | AH6: 20000 | AI6: 20000 | AJ6: 20000 | AK6: 20000 | AL6: 20000 | AM6: 20000 | AN6: 20000 | AO6: 20000 | AP6: 20000 | AQ6: 20000 | AR6: 20000 | AS6: 20000 | AT6: 20000 | AU6: 20000 | AV6: 20000 | AW6: 20000 | AX6: 20000 | AY6: 20000 | AZ6: 20000 | BA6: 20000 | BB6: 20000 | BC6: 20000 | BD6: 20000 | BE6: 20000 | BF6: 20000 | BG6: 20000 | BH6: 20000 | BI6: 20000 | BJ6: 20000 | BK6: 20000 | BL6: 20000 | BM6: 20000 | BN6: 20000 | BO6: 20000 | BP6: 20000 | BQ6: 20000 | BR6: 20000 | BS6: 20000 | BT6: 20000 | BU6: 20000 | BV6: 20000 | BW6: 20000 | BX6: 20000 | BY6: 20000 | BZ6: 20000 | CA6: 20000 | CB6: 20000 | CC6: 20000 | CD6: 20000 | CE6: 20000 | CF6: 20000 | CG6: 20000 | CH6: 20000 | CI6: 20000 | CJ6: 20000 | CK6: 20000 | CL6: 20000 | CM6: 20000 | CN6: 20000 | CO6: 20000 | CP6: 20000 | CQ6: 20000 | CR6: 20000 | CS6: 20000 | CT6: 20000 | CU6: 20000 | CV6: 20000 | CW6: 20000 | CX6: 20000 | CY6: 20000 | CZ6: 20000 | DA6: 20000 | DB6: 20000 | DC6: 20000 | DD6: 20000 | DE6: 20000 | DF6: 20000 | DG6: 20000 | DH6: 20000 | DI6: 20000 | DJ6: 20000 | DK6: 20000 | DL6: 20000 | DM6: 20000 | DN6: 20000 | DO6: 20000 | DP6: 20000 | DQ6: 20000 | DR6: 20000 | DS6: 20000 | DT6: 20000 | DU6: 20000 | DV6: 20000 | DW6: 20000 | DX6: 20000 | DY6: 20000 | DZ6: 20000 | EA6: 20000 | EB6: 20000 | EC6: 20000 | ED6: 20000 | EE6: 20000 | EF6: 20000 | EG6: 20000 | EH6: 20000 | EI6: 20000 | EJ6: 20000 | EK6: 20000 | EL6: 20000 | EM6: 20000 | EN6: 20000 | EO6: 20000 | EP6: 20000 | EQ6: 20000 | ER6: 20000 | ES6: 20000 | ET6: 20000 | EU6: 20000 | EV6: 20000 | EW6: 20000 | EX6: 20000 | EY6: 20000 | EZ6: 20000 | FA6: 20000 | FB6: 20000 | FC6: 20000 | FD6: 20000 | FE6: 20000 | FF6: 20000 | FG6: 20000 | FH6: 20000 | FI6: 20000
A7: 05/07/25 02:30 | B7: 20000 | C7: 20000 | D7: 20000 | E7: 20000 | F7: 20000 | G7: 20000 | H7: 20000 | I7: 20000 | J7: 20000 | K7: 20000 | L7: 20000 | M7: 20000 | N7: 20000 | O7: 20000 | P7: 20000 | Q7: 20000 | R7: 20000 | S7: 20000 | T7: 20000 | U7: 20000 | V7: 20000 | W7: 20000 | X7: 20000 | Y7: 20000 | Z7: 20000 | AA7: 20000 | AB7: 20000 | AC7: 20000 | AD7: 20000 | AE7: 20000 | AF7: 20000 | AG7: 20000 | AH7: 20000 | AI7: 20000 | AJ7: 20000 | AK7: 20000 | AL7: 20000 | AM7: 20000 | AN7: 20000 | AO7: 20000 | AP7: 20000 | AQ7: 20000 | AR7: 20000 | AS7: 20000 | AT7: 20000 | AU7: 20000 | AV7: 20000 | AW7: 20000 | AX7: 20000 | AY7: 20000 | AZ7: 20000 | BA7: 20000 | BB7: 20000 | BC7: 20000 | BD7: 20000 | BE7: 20000 | BF7: 20000 | BG7: 20000 | BH7: 20000 | BI7: 20000 | BJ7: 20000 | BK7: 20000 | BL7: 20000 | BM7: 20000 | BN7: 20000 | BO7: 20000 | BP7: 20000 | BQ7: 20000 | BR7: 20000 | BS7: 20000 | BT7: 20000 | BU7: 20000 | BV7: 20000 | BW7: 20000 | BX7: 20000 | BY7: 20000 | BZ7: 20000 | CA7: 20000 | CB7: 20000 | CC7: 20000 | CD7: 20000 | CE7: 20000 | CF7: 20000 | CG7: 20000 | CH7: 20000 | CI7: 20000 | CJ7: 20000 | CK7: 20000 | CL7: 20000 | CM7: 20000 | CN7: 20000 | CO7: 20000 | CP7: 20000 | CQ7: 20000 | CR7: 20000 | CS7: 20000 | CT7: 20000 | CU7: 20000 | CV7: 20000 | CW7: 20000 | CX7: 20000 | CY7: 20000 | CZ7: 20000 | DA7: 20000 | DB7: 20000 | DC7: 20000 | DD7: 20000 | DE7: 20000 | DF7: 20000 | DG7: 20000 | DH7: 20000 | DI7: 20000 | DJ7: 20000 | DK7: 20000 | DL7: 20000 | DM7: 20000 | DN7: 20000 | DO7: 20000 | DP7: 20000 | DQ7: 20000 | DR7: 20000 | DS7: 20000 | DT7: 20000 | DU7: 20000 | DV7: 20000 | DW7: 20000 | DX7: 20000 | DY7: 20000 | DZ7: 20000 | EA7: 20000 | EB7: 20000 | EC7: 20000 | ED7: 20000 | EE7: 20000 | EF7: 20000 | EG7: 20000 | EH7: 20000 | EI7: 20000 | EJ7: 20000 | EK7: 20000 | EL7: 20000 | EM7: 20000 | EN7: 20000 | EO7: 20000 | EP7: 20000 | EQ7: 20000 | ER7: 20000 | ES7: 20000 | ET7: 20000 | EU7: 20000 | EV7: 20000 | EW7: 20000 | EX7: 20000 | EY7: 20000 | EZ7: 20000 | FA7: 20000 | FB7: 20000 | FC7: 20000 | FD7: 20000 | FE7: 20000 | FF7: 20000 | FG7: 20000 | FH7: 20000 | FI7: 20000
A8: 05/07/25 03:00 | B8: 20000 | C8: 20000 | D8: 20000 | E8: 20000 | F8: 20000 | G8: 20000 | H8: 20000 | I8: 20000 | J8: 20000 | K8: 20000 | L8: 20000 | M8: 20000 | N8: 20000 | O8: 20000 | P8: 20000 | Q8: 20000 | R8: 20000 | S8: 20000 | T8: 20000 | U8: 20000 | V8: 20000 | W8: 20000 | X8: 20000 | Y8: 20000 | Z8: 20000 | AA8: 20000 | AB8: 20000 | AC8: 20000 | AD8: 20000 | AE8: 20000 | AF8: 20000 | AG8: 20000 | AH8: 20000 | AI8: 20000 | AJ8: 20000 | AK8: 20000 | AL8: 20000 | AM8: 20000 | AN8: 20000 | AO8: 20000 | AP8: 20000 | AQ8: 20000 | AR8: 20000 | AS8: 20000 | AT8: 20000 | AU8: 20000 | AV8: 20000 | AW8: 20000 | AX8: 20000 | AY8: 20000 | AZ8: 20000 | BA8: 20000 | BB8: 20000 | BC8: 20000 | BD8: 20000 | BE8: 20000 | BF8: 20000 | BG8: 20000 | BH8: 20000 | BI8: 20000 | BJ8: 20000 | BK8: 20000 | BL8: 20000 | BM8: 20000 | BN8: 20000 | BO8: 20000 | BP8: 20000 | BQ8: 20000 | BR8: 20000 | BS8: 20000 | BT8: 20000 | BU8: 20000 | BV8: 20000 | BW8: 20000 | BX8: 20000 | BY8: 20000 | BZ8: 20000 | CA8: 20000 | CB8: 20000 | CC8: 20000 | CD8: 20000 | CE8: 20000 | CF8: 20000 | CG8: 20000 | CH8: 20000 | CI8: 20000 | CJ8: 20000 | CK8: 20000 | CL8: 20000 | CM8: 20000 | CN8: 20000 | CO8: 20000 | CP8: 20000 | CQ8: 20000 | CR8: 20000 | CS8: 20000 | CT8: 20000 | CU8: 20000 | CV8: 20000 | CW8: 20000 | CX8: 20000 | CY8: 20000 | CZ8: 20000 | DA8: 20000 | DB8: 20000 | DC8: 20000 | DD8: 20000 | DE8: 20000 | DF8: 20000 | DG8: 20000 | DH8: 20000 | DI8: 20000 | DJ8: 20000 | DK8: 20000 | DL8: 20000 | DM8: 20000 | DN8: 20000 | DO8: 20000 | DP8: 20000 | DQ8: 20000 | DR8: 20000 | DS8: 20000 | DT8: 20000 | DU8: 20000 | DV8: 20000 | DW8: 20000 | DX8: 20000 | DY8: 20000 | DZ8: 20000 | EA8: 20000 | EB8: 20000 | EC8: 20000 | ED8: 20000 | EE8: 20000 | EF8: 20000 | EG8: 20000 | EH8: 20000 | EI8: 20000 | EJ8: 20000 | EK8: 20000 | EL8: 20000 | EM8: 20000 | EN8: 20000 | EO8: 20000 | EP8: 20000 | EQ8: 20000 | ER8: 20000 | ES8: 20000 | ET8: 20000 | EU8: 20000 | EV8: 20000 | EW8: 20000 | EX8: 20000 | EY8: 20000 | EZ8: 20000 | FA8: 20000 | FB8: 20000 | FC8: 20000 | FD8: 20000 | FE8: 20000 | FF8: 20000 | FG8: 20000 | FH8: 20000 | FI8: 20000
A9: 05/07/25 03:30 | B9: 20000 | C9: 20000 | D9: 20000 | E9: 20000 | F9: 20000 | G9: 20000 | H9: 20000 | I9: 20000 | J9: 20000 | K9: 20000 | L9: 20000 | M9: 20000 | N9: 20000 | O9: 20000 | P9: 20000 | Q9: 20000 | R9: 20000 | S9: 20000 | T9: 20000 | U9: 20000 | V9: 20000 | W9: 20000 | X9: 20000 | Y9: 20000 | Z9: 20000 | AA9: 20000 | AB9: 20000 | AC9: 20000 | AD9: 20000 | AE9: 20000 | AF9: 20000 | AG9: 20000 | AH9: 20000 | AI9: 20000 | AJ9: 20000 | AK9: 20000 | AL9: 20000 | AM9: 20000 | AN9: 20000 | AO9: 20000 | AP9: 20000 | AQ9: 20000 | AR9: 20000 | AS9: 20000 | AT9: 20000 | AU9: 20000 | AV9: 20000 | AW9: 20000 | AX9: 20000 | AY9: 20000 | AZ9: 20000 | BA9: 20000 | BB9: 20000 | BC9: 20000 | BD9: 20000 | BE9: 20000 | BF9: 20000 | BG9: 20000 | BH9: 20000 | BI9: 20000 | BJ9: 20000 | BK9: 20000 | BL9: 20000 | BM9: 20000 | BN9: 20000 | BO9: 20000 | BP9: 20000 | BQ9: 20000 | BR9: 20000 | BS9: 20000 | BT9: 20000 | BU9: 20000 | BV9: 20000 | BW9: 20000 | BX9: 20000 | BY9: 20000 | BZ9: 20000 | CA9: 20000 | CB9: 20000 | CC9: 20000 | CD9: 20000 | CE9: 20000 | CF9: 20000 | CG9: 20000 | CH9: 20000 | CI9: 20000 | CJ9: 20000 | CK9: 20000 | CL9: 20000 | CM9: 20000 | CN9: 20000 | CO9: 20000 | CP9: 20000 | CQ9: 20000 | CR9: 20000 | CS9: 20000 | CT9: 20000 | CU9: 20000 | CV9: 20000 | CW9: 20000 | CX9: 20000 | CY9: 20000 | CZ9: 20000 | DA9: 20000 | DB9: 20000 | DC9: 20000 | DD9: 20000 | DE9: 20000 | DF9: 20000 | DG9: 20000 | DH9: 20000 | DI9: 20000 | DJ9: 20000 | DK9: 20000 | DL9: 20000 | DM9: 20000 | DN9: 20000 | DO9: 20000 | DP9: 20000 | DQ9: 20000 | DR9: 20000 | DS9: 20000 | DT9: 20000 | DU9: 20000 | DV9: 20000 | DW9: 20000 | DX9: 20000 | DY9: 20000 | DZ9: 20000 | EA9: 20000 | EB9: 20000 | EC9: 20000 | ED9: 20000 | EE9: 20000 | EF9: 20000 | EG9: 20000 | EH9: 20000 | EI9: 20000 | EJ9: 20000 | EK9: 20000 | EL9: 20000 | EM9: 20000 | EN9: 20000 | EO9: 20000 | EP9: 20000 | EQ9: 20000 | ER9: 20000 | ES9: 20000 | ET9: 20000 | EU9: 20000 | EV9: 20000 | EW9: 20000 | EX9: 20000 | EY9: 20000 | EZ9: 20000 | FA9: 20000 | FB9: 20000 | FC9: 20000 | FD9: 20000 | FE9: 20000 | FF9: 20000 | FG9: 20000 | FH9: 20000 | FI9: 20000
A10: 05/07/25 04:00 | B10: 20000 | C10: 20000 | D10: 20000 | E10: 20000 | F10: 20000 | G10: 20000 | H10: 20000 | I10: 20000 | J10: 20000 | K10: 20000 | L10: 20000 | M10: 20000 | N10: 20000 | O10: 20000 | P10: 20000 | Q10: 20000 | R10: 20000 | S10: 20000 | T10: 20000 | U10: 20000 | V10: 20000 | W10: 20000 | X10: 20000 | Y10: 20000 | Z10: 20000 | AA10: 20000 | AB10: 20000 | AC10: 20000 | AD10: 20000 | AE10: 20000 | AF10: 20000 | AG10: 20000 | AH10: 20000 | AI10: 20000 | AJ10: 20000 | AK10: 20000 | AL10: 20000 | AM10: 20000 | AN10: 20000 | AO10: 20000 | AP10: 20000 | AQ10: 20000 | AR10: 20000 | AS10: 20000 | AT10: 20000 | AU10: 20000 | AV10: 20000 | AW10: 20000 | AX10: 20000 | AY10: 20000 | AZ10: 20000 | BA10: 20000 | BB10: 20000 | BC10: 20000 | BD10: 20000 | BE10: 20000 | BF10: 20000 | BG10: 20000 | BH10: 20000 | BI10: 20000 | BJ10: 20000 | BK10: 20000 | BL10: 20000 | BM10: 20000 | BN10: 20000 | BO10: 20000 | BP10: 20000 | BQ10: 20000 | BR10: 20000 | BS10: 20000 | BT10: 20000 | BU10: 20000 | BV10: 20000 | BW10: 20000 | BX10: 20000 | BY10: 20000 | BZ10: 20000 | CA10: 20000 | CB10: 20000 | CC10: 20000 | CD10: 20000 | CE10: 20000 | CF10: 20000 | CG10: 20000 | CH10: 20000 | CI10: 20000 | CJ10: 20000 | CK10: 20000 | CL10: 20000 | CM10: 20000 | CN10: 20000 | CO10: 20000 | CP10: 20000 | CQ10: 20000 | CR10: 20000 | CS10: 20000 | CT10: 20000 | CU10: 20000 | CV10: 20000 | CW10: 20000 | CX10: 20000 | CY10: 20000 | CZ10: 20000 | DA10: 20000 | DB10: 20000 | DC10: 20000 | DD10: 20000 | DE10: 20000 | DF10: 20000 | DG10: 20000 | DH10: 20000 | DI10: 20000 | DJ10: 20000 | DK10: 20000 | DL10: 20000 | DM10: 20000 | DN10: 20000 | DO10: 20000 | DP10: 20000 | DQ10: 20000 | DR10: 20000 | DS10: 20000 | DT10: 20000 | DU10: 20000 | DV10: 20000 | DW10: 20000 | DX10: 20000 | DY10: 20000 | DZ10: 20000 | EA10: 20000 | EB10: 20000 | EC10: 20000 | ED10: 20000 | EE10: 20000 | EF10: 20000 | EG10: 20000 | EH10: 20000 | EI10: 20000 | EJ10: 20000 | EK10: 20000 | EL10: 20000 | EM10: 20000 | EN10: 20000 | EO10: 20000 | EP10: 20000 | EQ10: 20000 | ER10: 20000 | ES10: 20000 | ET10: 20000 | EU10: 20000 | EV10: 20000 | EW10: 20000 | EX10: 20000 | EY10: 20000 | EZ10: 20000 | FA10: 20000 | FB10: 20000 | FC10: 20000 | FD10: 20000 | FE10: 20000 | FF10: 20000 | FG10: 20000 | FH10: 20000 | FI10: 20000
A11: 05/07/25 04:30 | B11: 20000 | C11: 20000 | D11: 20000 | E11: 20000 | F11: 20000 | G11: 20000 | H11: 20000 | I11: 20000 | J11: 20000 | K11: 20000 | L11: 20000 | M11: 20000 | N11: 20000 | O11: 20000 | P11: 20000 | Q11: 20000 | R11: 20000 | S11: 20000 | T11: 20000 | U11: 20000 | V11: 20000 | W11: 20000 | X11: 20000 | Y11: 20000 | Z11: 20000 | AA11: 20000 | AB11: 20000 | AC11: 20000 | AD11: 20000 | AE11: 20000 | AF11: 20000 | AG11: 20000 | AH11: 20000 | AI11: 20000 | AJ11: 20000 | AK11: 20000 | AL11: 20000 | AM11: 20000 | AN11: 20000 | AO11: 20000 | AP11: 20000 | AQ11: 20000 | AR11: 20000 | AS11: 20000 | AT11: 20000 | AU11: 20000 | AV11: 20000 | AW11: 20000 | AX11: 20000 | AY11: 20000 | AZ11: 20000 | BA11: 20000 | BB11: 20000 | BC11: 20000 | BD11: 20000 | BE11: 20000 | BF11: 20000 | BG11: 20000 | BH11: 20000 | BI11: 20000 | BJ11: 20000 | BK11: 20000 | BL11: 20000 | BM11: 20000 | BN11: 20000 | BO11: 20000 | BP11: 20000 | BQ11: 20000 | BR11: 20000 | BS11: 20000 | BT11: 20000 | BU11: 20000 | BV11: 20000 | BW11: 20000 | BX11: 20000 | BY11: 20000 | BZ11: 20000 | CA11: 20000 | CB11: 20000 | CC11: 20000 | CD11: 20000 | CE11: 20000 | CF11: 20000 | CG11: 20000 | CH11: 20000 | CI11: 20000 | CJ11: 20000 | CK11: 20000 | CL11: 20000 | CM11: 20000 | CN11: 20000 | CO11: 20000 | CP11: 20000 | CQ11: 20000 | CR11: 20000 | CS11: 20000 | CT11: 20000 | CU11: 20000 | CV11: 20000 | CW11: 20000 | CX11: 20000 | CY11: 20000 | CZ11: 20000 | DA11: 20000 | DB11: 20000 | DC11: 20000 | DD11: 20000 | DE11: 20000 | DF11: 20000 | DG11: 20000 | DH11: 20000 | DI11: 20000 | DJ11: 20000 | DK11: 20000 | DL11: 20000 | DM11: 20000 | DN11: 20000 | DO11: 20000 | DP11: 20000 | DQ11: 20000 | DR11: 20000 | DS11: 20000 | DT11: 20000 | DU11: 20000 | DV11: 20000 | DW11: 20000 | DX11: 20000 | DY11: 20000 | DZ11: 20000 | EA11: 20000 | EB11: 20000 | EC11: 20000 | ED11: 20000 | EE11: 20000 | EF11: 20000 | EG11: 20000 | EH11: 20000 | EI11: 20000 | EJ11: 20000 | EK11: 20000 | EL11: 20000 | EM11: 20000 | EN11: 20000 | EO11: 20000 | EP11: 20000 | EQ11: 20000 | ER11: 20000 | ES11: 20000 | ET11: 20000 | EU11: 20000 | EV11: 20000 | EW11: 20000 | EX11: 20000 | EY11: 20000 | EZ11: 20000 | FA11: 20000 | FB11: 20000 | FC11: 20000 | FD11: 20000 | FE11: 20000 | FF11: 20000 | FG11: 20000 | FH11: 20000 | FI11: 20000
A12: 05/07/25 05:00 | B12: 20000 | C12: 20000 | D12: 20000 | E12: 20000 | F12: 20000 | G12: 20000 | H12: 20000 | I12: 20000 | J12: 20000 | K12: 20000 | L12: 20000 | M12: 20000 | N12: 20000 | O12: 20000 | P12: 20000 | Q12: 20000 | R12: 20000 | S12: 20000 | T12: 20000 | U12: 20000 | V12: 20000 | W12: 20000 | X12: 20000 | Y12: 20000 | Z12: 20000 | AA12: 20000 | AB12: 20000 | AC12: 20000 | AD12: 20000 | AE12: 20000 | AF12: 20000 | AG12: 20000 | AH12: 20000 | AI12: 20000 | AJ12: 20000 | AK12: 20000 | AL12: 20000 | AM12: 20000 | AN12: 20000 | AO12: 20000 | AP12: 20000 | AQ12: 20000 | AR12: 20000 | AS12: 20000 | AT12: 20000 | AU12: 20000 | AV12: 20000 | AW12: 20000 | AX12: 20000 | AY12: 20000 | AZ12: 20000 | BA12: 20000 | BB12: 20000 | BC12: 20000 | BD12: 20000 | BE12: 20000 | BF12: 20000 | BG12: 20000 | BH12: 20000 | BI12: 20000 | BJ12: 20000 | BK12: 20000 | BL12: 20000 | BM12: 20000 | BN12: 20000 | BO12: 20000 | BP12: 20000 | BQ12: 20000 | BR12: 20000 | BS12: 20000 | BT12: 20000 | BU12: 20000 | BV12: 20000 | BW12: 20000 | BX12: 20000 | BY12: 20000 | BZ12: 20000 | CA12: 20000 | CB12: 20000 | CC12: 20000 | CD12: 20000 | CE12: 20000 | CF12: 20000 | CG12: 20000 | CH12: 20000 | CI12: 20000 | CJ12: 20000 | CK12: 20000 | CL12: 20000 | CM12: 20000 | CN12: 20000 | CO12: 20000 | CP12: 20000 | CQ12: 20000 | CR12: 20000 | CS12: 20000 | CT12: 20000 | CU12: 20000 | CV12: 20000 | CW12: 20000 | CX12: 20000 | CY12: 20000 | CZ12: 20000 | DA12: 20000 | DB12: 20000 | DC12: 20000 | DD12: 20000 | DE12: 20000 | DF12: 20000 | DG12: 20000 | DH12: 20000 | DI12: 20000 | DJ12: 20000 | DK12: 20000 | DL12: 20000 | DM12: 20000 | DN12: 20000 | DO12: 20000 | DP12: 20000 | DQ12: 20000 | DR12: 20000 | DS12: 20000 | DT12: 20000 | DU12: 20000 | DV12: 20000 | DW12: 20000 | DX12: 20000 | DY12: 20000 | DZ12: 20000 | EA12: 20000 | EB12: 20000 | EC12: 20000 | ED12: 20000 | EE12: 20000 | EF12: 20000 | EG12: 20000 | EH12: 20000 | EI12: 20000 | EJ12: 20000 | EK12: 20000 | EL12: 20000 | EM12: 20000 | EN12: 20000 | EO12: 20000 | EP12: 20000 | EQ12: 20000 | ER12: 20000 | ES12: 20000 | ET12: 20000 | EU12: 20000 | EV12: 20000 | EW12: 20000 | EX12: 20000 | EY12: 20000 | EZ12: 20000 | FA12: 20000 | FB12: 20000 | FC12: 20000 | FD12: 20000 | FE12: 20000 | FF12: 20000 | FG12: 20000 | FH12: 20000 | FI12: 20000
A13: 05/07/25 05:30 | B13: 20000 | C13: 20000 | D13: 20000 | E13: 20000 | F13: 20000 | G13: 20000 | H13: 20000 | I13: 20000 | J13: 20000 | K13: 20000 | L13: 20000 | M13: 20000 | N13: 20000 | O13: 20000 | P13: 20000 | Q13: 20000 | R13: 20000 | S13: 20000 | T13: 20000 | U13: 20000 | V13: 20000 | W13: 20000 | X13: 20000 | Y13: 20000 | Z13: 20000 | AA13: 20000 | AB13: 20000 | AC13: 20000 | AD13: 20000 | AE13: 20000 | AF13: 20000 | AG13: 20000 | AH13: 20000 | AI13: 20000 | AJ13: 20000 | AK13: 20000 | AL13: 20000 | AM13: 20000 | AN13: 20000 | AO13: 20000 | AP13: 20000 | AQ13: 20000 | AR13: 20000 | AS13: 20000 | AT13: 20000 | AU13: 20000 | AV13: 20000 | AW13: 20000 | AX13: 20000 | AY13: 20000 | AZ13: 20000 | BA13: 20000 | BB13: 20000 | BC13: 20000 | BD13: 20000 | BE13: 20000 | BF13: 20000 | BG13: 20000 | BH13: 20000 | BI13: 20000 | BJ13: 20000 | BK13: 20000 | BL13: 20000 | BM13: 20000 | BN13: 20000 | BO13: 20000 | BP13: 20000 | BQ13: 20000 | BR13: 20000 | BS13: 20000 | BT13: 20000 | BU13: 20000 | BV13: 20000 | BW13: 20000 | BX13: 20000 | BY13: 20000 | BZ13: 20000 | CA13: 20000 | CB13: 20000 | CC13: 20000 | CD13: 20000 | CE13: 20000 | CF13: 20000 | CG13: 20000 | CH13: 20000 | CI13: 20000 | CJ13: 20000 | CK13: 20000 | CL13: 20000 | CM13: 20000 | CN13: 20000 | CO13: 20000 | CP13: 20000 | CQ13: 20000 | CR13: 20000 | CS13: 20000 | CT13: 20000 | CU13: 20000 | CV13: 20000 | CW13: 20000 | CX13: 20000 | CY13: 20000 | CZ13: 20000 | DA13: 20000 | DB13: 20000 | DC13: 20000 | DD13: 20000 | DE13: 20000 | DF13: 20000 | DG13: 20000 | DH13: 20000 | DI13: 20000 | DJ13: 20000 | DK13: 20000 | DL13: 20000 | DM13: 20000 | DN13: 20000 | DO13: 20000 | DP13: 20000 | DQ13: 20000 | DR13: 20000 | DS13: 20000 | DT13: 20000 | DU13: 20000 | DV13: 20000 | DW13: 20000 | DX13: 20000 | DY13: 20000 | DZ13: 20000 | EA13: 20000 | EB13: 20000 | EC13: 20000 | ED13: 20000 | EE13: 20000 | EF13: 20000 | EG13: 20000 | EH13: 20000 | EI13: 20000 | EJ13: 20000 | EK13: 20000 | EL13: 20000 | EM13: 20000 | EN13: 20000 | EO13: 20000 | EP13: 20000 | EQ13: 20000 | ER13: 20000 | ES13: 20000 | ET13: 20000 | EU13: 20000 | EV13: 20000 | EW13: 20000 | EX13: 20000 | EY13: 20000 | EZ13: 20000 | FA13: 20000 | FB13: 20000 | FC13: 20000 | FD13: 20000 | FE13: 20000 | FF13: 20000 | FG13: 20000 | FH13: 20000 | FI13: 20000
... A49: 05/07/25 23:30 | B49: 20000 | C49: 20000 | D49: 20000 | E49: 20000 | F49: 20000 | G49: 20000 | H49: 20000 | I49: 20000 | J49: 20000 | K49: 20000 | L49: 20000 | M49: 20000 | N49: 20000 | O49: 20000 | P49: 20000 | Q49: 20000 | R49: 20000 | S49: 20000 | T49: 20000 | U49: 20000 | V49: 20000 | W49: 20000 | X49: 20000 | Y49: 20000 | Z49: 20000 | AA49: 20000 | AB49: 20000 | AC49: 20000 | AD49: 20000 | AE49: 20000 | AF49: 20000 | AG49: 20000 | AH49: 20000 | AI49: 20000 | AJ49: 20000 | AK49: 20000 | AL49: 20000 | AM49: 20000 | AN49: 20000 | AO49: 20000 | AP49: 20000 | AQ49: 20000 | AR49: 20000 | AS49: 20000 | AT49: 20000 | AU49: 20000 | AV49: 20000 | AW49: 20000 | AX49: 20000 | AY49: 20000 | AZ49: 20000 | BA49: 20000 | BB49: 20000 | BC49: 20000 | BD49: 20000 | BE49: 20000 | BF49: 20000 | BG49: 20000 | BH49: 20000 | BI49: 20000 | BJ49: 20000 | BK49: 20000 | BL49: 20000 | BM49: 20000 | BN49: 20000 | BO49: 20000 | BP49: 20000 | BQ49: 20000 | BR49: 20000 | BS49: 20000 | BT49: 20000 | BU49: 20000 | BV49: 20000 | BW49: 20000 | BX49: 20000 | BY49: 20000 | BZ49: 20000 | CA49: 20000 | CB49: 20000 | CC49: 20000 | CD49: 20000 | CE49: 20000 | CF49: 20000 | CG49: 20000 | CH49: 20000 | CI49: 20000 | CJ49: 20000 | CK49: 20000 | CL49: 20000 | CM49: 20000 | CN49: 20000 | CO49: 20000 | CP49: 20000 | CQ49: 20000 | CR49: 20000 | CS49: 20000 | CT49: 20000 | CU49: 20000 | CV49: 20000 | CW49: 20000 | CX49: 20000 | CY49: 20000 | CZ49: 20000 | DA49: 20000 | DB49: 20000 | DC49: 20000 | DD49: 20000 | DE49: 20000 | DF49: 20000 | DG49: 20000 | DH49: 20000 | DI49: 20000 | DJ49: 20000 | DK49: 20000 | DL49: 20000 | DM49: 20000 | DN49: 20000 | DO49: 20000 | DP49: 20000 | DQ49: 20000 | DR49: 20000 | DS49: 20000 | DT49: 20000 | DU49: 20000 | DV49: 20000 | DW49: 20000 | DX49: 20000 | DY49: 20000 | DZ49: 20000 | EA49: 20000 | EB49: 20000 | EC49: 20000 | ED49: 20000 | EE49: 20000 | EF49: 20000 | EG49: 20000 | EH49: 20000 | EI49: 20000 | EJ49: 20000 | EK49: 20000 | EL49: 20000 | EM49: 20000 | EN49: 20000 | EO49: 20000 | EP49: 20000 | EQ49: 20000 | ER49: 20000 | ES49: 20000 | ET49: 20000 | EU49: 20000 | EV49: 20000 | EW49: 20000 | EX49: 20000 | EY49: 20000 | EZ49: 20000 | FA49: 20000 | FB49: 20000 | FC49: 20000 | FD49: 20000 | FE49: 20000 | FF49: 20000 | FG49: 20000 | FH49: 20000 | FI49: 20000

Sheet branch
A1: name | B1: from_busname | C1: to_busname | D1: stat | E1: r | F1: x | G1: b | H1: ShortTermRating | I1: ContinousRating
A2: AA(I)(Z)>DRU(I)(Z)_110L1 | B2: AA_I_Z_110 | C2: DRU_I_Z_110 | D2: 1 | E2: 0.027 | F2: 0.063 | G2: 0.006 | H2: =I2*1.25 -> 123.75 | I2: 99
A3: AA(I)(Z)>ENN(I)(Z)_110L1 | B3: AA_I_Z_110 | C3: ENN_I_Z_110 | D3: 1 | E3: 0.048 | F3: 0.111 | G3: 0.012 | H3: =I3*1.25 -> 123.75 | I3: 99
A4: AA(I)(Z)>LIM(I)(Z)_110L1 | B4: AA_I_Z_110 | C4: LIM_I_Z_110 | D4: 1 | E4: 0.007 | F4: 0.037 | G4: 0.012 | H4: =I4*1.25 -> 222.5 | I4: 178
A5: AA1(I)(Z)>SNG(I)(Z)_110L1 | B5: AA1_I_Z_110 | C5: SNG_I_Z_110 | D5: 1 | E5: 0.003 | F5: 0.017 | G5: 0.007 | H5: =I5*1.25 -> 181.25 | I5: 145
A6: AD(I)(Z)>AD(I)(Z)_220L1 | B6: AD_I_Z_220 | C6: AD_I_Z_220 | D6: 0 | E6: 0 | F6: 0.001 | G6: 0.038 | H6: =I6*1.25 -> 741.25 | I6: 593
A7: AD(I)(Z)>GGO(I)(Z)_220L1 | B7: AD_I_Z_220 | C7: GGO_I_Z_220 | D7: 1 | E7: 0 | F7: 0.002 | G7: 0.104 | H7: =I7*1.25 -> 670 | I7: 536
A8: AD(I)(Z)>KRA(I)(Z)_220L1 | B8: AD_I_Z_220 | C8: KRA_I_Z_220 | D8: 1 | E8: 0.003 | F8: 0.022 | G8: 0.034 | H8: =I8*1.25 -> 491.25 | I8: 393
A9: AD(I)(Z)>KRA(I)(Z)_220L2 | B9: AD_I_Z_220 | C9: KRA_I_Z_220 | D9: 1 | E9: 0.003 | F9: 0.022 | G9: 0.034 | H9: =I9*1.25 -> 491.25 | I9: 393
A10: AD(I)(Z)>LPT(I)(Z)_220L1 | B10: AD_I_Z_220 | C10: LPT_I_Z_220 | D10: 1 | E10: 0 | F10: 0.001 | G10: 0.0265 | H10: =I10*1.25 -> 741.25 | I10: 593
A11: AD(I)(Z)>RAF(I)(Z)_220L1 | B11: AD_I_Z_220 | C11: RAF_I_Z_220 | D11: 1 | E11: 0.001 | F11: 0.009 | G11: 0.252 | H11: =I11*1.25 -> 542.5 | I11: 434
A12: AD(I)(Z)>WHI(I)(Z)_110L1 | B12: AD_I_Z_110 | C12: WHI_I_Z_110 | D12: 1 | E12: 0.005 | F12: 0.011 | G12: 0.001 | H12: =I12*1.25 -> 123.75 | I12: 99
A13: ADM(I)(Z)>GCA(I)(Z)_110L1 | B13: ADM_I_Z_110 | C13: GCA_I_Z_110 | D13: 1 | E13: 0.002 | F13: 0.004 | G13: 0.025 | H13: =I13*1.25 -> 175 | I13: 140
A14: ADM(I)(Z)>INC(I)(Z)_110L1 | B14: ADM_I_Z_110 | C14: INC_I_Z_110 | D14: 1 | E14: 0.009 | F14: 0.027 | G14: 0.024 | H14: =I14*1.25 -> 128.75 | I14: 103
A15: AGH(N)(Z)>ENN(N)(Z)_110L1 | B15: AGH_N_Z_110 | C15: ENN_N_Z_110 | D15: 1 | E15: 0.039 | F15: 0.095 | G15: 0.019 | H15: =I15*1.25 -> 136.25 | I15: 109
A16: AGL(I)(Z)>DYN(I)(Z)_110L1 | B16: AGL_I_Z_110 | C16: DYN_I_Z_110 | D16: 1 | E16: 0.012 | F16: 0.028 | G16: 0.003 | H16: =I16*1.25 -> 131.25 | I16: 105
A17: AGL(I)(Z)>ENN(I)(Z)_110L1 | B17: AGL_I_Z_110 | C17: ENN_I_Z_110 | D17: 1 | E17: 0.059 | F17: 0.131 | G17: 0.012 | H17: =I17*1.25 -> 123.75 | I17: 99
A18: AGN(I)(Z)>CBT(I)(Z)_110L1 | B18: AGN_I_Z_110 | C18: CBT_I_Z_110 | D18: 1 | E18: 1e-05 | F18: 1e-05 | G18: 0.002 | H18: =I18*1.25 -> 233.75 | I18: 187
A19: AGN(I)(Z)>CBT(I)(Z)_110L2 | B19: AGN_I_Z_110 | C19: CBT_I_Z_110 | D19: 1 | E19: 1e-05 | F19: 1e-05 | G19: 0.002 | H19: =I19*1.25 -> 233.75 | I19: 187
A20: AGN(I)(Z)>KSE(I)(Z)_110L1 | B20: AGN_I_Z_110 | C20: KSE_I_Z_110 | D20: 1 | E20: 1e-05 | F20: 0.002 | G20: 0.019 | H20: =I20*1.25 -> 233.75 | I20: 187
A21: AGL(I)(Z)>SH(I)(Z)_110L1 | B21: AGL_I_Z_110 | C21: SH_I_Z_110 | D21: 1 | E21: 0.068 | F21: 0.157 | G21: 0.017 | H21: =I21*1.25 -> 130 | I21: 104
A22: AHA(I)(Z)>KLN(I)(Z)_110L1 | B22: AHA_I_Z_110 | C22: KLN_I_Z_110 | D22: 1 | E22: 0.004 | F22: 0.012 | G22: 0.004 | H22: =I22*1.25 -> 140 | I22: 112
A23: ANR(I)(Z)>DOO(I)(Z)_110L1 | B23: ANR_I_Z_110 | C23: DOO_I_Z_110 | D23: 1 | E23: 0.003 | F23: 0.007 | G23: 0.001 | H23: =I23*1.25 -> 131.25 | I23: 105
A24: ANT(N)(Z)>KEL(N)(Z)_110L1 | B24: ANT_N_Z_110 | C24: KEL_N_Z_110 | D24: 1 | E24: 0.012 | F24: 0.03 | G24: 0.003 | H24: =I24*1.25 -> 102.5 | I24: 82
A25: ANT(N)(Z)>KEL(N)(Z)_110L2 | B25: ANT_N_Z_110 | C25: KEL_N_Z_110 | D25: 1 | E25: 0.012 | F25: 0.03 | G25: 0.003 | H25: =I25*1.25 -> 102.5 | I25: 82
A26: ARD(I)(Z)>TIV(I)(Z)_110L1 | B26: ARD_I_Z_110 | C26: TIV_I_Z_110 | D26: 1 | E26: 0.054 | F26: 0.12 | G26: 0.011 | H26: =I26*1.25 -> 131.25 | I26: 105
A27: ARI(I)(Z)>ARI(I)(T)_110L1 | B27: ARI_I_Z_110 | C27: ARI_I_T_110 | D27: 1 | E27: 0 | F27: 0.001 | G27: 0 | H27: =I27*1.25 -> 131.25 | I27: 105
A28: ARK(I)(Z)>BEG(I)(Z)_110L1 | B28: ARK_I_Z_110 | C28: BEG_I_Z_110 | D28: 1 | E28: 0.01 | F28: 0.079 | G28: 0.007 | H28: =I28*1.25 -> 123.75 | I28: 99
A29: ARK(I)(Z)>BOG(I)(Z)_110L1 | B29: ARK_I_Z_110 | C29: BOG_I_Z_110 | D29: 1 | E29: 0.021 | F29: 0.095 | G29: 0.01 | H29: =I29*1.25 -> 222.5 | I29: 178
A30: ARK(I)(Z)>CKM(I)(Z)_220L1 | B30: ARK_I_Z_220 | C30: CKM_I_Z_220 | D30: 1 | E30: 0.006 | F30: 0.046 | G30: 0.081 | H30: =I30*1.25 -> 542.5 | I30: 434
A31: ARK(I)(Z)>LOD(I)(Z)_220L1 | B31: ARK_I_Z_220 | C31: LWD_I_Z_220 | D31: 1 | E31: 0.005 | F31: 0.034 | G31: 0.051 | H31: =I31*1.25 -> 542.5 | I31: 434
A32: ARK(I)(Z)>SHE(I)(Z)_110L1 | B32: ARK_I_Z_110 | C32: SHE_I_Z_110 | D32: 1 | E32: 0.004 | F32: 0.008 | G32: 0.001 | H32: =I32*1.25 -> 42.5 | I32: 34
... A46: ATY(I)(Z)>CLW(I)(Z)_110L1 | B46: ATY_I_Z_110 | C46: CLW_I_Z_110 | D46: 1 | E46: 0.036 | F46: 0.083 | G46: 0.008 | H46: =I46*1.25 -> 123.75 | I46: 99
A47: ATY(I)(Z)>CNB(I)(Z)_110L1 | B47: ATY_I_Z_110 | C47: CNB_I_Z_110 | D47: 1 | E47: 0.034 | F47: 0.076 | G47: 0.007 | H47: =I47*1.25 -> 131.25 | I47: 105
A48: ATY(I)(Z)>PLS(I)(Z)_110L1 | B48: ATY_I_Z_110 | C48: PLS_I_Z_110 | D48: 1 | E48: 0.038 | F48: 0.088 | G48: 0.008 | H48: =I48*1.25 -> 123.75 | I48: 99
A49: AUG(I)(Z)>CFM(I)(Z)_110L1 | B49: AUG_I_Z_110 | C49: CFM_I_Z_110 | D49: 1 | E49: 0.001 | F49: 0.002 | G49: 0.001 | H49: =I49*1.25 -> 120 | I49: 96
A50: AUG(I)(Z)>CFM(I)(Z)_110L2 | B50: AUG_I_Z_110 | C50: CFM_I_Z_110 | D50: 1 | E50: 0.001 | F50: 0.002 | G50: 0.001 | H50: =I50*1.25 -> 120 | I50: 96
A51: AUG(I)(Z)>KPG(I)(Z)_110L1 | B51: AUG_I_Z_110 | C51: KPG_I_Z_110 | D51: 1 | E51: 0.021 | F51: 0.107 | G51: 0.012 | H51: =I51*1.25 -> 222.5 | I51: 178
A52: AUG(I)(Z)>MTN(I)(Z)_110L1 | B52: AUG_I_Z_110 | C52: MTN_I_Z_110 | D52: 1 | E52: 0.017 | F52: 0.089 | G52: 0.01 | H52: =I52*1.25 -> 222.5 | I52: 178
A53: AUG(I)(Z)>SK(I)(Z)_110L1 | B53: AUG_I_Z_110 | C53: SK_I_Z_110 | D53: 1 | E53: 0.001 | F53: 0.001 | G53: 0.006 | H53: =I53*1.25 -> 150 | I53: 120
A54: AUG(I)(Z)>SK(I)(Z)_110L2 | B54: AUG_I_Z_110 | C54: SK_I_Z_110 | D54: 1 | E54: 0.001 | F54: 0.001 | G54: 0.006 | H54: =I54*1.25 -> 150 | I54: 120
A55: BAL(I)(Z)>CDU(I)(Z)_110L1 | B55: BAL_I_Z_110 | C55: CDU_I_Z_110 | D55: 1 | E55: 0.011 | F55: 0.055 | G55: 0.006 | H55: =I55*1.25 -> 222.5 | I55: 178
A56: BAL(I)(Z)>DRY(I)(Z)_110L1 | B56: BAL_I_Z_110 | C56: DRY_I_Z_110 | D56: 1 | E56: 0.013 | F56: 0.065 | G56: 0.007 | H56: =I56*1.25 -> 222.5 | I56: 178
A57: BAL(I)(Z)>DEE(I)(Z)_110L1 | B57: BAL_I_Z_110 | C57: DEE_I_Z_110 | D57: 1 | E57: 0.007 | F57: 0.035 | G57: 0.004 | H57: =I57*1.25 -> 222.5 | I57: 178
A58: BAN(I)(Z)>BRI(I)(Z)_110L1 | B58: BAN_I_Z_110 | C58: BRI_I_Z_110 | D58: 1 | E58: 0.004 | F58: 0.009 | G58: 0.001 | H58: =I58*1.25 -> 131.25 | I58: 105
A59: BAN(I)(Z)>BRI(I)(Z)_110L2 | B59: BAN_I_Z_110 | C59: BRI_I_Z_110 | D59: 1 | E59: 0.004 | F59: 0.009 | G59: 0.001 | H59: =I59*1.25 -> 123.75 | I59: 99
A60: BAN(I)(Z)>DMY(I)(Z)_110L1 | B60: BAN_I_Z_110 | C60: DMY_I_Z_110 | D60: 1 | E60: 0.04 | F60: 0.089 | G60: 0.008 | H60: =I60*1.25 -> 123.75 | I60: 99
A61: BAN(I)(Z)>RAF(I)(Z)_110L1 | B61: BAN_I_Z_110 | C61: RAF_I_Z_110 | D61: 1 | E61: 0.041 | F61: 0.091 | G61: 0.012 | H61: =I61*1.25 -> 123.75 | I61: 99
A62: BAN(N)(Z)>TAN(N)(Z)_110L1 | B62: BAN_N_Z_110 | C62: TAN_N_Z_110 | D62: 1 | E62: 0.024 | F62: 0.062 | G62: 0.006 | H62: =I62*1.25 -> 102.5 | I62: 82
A63: BAN(N)(Z)>TAN(N)(Z)_110L2 | B63: BAN_N_Z_110 | C63: TAN_N_Z_110 | D63: 1 | E63: 0.019 | F63: 0.049 | G63: 0.005 | H63: =I63*1.25 -> 102.5 | I63: 82
A64: BAR(I)(Z)>BAR(I)(T)_110L1 | B64: BAR_I_Z_110 | C64: BAR_I_T_110 | D64: 1 | E64: 0 | F64: 0.001 | G64: 0 | H64: =I64*1.25 -> 170 | I64: 136
A65: BCT(I)(Z)>CKM(I)(Z)_110L1 | B65: BCT_I_Z_110 | C65: CKM_I_Z_110 | D65: 1 | E65: 0.002 | F65: 0.005 | G65: 0.031 | H65: =I65*1.25 -> 175 | I65: 140
A66: BCT(I)(Z)>COO(I)(Z)_110L1 | B66: BCT_I_Z_110 | C66: COO_I_Z_110 | D66: 1 | E66: 0.014 | F66: 0.045 | G66: 0.027 | H66: =I66*1.25 -> 162.5 | I66: 130
A67: BDA(I)(Z)>MON(I)(Z)_110L1 | B67: BDA_I_Z_110 | C67: MON_I_Z_110 | D67: 1 | E67: 0.01 | F67: 0.03 | G67: 0.029 | H67: =I67*1.25 -> 123.75 | I67: 99
A68: BDA(I)(Z)>NEW(I)(Z)_110L1 | B68: BDA_I_Z_110 | C68: NEW_I_Z_110 | D68: 1 | E68: 0.006 | F68: 0.017 | G68: 0.028 | H68: =I68*1.25 -> 152.5 | I68: 122
A69: BDN(I)(Z)>CUL(I)(Z)_110L1 | B69: BDN_I_Z_110 | C69: CUL_I_Z_110 | D69: 1 | E69: 0.031 | F69: 0.075 | G69: 0.007 | H69: =I69*1.25 -> 245 | I69: 196
... A72: BGH(I)(Z)>CLA(I)(Z)_110L1 | B72: BGH_I_Z_110 | C72: CLA_I_Z_110 | D72: 1 | E72: 0.008 | F72: 0.04 | G72: 0.027 | H72: =I72*1.25 -> 222.5 | I72: 178
A73: BGN(I)(Z)>MLC(I)(Z)_110L1 | B73: BGN_I_Z_110 | C73: MLC_I_Z_110 | D73: 1 | E73: 0.007 | F73: 0.015 | G73: 0.1 | H73: =I73*1.25 -> 155 | I73: 124
A74: BGT(I)(Z)>CNB(I)(Z)_110L1 | B74: BGT_I_Z_110 | C74: CNB_I_Z_110 | D74: 1 | E74: 0.018 | F74: 0.091 | G74: 0.01 | H74: =I74*1.25 -> 222.5 | I74: 178
A75: BGT(I)(Z)>GGT(I)(Z)_110L1 | B75: BGT_I_Z_110 | C75: GGT_I_Z_110 | D75: 1 | E75: 0.009 | F75: 0.044 | G75: 0.005 | H75: =I75*1.25 -> 222.5 | I75: 178
A76: BGT(I)(Z)>KKY(I)(Z)_110L1 | B76: BGT_I_Z_110 | C76: KKY_I_Z_110 | D76: 1 | E76: 0.014 | F76: 0.072 | G76: 0.008 | H76: =I76*1.25 -> 222.5 | I76: 178
A77: BIN(I)(Z)>CF(I)(Z)_110L1 | B77: BIN_I_Z_110 | C77: CF_I_Z_110 | D77: 1 | E77: 0.053 | F77: 0.118 | G77: 0.011 | H77: =I77*1.25 -> 123.75 | I77: 99
A78: BIN(I)(Z)>TIV(I)(Z)_110L1 | B78: BIN_I_Z_110 | C78: TIV_I_Z_110 | D78: 1 | E78: 0.024 | F78: 0.077 | G78: 0.008 | H78: =I78*1.25 -> 170 | I78: 136
A79: BK(I)(Z)>CBR(I)(Z)_110L1 | B79: BK_I_Z_110 | C79: CBR_I_Z_110 | D79: 1 | E79: 0.053 | F79: 0.128 | G79: 0.014 | H79: =I79*1.25 -> 243.75 | I79: 195
A80: BK(I)(Z)>CGW(I)(Z)_110L1 | B80: BK_I_Z_110 | C80: CGW_I_Z_110 | D80: 1 | E80: 0.002 | F80: 0.011 | G80: 0.001 | H80: =I80*1.25 -> 222.5 | I80: 178
A81: BK(I)(Z)>MOY(I)(Z)_110L1 | B81: BK_I_Z_110 | C81: MOY_I_Z_110 | D81: 1 | E81: 0.017 | F81: 0.088 | G81: 0.01 | H81: =I81*1.25 -> 222.5 | I81: 178
A82: BK(I)(Z)>SKY(I)(Z)_110L1 | B82: BK_I_Z_110 | C82: SKY_I_Z_110 | D82: 1 | E82: 0.001 | F82: 0.004 | G82: 0.044 | H82: =I82*1.25 -> 240 | I82: 192
A83: BK(I)(Z)>SKY(I)(Z)_110L2 | B83: BK_I_Z_110 | C83: SKY_I_Z_110 | D83: 1 | E83: 0.001 | F83: 0.004 | G83: 0.044 | H83: =I83*1.25 -> 233.75 | I83: 187
A84: BKT(I)(Z)>CUR(I)(Z)_110L1 | B84: BKT_I_Z_110 | C84: CUR_I_Z_110 | D84: 1 | E84: 0.004 | F84: 0.007 | G84: 0.072 | H84: =I84*1.25 -> 150 | I84: 120
A85: BKY(I)(Z)>CBT(I)(Z)_110L1 | B85: BKY_I_Z_110 | C85: CBT_I_Z_110 | D85: 1 | E85: 0 | F85: 0.001 | G85: 0.011 | H85: =I85*1.25 -> 233.75 | I85: 187
A86: BKY(I)(Z)>CBT(I)(Z)_110L2 | B86: BKY_I_Z_110 | C86: CBT_I_Z_110 | D86: 1 | E86: 0 | F86: 0.001 | G86: 0.011 | H86: =I86*1.25 -> 233.75 | I86: 187
A87: BKY(I)(Z)>KCY(I)(Z)_110 | B87: BKY_I_Z_110 | C87: KCY_I_Z_110 | D87: 1 | E87: 0 | F87: 0.001 | G87: 0.008 | H87: =I87*1.25 -> 233.75 | I87: 187
A88: BLA(I)(Z)>POT(I)(Z)_110L1 | B88: BLA_I_Z_110 | C88: POT_I_Z_110 | D88: 1 | E88: 0.002 | F88: 0.004 | G88: 0.092 | H88: =I88*1.25 -> 148.75 | I88: 119
A89: BLA(I)(Z)>RE(I)(Z)_110L1 | B89: BLA_I_Z_110 | C89: RE_I_Z_110 | D89: 1 | E89: 0.003 | F89: 0.006 | G89: 0.136 | H89: =I89*1.25 -> 148.75 | I89: 119
A90: BLC(I)(Z)>FIN(I)(Z)_220L1 | B90: BLC_I_Z_220 | C90: FIN_I_Z_220 | D90: 1 | E90: 0 | F90: 0.002 | G90: 0.332 | H90: =I90*1.25 -> 712.5 | I90: 570
A91: BLC(I)(Z)>SHL(I)(Z)_220L1 | B91: BLC_I_Z_220 | C91: SHL_I_Z_220 | D91: 1 | E91: 0.001 | F91: 0.003 | G91: 0.777 | H91: =I91*1.25 -> 712.5 | I91: 570
A92: BLC(I)(Z)>GRA(I)(Z)_110L1 | B92: BLC_I_Z_110 | C92: GRA_I_Z_110 | D92: 1 | E92: 0.0025 | F92: 0.005 | G92: 0.031 | H92: =I92*1.25 -> 175 | I92: 140
A93: BLC(I)(Z)>KLM(I)(Z)_110L1 | B93: BLC_I_Z_110 | C93: KLM_I_Z_110 | D93: 1 | E93: 0.002 | F93: 0.005 | G93: 0.029 | H93: =I93*1.25 -> 175 | I93: 140
A94: BLC(I)(Z)>MNH(I)(Z)_110L1 | B94: BLC_I_Z_110 | C94: MNH_I_Z_110 | D94: 1 | E94: 0.003 | F94: 0.002 | G94: 0.195 | H94: =I94*1.25 -> 1052.5 | I94: 842
A95: BLI(I)(Z)>DMY(I)(Z)_110L1 | B95: BLI_I_Z_110 | C95: DMY_I_Z_110 | D95: 1 | E95: 0.043 | F95: 0.094 | G95: 0.01 | H95: =I95*1.25 -> 131.25 | I95: 105
A96: BLK(I)(Z)>BLK(I)(Z)_110L1 | B96: BLK_I_Z_110 | C96: BLK_I_Z_110 | D96: 0 | E96: 0.001 | F96: 0.002 | G96: 0 | H96: =I96*1.25 -> 170 | I96: 136
A97: BMA(N)(Z)>KEL(N)(Z)_110L1 | B97: BMA_N_Z_110 | C97: KEL_N_Z_110 | D97: 1 | E97: 0.013 | F97: 0.035 | G97: 0.003 | H97: =I97*1.25 -> 136.25 | I97: 109
A98: BMA(N)(Z)>KEL(N)(Z)_110L2 | B98: BMA_N_Z_110 | C98: KEL_N_Z_110 | D98: 1 | E98: 0.015 | F98: 0.04 | G98: 0.004 | H98: =I98*1.25 -> 136.25 | I98: 109
A99: BNH(N)(Z)>CAS(N)(Z)_110L1 | B99: BNH_N_Z_110 | C99: CAS_N_Z_110 | D99: 1 | E99: 0.028 | F99: 0.071 | G99: 0.007 | H99: =I99*1.25 -> 102.5 | I99: 82
A100: BNH(N)(Z)>CAS(N)(Z)_110L2 | B100: BNH_N_Z_110 | C100: CAS_N_Z_110 | D100: 1 | E100: 0.028 | F100: 0.071 | G100: 0.007 | H100: =I100*1.25 -> 102.5 | I100: 82
A101: BNM(N)(Z)>DON(N)(Z)_110L1 | B101: BNM_N_Z_110 | C101: DON_N_Z_110 | D101: 1 | E101: 0.005 | F101: 0.005 | G101: 0.053 | H101: =I101*1.25 -> 93.75 | I101: 75
A102: BNM(N)(Z)>DON(N)(Z)_110L2 | B102: BNM_N_Z_110 | C102: DON_N_Z_110 | D102: 1 | E102: 0.005 | F102: 0.005 | G102: 0.053 | H102: =I102*1.25 -> 93.75 | I102: 75
A103: BOG(I)(Z)>TTU(I)(Z)_110L1 | B103: BOG_I_Z_110 | C103: TTU_I_Z_110 | D103: 1 | E103: =0.018/2 -> 0.009 | F103: =0.081/2 -> 0.0405 | G103: =0.009/2 -> 0.0045 | H103: =I103*1.25 -> 222.5 | I103: 178
A104: TTU(I)(Z)>CRA(I)(Z)_110L1 | B104: TTU_I_Z_110 | C104: CRA_I_Z_110 | D104: 1 | E104: =0.018/2 -> 0.009 | F104: =0.081/2 -> 0.0405 | G104: =0.009/2 -> 0.0045 | H104: =I104*1.25 -> 222.5 | I104: 178
A105: BOL(I)(Z)>ENN(I)(Z)_110L1 | B105: BOL_I_Z_110 | C105: ENN_I_Z_110 | D105: 1 | E105: 0.016 | F105: 0.08 | G105: 0.009 | H105: =I105*1.25 -> 222.5 | I105: 178
A106: BOL(I)(Z)>TBK(I)(T)_110L1 | B106: BOL_I_Z_110 | C106: TBK_I_T_110 | D106: 1 | E106: 0.012 | F106: 0.059 | G106: 0.006 | H106: =I106*1.25 -> 222.5 | I106: 178
A107: BPS(N)(Z)>BVG(N)(Z)_110L1 | B107: BPS_N_Z_110 | C107: BVG_N_Z_110 | D107: 1 | E107: 0.023 | F107: 0.058 | G107: 0.006 | H107: =I107*1.25 -> 102.5 | I107: 82
A108: BPS(N)(Z)>BVG(N)(Z)_110L2 | B108: BPS_N_Z_110 | C108: BVG_N_Z_110 | D108: 1 | E108: 0.023 | F108: 0.058 | G108: 0.006 | H108: =I108*1.25 -> 102.5 | I108: 82
A109: BPS(N)(Z)>BYC(N)(Z)_275L1 | B109: BPS_N_Z_275 | C109: BYC_N_Z_275 | D109: 1 | E109: 0 | F109: 0.001 | G109: 0.002 | H109: =I109*1.25 -> 887.5 | I109: 710
A110: BPS(N)(Z)>EDE(N)(Z)_110L1 | B110: BPS_N_Z_110 | C110: EDE_N_Z_110 | D110: 1 | E110: 0.023 | F110: 0.054 | G110: 0.005 | H110: =I110*1.25 -> 86.25 | I110: 69
A111: BPS(N)(Z)>EDE(N)(Z)_110L2 | B111: BPS_N_Z_110 | C111: EDE_N_Z_110 | D111: 1 | E111: 0.023 | F111: 0.053 | G111: 0.005 | H111: =I111*1.25 -> 87.5 | I111: 70
A112: BPS(N)(Z)>HAN(N)(Z)_275L1 | B112: BPS_N_Z_275 | C112: HAN_N_Z_275 | D112: 1 | E112: 0.002 | F112: 0.019 | G112: 0.114 | H112: =I112*1.25 -> 887.5 | I112: 710
A113: BPS(N)(Z)>KEL(N)(Z)_275L1 | B113: BPS_N_Z_275 | C113: KEL_N_Z_275 | D113: 1 | E113: 0.002 | F113: 0.014 | G113: 0.089 | H113: =I113*1.25 -> 887.5 | I113: 710
A114: BPS(N)(Z)>MAG(N)(Z)_275L1 | B114: BPS_N_Z_275 | C114: MAG_N_Z_275 | D114: 1 | E114: 0.003 | F114: 0.027 | G114: 0.169 | H114: =I114*1.25 -> 887.5 | I114: 710
A115: BRO(N)(Z)>RSK(N)(Z)_110L1 | B115: BRO_N_Z_110 | C115: RSK_N_Z_110 | D115: 1 | E115: 0.01 | F115: 0.062 | G115: 0.02 | H115: =I115*1.25 -> 180 | I115: 144
...

Sheet ts_Lmax
A1: timestep | B1: {=TRANSPOSE(_xlfn._xlws.FILTER(branch!$A$2:$A$591,branch!$D$2:$D$591<>0))} -> AA(I)(Z)>DRU(I)(Z)_110L1 | C1: AA(I)(Z)>ENN(I)(Z)_110L1 | D1: AA(I)(Z)>LIM(I)(Z)_110L1 | E1: AA1(I)(Z)>SNG(I)(Z)_110L1 | F1: AD(I)(Z)>GGO(I)(Z)_220L1 | G1: AD(I)(Z)>KRA(I)(Z)_220L1 | H1: AD(I)(Z)>KRA(I)(Z)_220L2 | I1: AD(I)(Z)>LPT(I)(Z)_220L1 | J1: AD(I)(Z)>RAF(I)(Z)_220L1 | K1: AD(I)(Z)>WHI(I)(Z)_110L1 | L1: ADM(I)(Z)>GCA(I)(Z)_110L1 | M1: ADM(I)(Z)>INC(I)(Z)_110L1 | N1: AGH(N)(Z)>ENN(N)(Z)_110L1 | O1: AGL(I)(Z)>DYN(I)(Z)_110L1 | P1: AGL(I)(Z)>ENN(I)(Z)_110L1 | Q1: AGN(I)(Z)>CBT(I)(Z)_110L1 | R1: AGN(I)(Z)>CBT(I)(Z)_110L2 | S1: AGN(I)(Z)>KSE(I)(Z)_110L1 | T1: AGL(I)(Z)>SH(I)(Z)_110L1 | U1: AHA(I)(Z)>KLN(I)(Z)_110L1 | V1: ANR(I)(Z)>DOO(I)(Z)_110L1 | W1: ANT(N)(Z)>KEL(N)(Z)_110L1 | X1: ANT(N)(Z)>KEL(N)(Z)_110L2 | Y1: ARD(I)(Z)>TIV(I)(Z)_110L1 | Z1: ARI(I)(Z)>ARI(I)(T)_110L1 | AA1: ARK(I)(Z)>BEG(I)(Z)_110L1 | AB1: ARK(I)(Z)>BOG(I)(Z)_110L1 | AC1: ARK(I)(Z)>CKM(I)(Z)_220L1 | AD1: ARK(I)(Z)>LOD(I)(Z)_220L1 | AE1: ARK(I)(Z)>SHE(I)(Z)_110L1 | AF1: ART(I)(Z)>FIN(I)(Z)_110L1 | AG1: ART(I)(Z)>MCD(I)(Z)_110L1 | AH1: ARV(I)(Z)>COS(I)(Z)_110L1 | AI1: ARV(I)(Z)>GWE(I)(Z)_110L1 | AJ1: ARV(I)(Z)>NAV(I)(Z)_110L1 | AK1: ARV(I)(Z)>SKL(I)(Z)_110L1 | AL1: ARV(I)(Z)>SKL(I)(Z)_110L2 | AM1: ATE(I)(Z)>DRO(I)(Z)_110L1 | AN1: ATE(I)(Z)>KNR(I)(Z)_110L1 | AO1: ATH(I)(Z)>LA(I)(Z)_110L1 | AP1: ATH(I)(Z)>SH(I)(Z)_110L1 | AQ1: ATN(I)(Z)>INC(I)(Z)_110L1 | AR1: ATN(I)(Z)>INC(I)(Z)_110L2 | AS1: ATY(I)(Z)>CLW(I)(Z)_110L1 | AT1: ATY(I)(Z)>CNB(I)(Z)_110L1 | AU1: ATY(I)(Z)>PLS(I)(Z)_110L1 | AV1: AUG(I)(Z)>CFM(I)(Z)_110L1 | AW1: AUG(I)(Z)>CFM(I)(Z)_110L2 | AX1: AUG(I)(Z)>KPG(I)(Z)_110L1 | AY1: AUG(I)(Z)>MTN(I)(Z)_110L1 | AZ1: AUG(I)(Z)>SK(I)(Z)_110L1 | BA1: AUG(I)(Z)>SK(I)(Z)_110L2 | BB1: BAL(I)(Z)>CDU(I)(Z)_110L1 | BC1: BAL(I)(Z)>DRY(I)(Z)_110L1 | BD1: BAL(I)(Z)>DEE(I)(Z)_110L1 | BE1: BAN(I)(Z)>BRI(I)(Z)_110L1 | BF1: BAN(I)(Z)>BRI(I)(Z)_110L2 | BG1: BAN(I)(Z)>DMY(I)(Z)_110L1 | BH1: BAN(I)(Z)>RAF(I)(Z)_110L1 | BI1: BAN(N)(Z)>TAN(N)(Z)_110L1 | BJ1: BAN(N)(Z)>TAN(N)(Z)_110L2 | BK1: BAR(I)(Z)>BAR(I)(T)_110L1 | BL1: BCT(I)(Z)>CKM(I)(Z)_110L1 | BM1: BCT(I)(Z)>COO(I)(Z)_110L1 | BN1: BDA(I)(Z)>MON(I)(Z)_110L1 | BO1: BDA(I)(Z)>NEW(I)(Z)_110L1 | BP1: BDN(I)(Z)>CUL(I)(Z)_110L1 | BQ1: BDN(I)(Z)>DOO(I)(Z)_110L1 | BR1: BEG(I)(Z)>CKM(I)(Z)_110L1 | BS1: BGH(I)(Z)>CLA(I)(Z)_110L1 | BT1: BGN(I)(Z)>MLC(I)(Z)_110L1 | BU1: BGT(I)(Z)>CNB(I)(Z)_110L1 | BV1: BGT(I)(Z)>GGT(I)(Z)_110L1 | BW1: BGT(I)(Z)>KKY(I)(Z)_110L1 | BX1: BIN(I)(Z)>CF(I)(Z)_110L1 | BY1: BIN(I)(Z)>TIV(I)(Z)_110L1 | BZ1: BK(I)(Z)>CBR(I)(Z)_110L1 | CA1: BK(I)(Z)>CGW(I)(Z)_110L1 | CB1: BK(I)(Z)>MOY(I)(Z)_110L1 | CC1: BK(I)(Z)>SKY(I)(Z)_110L1 | CD1: BK(I)(Z)>SKY(I)(Z)_110L2 | CE1: BKT(I)(Z)>CUR(I)(Z)_110L1 | CF1: BKY(I)(Z)>CBT(I)(Z)_110L1 | CG1: BKY(I)(Z)>CBT(I)(Z)_110L2 | CH1: BKY(I)(Z)>KCY(I)(Z)_110 | CI1: BLA(I)(Z)>POT(I)(Z)_110L1 | CJ1: BLA(I)(Z)>RE(I)(Z)_110L1 | CK1: BLC(I)(Z)>FIN(I)(Z)_220L1 | CL1: BLC(I)(Z)>SHL(I)(Z)_220L1 | CM1: BLC(I)(Z)>GRA(I)(Z)_110L1 | CN1: BLC(I)(Z)>KLM(I)(Z)_110L1 | CO1: BLC(I)(Z)>MNH(I)(Z)_110L1 | CP1: BLI(I)(Z)>DMY(I)(Z)_110L1 | CQ1: BMA(N)(Z)>KEL(N)(Z)_110L1 | CR1: BMA(N)(Z)>KEL(N)(Z)_110L2 | CS1: BNH(N)(Z)>CAS(N)(Z)_110L1 | CT1: BNH(N)(Z)>CAS(N)(Z)_110L2 | CU1: BNM(N)(Z)>DON(N)(Z)_110L1 | CV1: BNM(N)(Z)>DON(N)(Z)_110L2 | CW1: BOG(I)(Z)>TTU(I)(Z)_110L1 | CX1: TTU(I)(Z)>CRA(I)(Z)_110L1 | CY1: BOL(I)(Z)>ENN(I)(Z)_110L1 | CZ1: BOL(I)(Z)>TBK(I)(T)_110L1 | DA1: BPS(N)(Z)>BVG(N)(Z)_110L1 | DB1: BPS(N)(Z)>BVG(N)(Z)_110L2 | DC1: BPS(N)(Z)>BYC(N)(Z)_275L1 | DD1: BPS(N)(Z)>EDE(N)(Z)_110L1 | DE1: BPS(N)(Z)>EDE(N)(Z)_110L2 | DF1: BPS(N)(Z)>HAN(N)(Z)_275L1 | DG1: BPS(N)(Z)>KEL(N)(Z)_275L1 | DH1: BPS(N)(Z)>MAG(N)(Z)_275L1 | DI1: BRO(N)(Z)>RSK(N)(Z)_110L1 | DJ1: BRY(I)(Z)>RAF(I)(Z)_110L1 | DK1: BRY(I)(Z)>RAF(I)(Z)_110L2 | DL1: BTN(I)(Z)>CLE(I)(Z)_220L1 | DM1: BTN(I)(Z)>CLE(I)(Z)_220L2 | DN1: BUT(I)(Z)>CUL(I)(Z)_110L1 | DO1: BUT(I)(Z)>KTN(I)(Z)_110L1 | DP1: BVG(N)(Z)>KEL(N)(Z)_110L1 | DQ1: BVG(N)(Z)>KEL(N)(Z)_110L2 | DR1: BVG(N)(Z)>LAR(N)(Z)_110L1 | DS1: BVG(N)(Z)>LAR(N)(Z)_110L2 | DT1: BVK(I)(Z)>BYH(I)(Z)_220L1 | DU1: BVK(I)(Z)>CLA(I)(Z)_220L1 | DV1: BVK(I)(Z)>CTG(I)(Z)_110L1 | DW1: BWR(I)(Z)>CRA(I)(Z)_110L1 | DX1: BYH(I)(Z)>CDL(I)(Z)_110L1 | DY1: BYH(I)(Z)>GLE(I)(Z)_110L1 | DZ1: CAB(I)(Z)>PTN(I)(Z)_110L1 | EA1: CAB(I)(Z)>WOL(I)(Z)_110L1 | EB1: CAH(I)(Z)>BAR(I)(T)_110L1 | EC1: CAH(I)(Z)>DOO(I)(Z)_110L1 | ED1: CAH(I)(Z)>KHL(I)(Z)_110L1 | EE1: CAH(I)(Z)>TIP(I)(Z)_110L1 | EF1: CAR(N)(Z)>CAS(N)(Z)_110L1 | EG1: CAR(N)(Z)>CAS(N)(Z)_110L2 | EH1: CAR(N)(Z)>EDE(N)(Z)_110L1 | EI1: CAR(N)(Z)>EDE(N)(Z)_110L2 | EJ1: CAS(N)(Z)>CRE(N)(Z)_110L1 | EK1: CAS(N)(Z)>CRE(N)(Z)_110L2 | EL1: CAS(N)(Z)>HAN(N)(Z)_275L1 | EM1: CAS(N)(Z)>HAN(N)(Z)_275L2 | EN1: CAS(N)(Z)>KNO(N)(Z)_110L1 | EO1: CAS(N)(Z)>KNO(N)(Z)_110L2 | EP1: CAS(N)(Z)>KPS(N)(Z)_275L1 | EQ1: CAS(N)(Z)>NAR(N)(Z)_110L1 | ER1: CAS(N)(Z)>NAR(N)(Z)_110L2 | ES1: CAS(N)(Z)>RAT(N)(Z)_110L1 | ET1: CAS(N)(Z)>RAT(N)(Z)_110L2 | EU1: CAS(N)(Z)>ROS(N)(Z)_110L1 | EV1: CAS(N)(Z)>ROS(N)(Z)_110L2 | EW1: CAS(N)(Z)>TAN(N)(Z)_275L1 | EX1: CTN(I)(Z)>KLN(I)(Z)_110L1 | EY1: CBL(I)(Z)>TRI(I)(Z)_110L1 | EZ1: CBG(I)(Z)>CBR(I)(Z)_110L1 | FA1: CBR(I)(Z)>CLN(I)(Z)_110L1 | FB1: CBR(I)(Z)>DLT(I)(Z)_110L1 | FC1: CBT(I)(Z)>INC(I)(Z)_220L1 | FD1: CBT(I)(Z)>KCY(I)(Z)_110L1 | FE1: CBT(I)(Z)>INC(I)(Z)_220L2 | FF1: CBT(I)(Z)>MAY(I)(Z)_220L1 | FG1: CBT(I)(Z)>MAY(I)(Z)_220L2 | FH1: CD(I)(Z)>KBY(I)(Z)_110L1 | FI1: CD(I)(Z)>MAC(I)(Z)_110L1 | FJ1: CDK(I)(Z)>LWD(I)(Z)_110L1 | FK1: CDU(I)(Z)>FIN(I)(Z)_220L1 | FL1: CDU(I)(Z)>FIN(I)(Z)_220L2 | FM1: CDU(I)(Z)>HN(I)(Z)_220L1 | FN1: CDU(I)(Z)>BLU(I)(Z)_110L1 | FO1: CDU(I)(Z)>GLN(I)(Z)_110L1 | FP1: BLU(I)(Z)>MUL(I)(Z)_110L1 | FQ1: CDU(I)(Z)>PLA(I)(Z)_110L1 | FR1: CDU(I)(Z)>RYB(I)(Z)_110L1 | FS1: CDU(I)(Z)>SBH(I)(Z)_110L1 | FT1: CDU(I)(Z)>WOO(I)(Z)_220L1 | FU1: CDY(I)(Z)>ARI(I)(T)_110L1 | FV1: CDY(I)(Z)>GRV(I)(Z)_110L1 | FW1: CDY(I)(Z)>SRA(I)(Z)_110L1 | FX1: CEN(N)(Z)>CRE(N)(Z)_110L1 | FY1: CEN(N)(Z)>CRE(N)(Z)_110L2 | FZ1: CF(I)(Z)>CAD(Y)(Z)_110L1 | GA1: CF(I)(Z)>CKL(Y)(Z)_110L1 | GB1: CF(I)(Z)>CL(I)(Z)_110L1 | GC1: CF(I)(Z)>CLO(I)(Z)_110L1 | GD1: CF(I)(Z)>CLO(I)(Z)_110L2 | GE1: CF(I)(Z)>COR(I)(Z)_110L1 | GF1: CF(I)(Z)>SRA(I)(Z)_110L1 | GG1: CF(I)(Z)>SRA(I)(Z)_110L2 | GH1: CFD(I)(Z)>MUL(I)(Z)_110L1 | GI1: CFD(I)(Z)>KIN(I)(Z)_110L1 | GJ1: CGL(I)(Z)>GAE(I)(Z)_110L1 | GK1: CHA(I)(Z)>GLE(I)(Z)_110L1 | GL1: CHA(I)(Z)>KLN(I)(Z)_110L1 | GM1: CHA(I)(Z)>MAL(I)(Z)_110L1 | GN1: CHE(I)(Z)>FAS(I)(Z)_110L1 | GO1: CKG(I)(Z)>CBT(I)(Z)_110L1 | GP1: CKG(I)(Z)>CBT(I)(Z)_110L2 | GQ1: CKG(I)(Z)>KUD(I)(Z)_110L1 | GR1: CKM(I)(Z)>CHE(I)(Z)_110L1 | GS1: CKM(I)(Z)>COO(I)(Z)_110L1 | GT1: CKM(I)(Z)>DSN(I)(Z)_220L1 | GU1: CKM(I)(Z)>FAS(I)(Z)_110L1 | GV1: CKM(I)(Z)>FAS(I)(Z)_110L2 | GW1: CKM(I)(Z)>ISH(I)(Z)_220L1 | GX1: CKM(I)(Z)>POT(I)(Z)_110L1 | GY1: CKN(I)(Z)>CGL(I)(Z)_110L1 | GZ1: CKN(I)(Z)>GRO(I)(Z)_110L1 | HA1: CKN(I)(Z)>KER(I)(Z)_110L1 | HB1: CLA(I)(Z)>CKN(I)(Z)_110L1 | HC1: CLA(I)(Z)>DMY(I)(Z)_110L1 | HD1: CLA(I)(Z)>KRA(I)(Z)_220L1 | HE1: CLA(I)(Z)>MAC(I)(Z)_110L1 | HF1: CLA(I)(Z)>MAC(I)(Z)_110L2 | HG1: CLE(I)(Z)>CDU(I)(Z)_220L1 | HH1: CLE(I)(Z)>WOO(I)(Z)_220L1 | HI1: CLG(I)(Z)>CDU(I)(Z)_110L1 | HJ1: CLG(I)(Z)>FIN(I)(Z)_110L1 | HK1: CLH(I)(Z)>TRI(I)(Z)_110L1 | HL1: CLH(I)(Z)>TRL(I)(Z)_110L1 | HM1: CLN(I)(Z)>LA(I)(Z)_110L1 | HN1: CLO(I)(Z)>CF(I)(Z)_110L1 | HO1: CLO(I)(Z)>GOL(I)(T)_110L1 | HP1: CLO(I)(Z)>MRY(I)(Z)_110L1 | HQ1: CLU(I)(Z)>CBT(I)(Z)_110L1 | HR1: CLU(I)(Z)>KUD(I)(Z)_110L1 | HS1: CLW(I)(Z)>KLS(I)(Z)_110L1 | HT1: CLW(I)(Z)>KLS(I)(Z)_110L2 | HU1: CLW(I)(Z)>STR(I)(T)_110L1 | HV1: CNB(I)(Z)>GGT(I)(T)_110L1 | HW1: CNB(I)(Z)>PLS(I)(T)_110L1 | HX1: CNB(I)(Z)>MP(I)(T)_380L1 | HY1: CNB(I)(Z)>DSN(I)(T)_380L1 | HZ1: COL(I)(Z)>CDU(I)(Z)_110L1 | IA1: COL(I)(Z)>FIN(I)(Z)_110L1 | IB1: COL(N)(Z)>CPS(N)(Z)_110L1 | IC1: COL(N)(Z)>LIM(N)(Z)_110L1 | ID1: COL(N)(Z)>LOG(N)(Z)_110L1 | IE1: COL(N)(Z)>LOG(N)(Z)_110L2 | IF1: COL(N)(Z)>RSK(N)(Z)_110L1 | IG1: COO(I)(Z)>FTT(I)(Z)_110L1 | IH1: COO(I)(Z)>INC(I)(Z)_110L1 | II1: COR(I)(Z)>ENN(N)(Z)_110L1 | IJ1: COR(I)(Z)>GWE(I)(Z)_110L1 | IK1: COS(I)(Z)>ARI(I)(T)_110L1 | IL1: COS(I)(Z)>FLA(I)(Z)_110L1 | IM1: COS(I)(Z)>FLA(I)(Z)_110L2 | IN1: COW(I)(Z)>OLD(I)(Z)_110L1 | IO1: COW(I)(Z)>OLD(I)(Z)_110L2 | IP1: COW(I)(Z)>RAF(I)(Z)_110L1 | IQ1: COW(I)(Z)>WHI(I)(Z)_110L1 | IR1: CPK(I)(Z)>CKM(I)(Z)_110L1 | IS1: CPK(I)(Z)>TNY(I)(Z)_110L1 | IT1: CPS(N)(Z)>CRD(N)(Z)_110L1 | IU1: CPS(N)(Z)>KMT(N)(Z)_110L1 | IV1: CPS(N)(Z)>LIM(N)(Z)_110L1 | IW1: CPS(N)(Z)>LMR(N)(Z)_110L1 | IX1: CPS(N)(Z)>LMR(N)(Z)_110L2 | IY1: CPS(N)(Z)>MAG(N)(Z)_275L1 | IZ1: CPS(N)(Z)>MAG(N)(Z)_275L2 | JA1: CPS(N)(Z)>SPR(N)(Z)_110L1 | JB1: CPS(N)(Z)>SPR(N)(Z)_110L2 | JC1: CPS(N)(Z)>STR(N)(Z)_110L1 | JD1: CRA(I)(Z)>LWD(I)(Z)_110L1 | JE1: CRA(I)(Z)>WEX(I)(Z)_110L1 | JF1: CRG(N)(Z)>KEL(N)(Z)_110L1 | JG1: CRG(N)(Z)>TMN(N)(Z)_110L1 | JH1: CRM(I)(Z)>KLM(I)(Z)_110L1 | JI1: CRM(I)(Z)>KLM(I)(Z)_110L2 | JJ1: CRO(I)(Z)>IA(I)(Z)_110L1 | JK1: CRO(I)(Z)>KBY(I)(Z)_110L1 | JL1: CSH(I)(Z)>CLN(I)(Z)_110L1 | JM1: CSH(I)(Z)>DLT(I)(Z)_110L1 | JN1: CSH(I)(Z)>ENN(I)(Z)_110L1 | JO1: CSH(I)(Z)>FLA(I)(Z)_220L1 | JP1: CSH(I)(Z)>GAL(I)(Z)_110L1 | JQ1: CSH(I)(Z)>GAL(I)(Z)_110L2 | JR1: CSH(I)(Z)>GAL(I)(Z)_110L3 | JS1: CSH(I)(Z)>PRO(I)(Z)_220L1 | JT1: CSH(I)(Z)>SAL(I)(Z)_110L1 | JU1: CSH(I)(Z)>SOM(I)(T)_110L1 | JV1: CSH(I)(Z)>TYN(I)(Z)_220L1 | JW1: CTN(I)(Z)>TIP(I)(Z)_110L1 | JX1: CTY(I)(Z)>FTT(I)(Z)_110L1 | JY1: CTY(I)(Z)>INC(I)(Z)_110L1 | JZ1: CUL(I)(Z)>DGN(I)(Z)_110L1 | KA1: CUL(I)(Z)>GI(I)(Z)_220L1 | KB1: CUL(I)(Z)>KRA(I)(Z)_220L1 | KC1: CUL(I)(Z)>WAT(I)(Z)_110L1 | KD1: CUL(I)(Z)>RTO(I)(Z)_110L1 | KE1: CUN(I)(Z)>GLR(I)(Z)_110L1 | KF1: CUN(I)(Z)>SLI(I)(Z)_110L1 | KG1: CUR(I)(Z)>BKM(I)(Z)_110L1 | KH1: CUR(I)(Z)>NEN(I)(Z)_110L1 | KI1: CUS(I)(Z)>MLC(I)(Z)_110L1 | KJ1: CUS(I)(Z)>NEW(I)(Z)_110L1 | KK1: CUS(I)(Z)>PLS(I)(Z)_110L1 | KL1: CUS(I)(Z)>PPT(I)(Z)_110L1 | KM1: CVW(I)(Z)>COW(I)(Z)_110L1 | KN1: CVW(I)(Z)>DKL(I)(Z)_110L1 | KO1: CVW(I)(Z)>KRA(I)(Z)_110L1 | KP1: DAL(I)(Z)>DAL(I)(T)_110L1 | KQ1: DDK(I)(Z)>LOU(I)(Z)_110L1 | KR1: DDK(I)(Z)>MLN(I)(Z)_110L1 | KS1: DER(I)(Z)>KIN(I)(Z)_110L1 | KT1: DER(I)(Z)>TEN(I)(Z)_110L1 | KU1: TEN(I)(Z)>MAY(I)(Z)_110L1 | KV1: DER(I)(Z)>TSB(I)(Z)_110L1 | KW1: DEY(I)(Z)>DAL(I)(T)_110L1 | KX1: DEY(I)(Z)>PLS(I)(Z)_110L1 | KY1: DFR(I)(T)>DFR(I)(Z)_110L1 | KZ1: DFR(I)(Z)>MGT(I)(Z)_110L1 | LA1: DGN(I)(Z)>WHE(I)(Z)_110L1 | LB1: DGN(I)(Z)>RTO(I)(Z)_110L1 | LC1: DMY(I)(Z)>CDN(I)(Z)_110L1 | LD1: DMY(I)(Z)>MAC(I)(Z)_110L1 | LE1: DON(N)(Z)>FIN(N)(Z)_110L1 | LF1: DON(N)(Z)>FIN(N)(Z)_110L2 | LG1: DON(N)(Z)>HAN(N)(Z)_110L1 | LH1: DON(N)(Z)>HAN(N)(Z)_110L2 | LI1: DRM(I)(Z)>CLO(I)(Z)_110L1 | LJ1: DRM(I)(Z)>LET(I)(Z)_110L1 | LK1: DRM(I)(Z)>MEE(I)(Z)_110L1 | LL1: DRO(N)(Z)>ENN(N)(Z)_110L1 | LM1: DRO(N)(Z)>ENN(N)(Z)_110L2 | LN1: DRO(N)(Z)>OMA(N)(Z)_110L1 | LO1: DRO(N)(Z)>OMA(N)(Z)_110L2 | LP1: DRQ(N)(Z)>DRO(N)(Z)_110L1 | LQ1: DRU(I)(Z)>ENN(I)(Z)_110L1 | LR1: DRU(N)(Z)>TAN(N)(Z)_110L1 | LS1: DRU(N)(Z)>TAN(N)(Z)_110L2 | LT1: DRU(N)(Z)>TAN(N)(Z)_110L3 | LU1: DRU(N)(Z)>TMN(N)(Z)_110L1 | LV1: DRU(N)(Z)>TMN(N)(Z)_110L2 | LW1: DRY(I)(Z)>GOR(I)(Z)_110L1 | LX1: DRY(I)(Z)>LOU(I)(Z)_110L1 | LY1: DRY(I)(Z)>PLA(I)(Z)_110L1 | LZ1: DRY(I)(Z)>OBE(I)(Z)_110L1 | MA1: DSN(I)(Z)>KLS(I)(Z)_220L1 | MB1: DSN(I)(Z)>MAY(I)(Z)_220L1 | MC1: DSN(I)(Z)>MAY(I)(Z)_220L2 | MD1: DSN(I)(Z)>MAY(I)(Z)_220L3 | ME1: DSN(I)(Z)>MP(I)(Z)_380L1 | MF1: DSN(I)(Z)>TH(I)(Z)_220L1 | MG1: DTN(I)(Z)>BLC(I)(Z)_110L1 | MH1: DTN(I)(Z)>FIN(I)(Z)_110L1 | MI1: DTN(I)(Z)>KLM(I)(Z)_110L1 | MJ1: DUN(N)(Z)>OMA(N)(Z)_110L1 | MK1: DUN(N)(Z)>TMN(N)(Z)_110L1 | ML1: DUN(N)(Z)>TMN(N)(Z)_110L2 | MM1: DUN(N)(Z)>TMN(N)(Z)_110L3 | MN1: ENN(I)(Z)>SLC(I)(Z)_110L1 | MO1: FIN(I)(Z)>GLA(I)(Z)_110L1 | MP1: FIN(I)(Z)>GRA(I)(Z)_110L1 | MQ1: FIN(I)(Z)>HN(I)(Z)_220L1 | MR1: FIN(I)(Z)>MCD(I)(Z)_110L1 | MS1: FIN(I)(Z)>NW(I)(Z)_220L1 | MT1: FIN(I)(Z)>POP(I)(Z)_110L1 | MU1: FIN(I)(Z)>PTN(I)(Z)_110L1 | MV1: FIN(I)(Z)>SHL(I)(Z)_220L1 | MW1: FIN(I)(Z)>SVN(I)(Z)_110L1 | MX1: FIN(N)(Z)>HAN(N)(Z)_110L1 | MY1: FIN(N)(Z)>HAN(N)(Z)_110L2 | MZ1: FLA(I)(Z)>GIL(I)(Z)_110L1 | NA1: FLA(I)(Z)>LOU(I)(Z)_220L1 | NB1: FLA(I)(Z)>SLB(I)(Z)_110L1 | NC1: FLA(I)(Z)>SLI(I)(Z)_110L1 | ND1: FLA(I)(Z)>SRA(I)(Z)_220L1 | NE1: FLA(I)(Z)>TON(I)(Z)_110L1 | NF1: FRS(I)(Z)>HAR(I)(Z)_110L1 | NG1: FRS(I)(Z)>HEU(I)(Z)_110L1 | NH1: FRS(I)(Z)>INC(I)(Z)_110L1 | NI1: FRS(I)(Z)>TRN(I)(Z)_110L1 | NJ1: GAL(I)(Z)>SAL(I)(Z)_110L1 | NK1: GAL(I)(Z)>SEE(I)(Z)_110L1 | NL1: CDU(I)(Z)>GAN(I)(Z)_110L1 | NM1: GCA(I)(Z)>GRI(I)(T)_110L1 | NN1: GCA(I)(Z)>INC(I)(Z)_110L1 | NO1: GCA(I)(Z)>INC(I)(Z)_110L2 | NP1: GCA(I)(Z)>NAN(I)(Z)_110L1 | NQ1: GCA(I)(Z)>NAN(I)(Z)_110L2 | NR1: GGO(I)(Z)>RAF(I)(Z)_220L1 | NS1: GI(I)(Z)>KKY(I)(Z)_110L1 | NT1: GI(I)(Z)>KLS(I)(Z)_220L1 | NU1: GI(I)(Z)>LWD(I)(Z)_220L1 | NV1: GI(I)(Z)>LWN(I)(Z)_220L1 | NW1: GI(I)(Z)>WAT(I)(Z)_110L1 | NX1: GI(I)(Z)>WAT(I)(Z)_110L2 | NY1: GI(I)(Z)>ROP(I)(Z)_110L1 | NZ1: ROP(I)(Z)>WEX(I)(Z)_110L1 | OA1: GLA(I)(Z)>SVN(I)(Z)_110L1 | OB1: GLE(I)(Z)>KCR(I)(Z)_110L1 | OC1: GLE(N)(Z)>KEL(N)(Z)_110L1 | OD1: GLE(N)(Z)>KEL(N)(Z)_110L2 | OE1: GOL(I)(Z)>GOL(I)(T)_110L1 | OF1: GOR(I)(Z)>LOU(I)(Z)_220L1 | OG1: GOR(I)(Z)>MAY(I)(Z)_220L1 | OH1: GOR(I)(Z)>MTH(I)(Z)_110L1 | OI1: GOR(I)(Z)>NAV(I)(Z)_110L1 | OJ1: GOR(I)(Z)>NAV(I)(Z)_110L2 | OK1: GOR(I)(Z)>NAV(I)(Z)_110L3 | OL1: GOR(I)(Z)>GRH(I)(Z)_110L1 | OM1: GRH(I)(Z)>PLA(I)(Z)_110L1 | ON1: GOR(N)(Z)>OMA(N)(Z)_110L1 | OO1: GOR(N)(Z)>TMN(N)(Z)_110L1 | OP1: GRA(I)(Z)>NBY(I)(Z)_110L1 | OQ1: GRI(I)(T)>MAY(I)(Z)_110L1 | OR1: GRI(I)(Z)>GRI(I)(T)_110L1 | OS1: GRO(I)(Z)>BVK(I)(Z)_110L1 | OT1: HAN(N)(Z)>BYC(N)(Z)_275L1 | OU1: HAN(N)(Z)>LIS(N)(Z)_110L1 | OV1: HAN(N)(Z)>LIS(N)(Z)_110L2 | OW1: HAR(I)(Z)>RE(I)(Z)_110L1 | OX1: HEU(I)(Z)>INC(I)(Z)_110L1 | OY1: HWN(I)(Z)>MGT(I)(Z)_110L1 | OZ1: HWN(I)(Z)>KIN(I)(Z)_110L1 | PA1: HWN(I)(Z)>DFR(I)(T)_110L1 | PB1: IA(I)(Z)>MAC(I)(Z)_110L1 | PC1: IKE(I)(Z)>IKE(I)(T)_110L1 | PD1: INC(I)(Z)>ISH(I)(Z)_220L1 | PE1: INC(I)(Z)>MIL(I)(Z)_110L1 | PF1: INC(I)(Z)>PB(I)(Z)_220L1 | PG1: INC(I)(Z)>PB(I)(Z)_220L2 | PH1: ISH(I)(Z)>SHL(I)(Z)_220L1 | PI1: KBY(I)(Z)>KRA(I)(Z)_110L1 | PJ1: KBY(I)(Z)>KRA(I)(Z)_110L2 | PK1: KBY(I)(Z)>MAL(I)(Z)_110L1 | PL1: KBY(I)(Z)>MR(I)(Z)_110L1 | PM1: KBY(I)(Z)>MR(I)(Z)_110L2 | PN1: KEL(N)(Z)>KPS(N)(Z)_275L1 | PO1: KEL(N)(Z)>KPS(N)(Z)_275L2 | PP1: KEL(N)(Z)>MAG(N)(Z)_275L1 | PQ1: KEL(N)(Z)>RSK(N)(Z)_110L1 | PR1: KER(I)(Z)>OUG(I)(T)_110L1 | PS1: KIN(I)(Z)>DFR(I)(T)_110L1 | PT1: KIN(I)(Z)>MUL(I)(Z)_110L1 | PU1: KLH(I)(Z)>THU(I)(Z)_110L1 | PV1: KLM(I)(Z)>NBY(I)(Z)_110L1 | PW1: KLM(I)(Z)>POP(I)(Z)_110L1 | PX1: KLN(I)(Z)>CUR(I)(Z)_110L1 | PY1: KLN(I)(Z)>KPG(I)(Z)_220L1 | PZ1: KLN(I)(Z)>KRA(I)(Z)_220L1 | QA1: KLN(I)(Z)>LIM(I)(Z)_110L1 | QB1: KLN(I)(Z)>LIM(I)(Z)_110L2 | QC1: KLN(I)(Z)>SH(I)(Z)_220L1 | QD1: KLN(I)(Z)>SNG(I)(Z)_110L1 | QE1: KLP(I)(Z)>CNG(I)(Z)_110L1 | QF1: KLP(I)(Z)>KNR(I)(Z)_110L1 | QG1: KLP(I)(Z)>KNR(I)(Z)_220L1 | QH1: KLP(I)(Z)>KNR(I)(Z)_220L2 | QI1: KLP(I)(Z)>MP(I)(Z)_220L1 | QJ1: KLP(I)(Z)>MP(I)(Z)_220L2 | QK1: KLP(I)(Z)>RAT(I)(Z)_110L1 | QL1: KLP(I)(Z)>TB(I)(Z)_110L1 | QM1: KLP(I)(Z)>TB(I)(Z)_110L2 | QN1: KLP(I)(Z)>TB(I)(Z)_220L1 | QO1: KLP(I)(Z)>TB(I)(Z)_220L2 | QP1: KLP(I)(Z)>TRL(I)(Z)_110L1 | QQ1: KLP(I)(Z)>TRL(I)(Z)_110L2 | QR1: KLS(I)(Z)>KKY(I)(Z)_110L1 | QS1: KMT(N)(Z)>SLK(N)(Z)_110L1 | QT1: KMT(N)(Z)>STR(N)(Z)_110L1 | QU1: KNR(I)(Z)>BYH(I)(Z)_220L1 | QV1: KNR(I)(Z)>TRI(I)(Z)_110L1 | QW1: KNR(I)(Z)>TRI(I)(Z)_110L2 | QX1: KNY(I)(Z)>BUF(I)(Z)_110L1 | QY1: KNY(I)(Z)>KLH(I)(Z)_110L1 | QZ1: KNY(I)(Z)>SAL(I)(Z)_110L1 | RA1: KNY(I)(Z)>SCR(I)(Z)_110L1 | RB1: KNY(I)(Z)>UGL(I)(Z)_110L1 | RC1: KPS(N)(Z)>TAN(N)(Z)_275L1 | RD1: KRA(I)(Z)>BAR(I)(T)_110L1 | RE1: KRA(I)(Z)>LGT(I)(T)_110L1 | RF1: KRA(I)(Z)>MEN(I)(Z)_110L1 | RG1: KRA(I)(Z)>MID(I)(Z)_110L1 | RH1: KRA(I)(Z)>RAF(I)(Z)_220L1 | RI1: KRA(I)(Z)>WHO(I)(Z)_110L1 | RJ1: KTL(I)(Z)>MAY(I)(Z)_110L1 | RK1: KTL(I)(Z)>MON(I)(Z)_110L1 | RL1: KTN(I)(Z)>WAT(I)(Z)_110L1 | RM1: KUD(I)(Z)>CBT(I)(Z)_110L1 | RN1: KUR(I)(Z)>NAV(I)(Z)_110L1 | RO1: KYT(I)(Z)>MAY(I)(Z)_220L1 | RP1: KYT(I)(Z)>WOO(I)(Z)_220L1 | RQ1: LA(I)(Z)>MUL(I)(Z)_110L1 | RR1: LA(I)(Z)>RIC(I)(Z)_110L1 | RS1: LA(I)(Z)>RIC(I)(Z)_110L2 | RT1: LA(I)(Z)>SLB(I)(Z)_110L1 | RU1: LNA(I)(Z)>TIV(I)(Z)_110L1 | RV1: LCK(I)(Z)>MUL(I)(Z)_110L1 | RW1: LET(I)(Z)>GOL(I)(T)_110L1 | RX1: LET(I)(Z)>STR(N)(Z)_110L1 | RY1: LET(I)(Z)>TIV(I)(Z)_110L1 | RZ1: LET(I)(Z)>TLK(I)(Z)_110L1 | SA1: LET(I)(Z)>LNA(I)(Z)_110L1 | SB1: LIB(I)(Z)>MR(I)(Z)_110L1 | SC1: LIB(I)(Z)>MR(I)(Z)_110L2 | SD1: LIM(I)(Z)>MTN(I)(Z)_110L1 | SE1: LIM(I)(Z)>RAT(I)(Z)_110L1 | SF1: LIS(I)(Z)>LOU(I)(Z)_110L1 | SG1: LIS(I)(Z)>LSA(I)(T)_110L1 | SH1: LSA(I)(T)>SKL(I)(Z)_110L1 | SI1: LIS(N)(Z)>TAN(N)(Z)_110L1 | SJ1: LIS(N)(Z)>TAN(N)(Z)_110L2 | SK1: LOU(I)(Z)>MLN(I)(Z)_110L1 | SL1: LOU(I)(Z)>MTH(I)(Z)_110L1 | SM1: LOU(I)(Z)>RRU(I)(Z)_110L1 | SN1: LOU(I)(Z)>TAN(N)(Z)_275L1 | SO1: LOU(I)(Z)>TAN(N)(Z)_275L2 | SP1: LOU(I)(Z)>WOO(I)(Z)_220L1 | SQ1: LSA(I)(Z)>LSA(I)(T)_110L1 | SR1: LSN(I)(Z)>THU(I)(Z)_110L1 | SS1: MAG(N)(Z)>TMN(N)(Z)_275L1 | ST1: MAG(N)(Z)>TMN(N)(Z)_275L2 | SU1: MAY(I)(Z)>BLK(I)(Z)_110L1 | SV1: MAY(I)(Z)>GRI(I)(Z)_110L1 | SW1: MAY(I)(Z)>RNW(I)(Z)_110L1 | SX1: MAY(I)(Z)>RYB(I)(Z)_110L1 | SY1: MAY(I)(Z)>SH(I)(Z)_220L1 | SZ1: MAY(I)(Z)>TH(I)(Z)_220L1 | TA1: MAY(I)(Z)>WOO(I)(Z)_220L1 | TB1: MCD(I)(Z)>NQS(I)(Z)_110L1 | TC1: MCD(I)(Z)>WOL(I)(Z)_110L1 | TD1: MHL(I)(Z)>RE(I)(Z)_110L1 | TE1: MHL(I)(Z)>TRN(I)(Z)_110L1 | TF1: MID(I)(Z)>WHI(I)(Z)_110L1 | TG1: MID(I)(Z)>LGT(I)(Z)_110L1 | TH1: MIL(I)(Z)>RE(I)(Z)_110L1 | TI1: MIL(I)(Z)>RE(I)(Z)_110L2 | TJ1: MKL(N)(Z)>OMA(N)(Z)_110L1 | TK1: MLC(I)(Z)>TSB(I)(Z)_110L1 | TL1: MNH(I)(Z)>MTA(I)(Z)_110L1 | TM1: MOY(I)(Z)>TAW(I)(Z)_110L1 | TN1: MOY(I)(Z)>TAW(I)(Z)_110L2 | TO1: MP(I)(Z)>OST(I)(Z)_380L1 | TP1: MP(I)(Z)>PRO(I)(Z)_220L1 | TQ1: MP(I)(Z)>TBK(I)(T)_110L1 | TR1: MR(I)(Z)>TBG(I)(Z)_110L1 | TS1: MR(I)(Z)>TBG(I)(Z)_110L2 | TT1: MTN(I)(Z)>MUN(I)(Z)_110L1 | TU1: MTN(I)(Z)>MUN(I)(Z)_110L2 | TV1: NEW(I)(Z)>BLK(I)(Z)_110L1 | TW1: NEW(I)(Z)>PLS(I)(Z)_110L1 | TX1: NEW(N)(Z)>TAN(N)(Z)_110L1 | TY1: NEW(N)(Z)>TAN(N)(Z)_110L2 | TZ1: NQS(I)(Z)>RE(I)(Z)_110L1 | UA1: NW(I)(Z)>PB(I)(Z)_220L1 | UB1: OMA(N)(Z)>STR(N)(Z)_110L1 | UC1: OMA(N)(Z)>STR(N)(Z)_110L2 | UD1: OMA(N)(Z)>TRE(N)(Z)_110L1 | UE1: ONH(I)(Z)>MOY(I)(Z)_110L1 | UF1: OST(I)(Z)>TYN(I)(Z)_220L1 | UG1: OST(I)(Z)>WOO(I)(Z)_380L1 | UH1: OUG(I)(Z)>OUG(I)(T)_110L1 | UI1: PA(I)(Z)>STR(I)(T)_110L1 | UJ1: PB(I)(Z)>CKM(I)(Z)_220L1 | UK1: PB(I)(Z)>RE(I)(Z)_110L1 | UL1: PB(I)(Z)>RE(I)(Z)_110L2 | UM1: PB(I)(Z)>SHL(I)(Z)_220L1 | UN1: PLA(I)(Z)>OBE(I)(Z)_220L1 | UO1: PPT(I)(Z)>PLS(I)(Z)_110L1 | UP1: PRO(I)(Z)>TB(I)(Z)_220L1 | UQ1: RAF(I)(Z)>RSY(I)(Z)_110L1 | UR1: RAF(I)(Z)>TBG(I)(Z)_110L1 | US1: RAF(I)(Z)>TBG(I)(Z)_110L2 | UT1: RE(I)(Z)>WBK(I)(Z)_110L1 | UU1: REM(I)(Z)>TRL(I)(Z)_110L1 | UV1: RNW(I)(Z)>DFR(I)(T)_110L1 | UW1: RRU(I)(Z)>SKL(I)(Z)_110L1 | UX1: SBH(I)(Z)>MCE(I)(Z)_110L1 | UY1: SH(I)(Z)>DAL(I)(T)_110L1 | UZ1: SH(I)(Z)>IKE(I)(T)_110L1 | VA1: SH(I)(Z)>SOM(I)(T)_110L1 | VB1: SLI(I)(Z)>SRA(I)(Z)_110L1 | VC1: SLI(I)(Z)>SRA(I)(Z)_110L2 | VD1: SOM(I)(Z)>SOM(I)(T)_110L1 | VE1: SOR(I)(Z)>TLK(I)(Z)_110L1 | VF1: STR(I)(Z)>STR(I)(T)_110L1 | VG1: TAN(N)(Z)>TMN(N)(Z)_275L1 | VH1: TAN(N)(Z)>TMN(N)(Z)_275L2 | VI1: TAN(N)(Z)>WAR(N)(Z)_110L1 | VJ1: TAN(N)(Z)>WAR(N)(Z)_110L2 | VK1: TBK(I)(Z)>TBK(I)(T)_110L1 | VL1: THU(I)(Z)>IKE(I)(T)_110L1 | VM1: TRE(N)(Z)>TMN(N)(Z)_110L1 | VN1: TRL(I)(Z)>OUG(I)(T)_110L1 | VO1: WOO(I)(Z)>PRT(I)(Z)_380L1
A2: 05/07/25 00:00 | B2: {=1*TRANSPOSE(_xlfn._xlws.FILTER(branch!$I$2:$I$591,branch!$D$2:$D$591<>0))} -> 99 | C2: 99 | D2: 178 | E2: 145 | F2: 536 | G2: 393 | H2: 393 | I2: 593 | J2: 434 | K2: 99 | L2: 140 | M2: 103 | N2: 109 | O2: 105 | P2: 99 | Q2: 187 | R2: 187 | S2: 187 | T2: 104 | U2: 112 | V2: 105 | W2: 82 | X2: 82 | Y2: 105 | Z2: 105 | AA2: 99 | AB2: 178 | AC2: 434 | AD2: 434 | AE2: 34 | AF2: 120 | AG2: 120 | AH2: 104 | AI2: 178 | AJ2: 178 | AK2: 178 | AL2: 178 | AM2: 120 | AN2: 178 | AO2: 99 | AP2: 178 | AQ2: 140 | AR2: 140 | AS2: 99 | AT2: 105 | AU2: 99 | AV2: 96 | AW2: 96 | AX2: 178 | AY2: 178 | AZ2: 120 | BA2: 120 | BB2: 178 | BC2: 178 | BD2: 178 | BE2: 105 | BF2: 99 | BG2: 99 | BH2: 99 | BI2: 82 | BJ2: 82 | BK2: 136 | BL2: 140 | BM2: 130 | BN2: 99 | BO2: 122 | BP2: 196 | BQ2: 178 | BR2: 136 | BS2: 178 | BT2: 124 | BU2: 178 | BV2: 178 | BW2: 178 | BX2: 99 | BY2: 136 | BZ2: 195 | CA2: 178 | CB2: 178 | CC2: 192 | CD2: 187 | CE2: 120 | CF2: 187 | CG2: 187 | CH2: 187 | CI2: 119 | CJ2: 119 | CK2: 570 | CL2: 570 | CM2: 140 | CN2: 140 | CO2: 842 | CP2: 105 | CQ2: 109 | CR2: 109 | CS2: 82 | CT2: 82 | CU2: 75 | CV2: 75 | CW2: 178 | CX2: 178 | CY2: 178 | CZ2: 178 | DA2: 82 | DB2: 82 | DC2: 710 | DD2: 69 | DE2: 70 | DF2: 710 | DG2: 710 | DH2: 710 | DI2: 144 | DJ2: 63 | DK2: 99 | DL2: 570 | DM2: 570 | DN2: 178 | DO2: 200 | DP2: 109 | DQ2: 109 | DR2: 79 | DS2: 79 | DT2: 434 | DU2: 740 | DV2: 228 | DW2: 115 | DX2: 195 | DY2: 124 | DZ2: 80 | EA2: 120 | EB2: 105 | EC2: 178 | ED2: 178 | EE2: 178 | EF2: 69 | EG2: 70 | EH2: 69 | EI2: 69 | EJ2: 132 | EK2: 132 | EL2: 710 | EM2: 710 | EN2: 66 | EO2: 66 | EP2: 710 | EQ2: 109 | ER2: 109 | ES2: 82 | ET2: 82 | EU2: 144 | EV2: 144 | EW2: 710 | EX2: 178 | EY2: 124 | EZ2: 99 | FA2: 99 | FB2: 99 | FC2: 761 | FD2: 187 | FE2: 761 | FF2: 761 | FG2: 761 | FH2: 178 | FI2: 178 | FJ2: 115 | FK2: 434 | FL2: 434 | FM2: 555 | FN2: 123 | FO2: 178 | FP2: 130 | FQ2: 178 | FR2: 103 | FS2: 238 | FT2: 434 | FU2: 178 | FV2: 132 | FW2: 178 | FX2: 144 | FY2: 144 | FZ2: 140 | GA2: 140 | GB2: 136 | GC2: 178 | GD2: 178 | GE2: 178 | GF2: 196 | GG2: 178 | GH2: 178 | GI2: 178 | GJ2: 130 | GK2: 99 | GL2: 136 | GM2: 178 | GN2: 105 | GO2: 187 | GP2: 187 | GQ2: 187 | GR2: 105 | GS2: 130 | GT2: 434 | GU2: 105 | GV2: 105 | GW2: 593 | GX2: 119 | GY2: 178 | GZ2: 120 | HA2: 178 | HB2: 178 | HC2: 178 | HD2: 646 | HE2: 161 | HF2: 161 | HG2: 434 | HH2: 434 | HI2: 187 | HJ2: 124 | HK2: 99 | HL2: 105 | HM2: 63 | HN2: 178 | HO2: 187 | HP2: 136 | HQ2: 187 | HR2: 187 | HS2: 99 | HT2: 99 | HU2: 105 | HV2: 178 | HW2: 178 | HX2: 1577 | HY2: 1577 | HZ2: 143 | IA2: 104 | IB2: 82 | IC2: 82 | ID2: 82 | IE2: 82 | IF2: 186 | IG2: 124 | IH2: 136 | II2: 99 | IJ2: 178 | IK2: 178 | IL2: 99 | IM2: 99 | IN2: 105 | IO2: 105 | IP2: 99 | IQ2: 99 | IR2: 100 | IS2: 100 | IT2: 200 | IU2: 143 | IV2: 82 | IW2: 82 | IX2: 82 | IY2: 412 | IZ2: 412 | JA2: 82 | JB2: 82 | JC2: 109 | JD2: 178 | JE2: 99 | JF2: 82 | JG2: 109 | JH2: 140 | JI2: 140 | JJ2: 196 | JK2: 178 | JL2: 178 | JM2: 99 | JN2: 178 | JO2: 350 | JP2: 99 | JQ2: 99 | JR2: 99 | JS2: 392 | JT2: 97 | JU2: 99 | JV2: 761 | JW2: 178 | JX2: 124 | JY2: 103 | JZ2: 178 | KA2: 746 | KB2: 646 | KC2: 178 | KD2: 178 | KE2: 178 | KF2: 178 | KG2: 190 | KH2: 105 | KI2: 136 | KJ2: 134 | KK2: 136 | KL2: 136 | KM2: 99 | KN2: 105 | KO2: 99 | KP2: 105 | KQ2: 99 | KR2: 99 | KS2: 99 | KT2: 74 | KU2: 74 | KV2: 99 | KW2: 178 | KX2: 178 | KY2: 99 | KZ2: 104 | LA2: 178 | LB2: 178 | LC2: 211 | LD2: 196 | LE2: 69 | LF2: 69 | LG2: 144 | LH2: 144 | LI2: 103 | LJ2: 99 | LK2: 99 | LL2: 82 | LM2: 82 | LN2: 82 | LO2: 82 | LP2: 82 | LQ2: 99 | LR2: 79 | LS2: 79 | LT2: 108 | LU2: 109 | LV2: 109 | LW2: 99 | LX2: 99 | LY2: 99 | LZ2: 178 | MA2: 393 | MB2: 350 | MC2: 350 | MD2: 434 | ME2: 1283 | MF2: 351 | MG2: 140 | MH2: 140 | MI2: 140 | MJ2: 186 | MK2: 157 | ML2: 144 | MM2: 186 | MN2: 195 | MO2: 105 | MP2: 119 | MQ2: 593 | MR2: 119 | MS2: 332 | MT2: 120 | MU2: 80 | MV2: 536 | MW2: 105 | MX2: 144 | MY2: 144 | MZ2: 105 | NA2: 384 | NB2: 99 | NC2: 99 | ND2: 434 | NE2: 98 | NF2: 107 | NG2: 140 | NH2: 107 | NI2: 140 | NJ2: 99 | NK2: 99 | NL2: 178 | NM2: 103 | NN2: 103 | NO2: 103 | NP2: 120 | NQ2: 120 | NR2: 570 | NS2: 99 | NT2: 393 | NU2: 434 | NV2: 593 | NW2: 178 | NX2: 178 | NY2: 178 | NZ2: 178 | OA2: 136 | OB2: 122 | OC2: 82 | OD2: 82 | OE2: 105 | OF2: 434 | OG2: 350 | OH2: 99 | OI2: 99 | OJ2: 99 | OK2: 99 | OL2: 99 | OM2: 99 | ON2: 200 | OO2: 200 | OP2: 119 | OQ2: 105 | OR2: 105 | OS2: 195 | OT2: 710 | OU2: 82 | OV2: 80 | OW2: 107 | OX2: 140 | OY2: 136 | OZ2: 136 | PA2: 104 | PB2: 196 | PC2: 80 | PD2: 562 | PE2: 120 | PF2: 267 | PG2: 351 | PH2: 593 | PI2: 178 | PJ2: 99 | PK2: 134 | PL2: 103 | PM2: 103 | PN2: 710 | PO2: 710 | PP2: 710 | PQ2: 185 | PR2: 178 | PS2: 99 | PT2: 178 | PU2: 178 | PV2: 119 | PW2: 120 | PX2: 136 | PY2: 434 | PZ2: 512 | QA2: 99 | QB2: 80 | QC2: 269 | QD2: 178 | QE2: 140 | QF2: 136 | QG2: 731 | QH2: 731 | QI2: 660 | QJ2: 660 | QK2: 136 | QL2: 99 | QM2: 99 | QN2: 350 | QO2: 350 | QP2: 99 | QQ2: 178 | QR2: 99 | QS2: 109 | QT2: 143 | QU2: 434 | QV2: 178 | QW2: 99 | QX2: 140 | QY2: 190 | QZ2: 195 | RA2: 135 | RB2: 195 | RC2: 710 | RD2: 136 | RE2: 105 | RF2: 124 | RG2: 99 | RH2: 353 | RI2: 178 | RJ2: 99 | RK2: 136 | RL2: 99 | RM2: 187 | RN2: 99 | RO2: 761 | RP2: 761 | RQ2: 99 | RR2: 99 | RS2: 99 | RT2: 99 | RU2: 136 | RV2: 124 | RW2: 99 | RX2: 99 | RY2: 136 | RZ2: 105 | SA2: 136 | SB2: 100 | SC2: 99 | SD2: 178 | SE2: 99 | SF2: 99 | SG2: 99 | SH2: 99 | SI2: 82 | SJ2: 80 | SK2: 99 | SL2: 99 | SM2: 95 | SN2: 710 | SO2: 710 | SP2: 350 | SQ2: 120 | SR2: 104 | SS2: 710 | ST2: 710 | SU2: 99 | SV2: 99 | SW2: 80 | SX2: 178 | SY2: 269 | SZ2: 325 | TA2: 350 | TB2: 119 | TC2: 120 | TD2: 140 | TE2: 140 | TF2: 99 | TG2: 105 | TH2: 100 | TI2: 120 | TJ2: 139 | TK2: 135 | TL2: 190 | TM2: 99 | TN2: 99 | TO2: 1283 | TP2: 537 | TQ2: 178 | TR2: 178 | TS2: 178 | TT2: 105 | TU2: 105 | TV2: 136 | TW2: 105 | TX2: 82 | TY2: 82 | TZ2: 119 | UA2: 332 | UB2: 109 | UC2: 82 | UD2: 186 | UE2: 105 | UF2: 434 | UG2: 1577 | UH2: 105 | UI2: 105 | UJ2: 267 | UK2: 269 | UL2: 269 | UM2: 593 | UN2: 178 | UO2: 136 | UP2: 467 | UQ2: 63 | UR2: 195 | US2: 178 | UT2: 125 | UU2: 125 | UV2: 99 | UW2: 95 | UX2: 99 | UY2: 178 | UZ2: 178 | VA2: 105 | VB2: 99 | VC2: 99 | VD2: 105 | VE2: 105 | VF2: 105 | VG2: 710 | VH2: 710 | VI2: 79 | VJ2: 79 | VK2: 105 | VL2: 178 | VM2: 186 | VN2: 178 | VO2: 685
A3: 05/07/25 00:30 | B3: {=1*TRANSPOSE(_xlfn._xlws.FILTER(branch!$I$2:$I$591,branch!$D$2:$D$591<>0))} -> 99 | C3: 99 | D3: 178 | E3: 145 | F3: 536 | G3: 393 | H3: 393 | I3: 593 | J3: 434 | K3: 99 | L3: 140 | M3: 103 | N3: 109 | O3: 105 | P3: 99 | Q3: 187 | R3: 187 | S3: 187 | T3: 104 | U3: 112 | V3: 105 | W3: 82 | X3: 82 | Y3: 105 | Z3: 105 | AA3: 99 | AB3: 178 | AC3: 434 | AD3: 434 | AE3: 34 | AF3: 120 | AG3: 120 | AH3: 104 | AI3: 178 | AJ3: 178 | AK3: 178 | AL3: 178 | AM3: 120 | AN3: 178 | AO3: 99 | AP3: 178 | AQ3: 140 | AR3: 140 | AS3: 99 | AT3: 105 | AU3: 99 | AV3: 96 | AW3: 96 | AX3: 178 | AY3: 178 | AZ3: 120 | BA3: 120 | BB3: 178 | BC3: 178 | BD3: 178 | BE3: 105 | BF3: 99 | BG3: 99 | BH3: 99 | BI3: 82 | BJ3: 82 | BK3: 136 | BL3: 140 | BM3: 130 | BN3: 99 | BO3: 122 | BP3: 196 | BQ3: 178 | BR3: 136 | BS3: 178 | BT3: 124 | BU3: 178 | BV3: 178 | BW3: 178 | BX3: 99 | BY3: 136 | BZ3: 195 | CA3: 178 | CB3: 178 | CC3: 192 | CD3: 187 | CE3: 120 | CF3: 187 | CG3: 187 | CH3: 187 | CI3: 119 | CJ3: 119 | CK3: 570 | CL3: 570 | CM3: 140 | CN3: 140 | CO3: 842 | CP3: 105 | CQ3: 109 | CR3: 109 | CS3: 82 | CT3: 82 | CU3: 75 | CV3: 75 | CW3: 178 | CX3: 178 | CY3: 178 | CZ3: 178 | DA3: 82 | DB3: 82 | DC3: 710 | DD3: 69 | DE3: 70 | DF3: 710 | DG3: 710 | DH3: 710 | DI3: 144 | DJ3: 63 | DK3: 99 | DL3: 570 | DM3: 570 | DN3: 178 | DO3: 200 | DP3: 109 | DQ3: 109 | DR3: 79 | DS3: 79 | DT3: 434 | DU3: 740 | DV3: 228 | DW3: 115 | DX3: 195 | DY3: 124 | DZ3: 80 | EA3: 120 | EB3: 105 | EC3: 178 | ED3: 178 | EE3: 178 | EF3: 69 | EG3: 70 | EH3: 69 | EI3: 69 | EJ3: 132 | EK3: 132 | EL3: 710 | EM3: 710 | EN3: 66 | EO3: 66 | EP3: 710 | EQ3: 109 | ER3: 109 | ES3: 82 | ET3: 82 | EU3: 144 | EV3: 144 | EW3: 710 | EX3: 178 | EY3: 124 | EZ3: 99 | FA3: 99 | FB3: 99 | FC3: 761 | FD3: 187 | FE3: 761 | FF3: 761 | FG3: 761 | FH3: 178 | FI3: 178 | FJ3: 115 | FK3: 434 | FL3: 434 | FM3: 555 | FN3: 123 | FO3: 178 | FP3: 130 | FQ3: 178 | FR3: 103 | FS3: 238 | FT3: 434 | FU3: 178 | FV3: 132 | FW3: 178 | FX3: 144 | FY3: 144 | FZ3: 140 | GA3: 140 | GB3: 136 | GC3: 178 | GD3: 178 | GE3: 178 | GF3: 196 | GG3: 178 | GH3: 178 | GI3: 178 | GJ3: 130 | GK3: 99 | GL3: 136 | GM3: 178 | GN3: 105 | GO3: 187 | GP3: 187 | GQ3: 187 | GR3: 105 | GS3: 130 | GT3: 434 | GU3: 105 | GV3: 105 | GW3: 593 | GX3: 119 | GY3: 178 | GZ3: 120 | HA3: 178 | HB3: 178 | HC3: 178 | HD3: 646 | HE3: 161 | HF3: 161 | HG3: 434 | HH3: 434 | HI3: 187 | HJ3: 124 | HK3: 99 | HL3: 105 | HM3: 63 | HN3: 178 | HO3: 187 | HP3: 136 | HQ3: 187 | HR3: 187 | HS3: 99 | HT3: 99 | HU3: 105 | HV3: 178 | HW3: 178 | HX3: 1577 | HY3: 1577 | HZ3: 143 | IA3: 104 | IB3: 82 | IC3: 82 | ID3: 82 | IE3: 82 | IF3: 186 | IG3: 124 | IH3: 136 | II3: 99 | IJ3: 178 | IK3: 178 | IL3: 99 | IM3: 99 | IN3: 105 | IO3: 105 | IP3: 99 | IQ3: 99 | IR3: 100 | IS3: 100 | IT3: 200 | IU3: 143 | IV3: 82 | IW3: 82 | IX3: 82 | IY3: 412 | IZ3: 412 | JA3: 82 | JB3: 82 | JC3: 109 | JD3: 178 | JE3: 99 | JF3: 82 | JG3: 109 | JH3: 140 | JI3: 140 | JJ3: 196 | JK3: 178 | JL3: 178 | JM3: 99 | JN3: 178 | JO3: 350 | JP3: 99 | JQ3: 99 | JR3: 99 | JS3: 392 | JT3: 97 | JU3: 99 | JV3: 761 | JW3: 178 | JX3: 124 | JY3: 103 | JZ3: 178 | KA3: 746 | KB3: 646 | KC3: 178 | KD3: 178 | KE3: 178 | KF3: 178 | KG3: 190 | KH3: 105 | KI3: 136 | KJ3: 134 | KK3: 136 | KL3: 136 | KM3: 99 | KN3: 105 | KO3: 99 | KP3: 105 | KQ3: 99 | KR3: 99 | KS3: 99 | KT3: 74 | KU3: 74 | KV3: 99 | KW3: 178 | KX3: 178 | KY3: 99 | KZ3: 104 | LA3: 178 | LB3: 178 | LC3: 211 | LD3: 196 | LE3: 69 | LF3: 69 | LG3: 144 | LH3: 144 | LI3: 103 | LJ3: 99 | LK3: 99 | LL3: 82 | LM3: 82 | LN3: 82 | LO3: 82 | LP3: 82 | LQ3: 99 | LR3: 79 | LS3: 79 | LT3: 108 | LU3: 109 | LV3: 109 | LW3: 99 | LX3: 99 | LY3: 99 | LZ3: 178 | MA3: 393 | MB3: 350 | MC3: 350 | MD3: 434 | ME3: 1283 | MF3: 351 | MG3: 140 | MH3: 140 | MI3: 140 | MJ3: 186 | MK3: 157 | ML3: 144 | MM3: 186 | MN3: 195 | MO3: 105 | MP3: 119 | MQ3: 593 | MR3: 119 | MS3: 332 | MT3: 120 | MU3: 80 | MV3: 536 | MW3: 105 | MX3: 144 | MY3: 144 | MZ3: 105 | NA3: 384 | NB3: 99 | NC3: 99 | ND3: 434 | NE3: 98 | NF3: 107 | NG3: 140 | NH3: 107 | NI3: 140 | NJ3: 99 | NK3: 99 | NL3: 178 | NM3: 103 | NN3: 103 | NO3: 103 | NP3: 120 | NQ3: 120 | NR3: 570 | NS3: 99 | NT3: 393 | NU3: 434 | NV3: 593 | NW3: 178 | NX3: 178 | NY3: 178 | NZ3: 178 | OA3: 136 | OB3: 122 | OC3: 82 | OD3: 82 | OE3: 105 | OF3: 434 | OG3: 350 | OH3: 99 | OI3: 99 | OJ3: 99 | OK3: 99 | OL3: 99 | OM3: 99 | ON3: 200 | OO3: 200 | OP3: 119 | OQ3: 105 | OR3: 105 | OS3: 195 | OT3: 710 | OU3: 82 | OV3: 80 | OW3: 107 | OX3: 140 | OY3: 136 | OZ3: 136 | PA3: 104 | PB3: 196 | PC3: 80 | PD3: 562 | PE3: 120 | PF3: 267 | PG3: 351 | PH3: 593 | PI3: 178 | PJ3: 99 | PK3: 134 | PL3: 103 | PM3: 103 | PN3: 710 | PO3: 710 | PP3: 710 | PQ3: 185 | PR3: 178 | PS3: 99 | PT3: 178 | PU3: 178 | PV3: 119 | PW3: 120 | PX3: 136 | PY3: 434 | PZ3: 512 | QA3: 99 | QB3: 80 | QC3: 269 | QD3: 178 | QE3: 140 | QF3: 136 | QG3: 731 | QH3: 731 | QI3: 660 | QJ3: 660 | QK3: 136 | QL3: 99 | QM3: 99 | QN3: 350 | QO3: 350 | QP3: 99 | QQ3: 178 | QR3: 99 | QS3: 109 | QT3: 143 | QU3: 434 | QV3: 178 | QW3: 99 | QX3: 140 | QY3: 190 | QZ3: 195 | RA3: 135 | RB3: 195 | RC3: 710 | RD3: 136 | RE3: 105 | RF3: 124 | RG3: 99 | RH3: 353 | RI3: 178 | RJ3: 99 | RK3: 136 | RL3: 99 | RM3: 187 | RN3: 99 | RO3: 761 | RP3: 761 | RQ3: 99 | RR3: 99 | RS3: 99 | RT3: 99 | RU3: 136 | RV3: 124 | RW3: 99 | RX3: 99 | RY3: 136 | RZ3: 105 | SA3: 136 | SB3: 100 | SC3: 99 | SD3: 178 | SE3: 99 | SF3: 99 | SG3: 99 | SH3: 99 | SI3: 82 | SJ3: 80 | SK3: 99 | SL3: 99 | SM3: 95 | SN3: 710 | SO3: 710 | SP3: 350 | SQ3: 120 | SR3: 104 | SS3: 710 | ST3: 710 | SU3: 99 | SV3: 99 | SW3: 80 | SX3: 178 | SY3: 269 | SZ3: 325 | TA3: 350 | TB3: 119 | TC3: 120 | TD3: 140 | TE3: 140 | TF3: 99 | TG3: 105 | TH3: 100 | TI3: 120 | TJ3: 139 | TK3: 135 | TL3: 190 | TM3: 99 | TN3: 99 | TO3: 1283 | TP3: 537 | TQ3: 178 | TR3: 178 | TS3: 178 | TT3: 105 | TU3: 105 | TV3: 136 | TW3: 105 | TX3: 82 | TY3: 82 | TZ3: 119 | UA3: 332 | UB3: 109 | UC3: 82 | UD3: 186 | UE3: 105 | UF3: 434 | UG3: 1577 | UH3: 105 | UI3: 105 | UJ3: 267 | UK3: 269 | UL3: 269 | UM3: 593 | UN3: 178 | UO3: 136 | UP3: 467 | UQ3: 63 | UR3: 195 | US3: 178 | UT3: 125 | UU3: 125 | UV3: 99 | UW3: 95 | UX3: 99 | UY3: 178 | UZ3: 178 | VA3: 105 | VB3: 99 | VC3: 99 | VD3: 105 | VE3: 105 | VF3: 105 | VG3: 710 | VH3: 710 | VI3: 79 | VJ3: 79 | VK3: 105 | VL3: 178 | VM3: 186 | VN3: 178 | VO3: 685
A4: 05/07/25 01:00 | B4: {=1*TRANSPOSE(_xlfn._xlws.FILTER(branch!$I$2:$I$591,branch!$D$2:$D$591<>0))} -> 99 | C4: 99 | D4: 178 | E4: 145 | F4: 536 | G4: 393 | H4: 393 | I4: 593 | J4: 434 | K4: 99 | L4: 140 | M4: 103 | N4: 109 | O4: 105 | P4: 99 | Q4: 187 | R4: 187 | S4: 187 | T4: 104 | U4: 112 | V4: 105 | W4: 82 | X4: 82 | Y4: 105 | Z4: 105 | AA4: 99 | AB4: 178 | AC4: 434 | AD4: 434 | AE4: 34 | AF4: 120 | AG4: 120 | AH4: 104 | AI4: 178 | AJ4: 178 | AK4: 178 | AL4: 178 | AM4: 120 | AN4: 178 | AO4: 99 | AP4: 178 | AQ4: 140 | AR4: 140 | AS4: 99 | AT4: 105 | AU4: 99 | AV4: 96 | AW4: 96 | AX4: 178 | AY4: 178 | AZ4: 120 | BA4: 120 | BB4: 178 | BC4: 178 | BD4: 178 | BE4: 105 | BF4: 99 | BG4: 99 | BH4: 99 | BI4: 82 | BJ4: 82 | BK4: 136 | BL4: 140 | BM4: 130 | BN4: 99 | BO4: 122 | BP4: 196 | BQ4: 178 | BR4: 136 | BS4: 178 | BT4: 124 | BU4: 178 | BV4: 178 | BW4: 178 | BX4: 99 | BY4: 136 | BZ4: 195 | CA4: 178 | CB4: 178 | CC4: 192 | CD4: 187 | CE4: 120 | CF4: 187 | CG4: 187 | CH4: 187 | CI4: 119 | CJ4: 119 | CK4: 570 | CL4: 570 | CM4: 140 | CN4: 140 | CO4: 842 | CP4: 105 | CQ4: 109 | CR4: 109 | CS4: 82 | CT4: 82 | CU4: 75 | CV4: 75 | CW4: 178 | CX4: 178 | CY4: 178 | CZ4: 178 | DA4: 82 | DB4: 82 | DC4: 710 | DD4: 69 | DE4: 70 | DF4: 710 | DG4: 710 | DH4: 710 | DI4: 144 | DJ4: 63 | DK4: 99 | DL4: 570 | DM4: 570 | DN4: 178 | DO4: 200 | DP4: 109 | DQ4: 109 | DR4: 79 | DS4: 79 | DT4: 434 | DU4: 740 | DV4: 228 | DW4: 115 | DX4: 195 | DY4: 124 | DZ4: 80 | EA4: 120 | EB4: 105 | EC4: 178 | ED4: 178 | EE4: 178 | EF4: 69 | EG4: 70 | EH4: 69 | EI4: 69 | EJ4: 132 | EK4: 132 | EL4: 710 | EM4: 710 | EN4: 66 | EO4: 66 | EP4: 710 | EQ4: 109 | ER4: 109 | ES4: 82 | ET4: 82 | EU4: 144 | EV4: 144 | EW4: 710 | EX4: 178 | EY4: 124 | EZ4: 99 | FA4: 99 | FB4: 99 | FC4: 761 | FD4: 187 | FE4: 761 | FF4: 761 | FG4: 761 | FH4: 178 | FI4: 178 | FJ4: 115 | FK4: 434 | FL4: 434 | FM4: 555 | FN4: 123 | FO4: 178 | FP4: 130 | FQ4: 178 | FR4: 103 | FS4: 238 | FT4: 434 | FU4: 178 | FV4: 132 | FW4: 178 | FX4: 144 | FY4: 144 | FZ4: 140 | GA4: 140 | GB4: 136 | GC4: 178 | GD4: 178 | GE4: 178 | GF4: 196 | GG4: 178 | GH4: 178 | GI4: 178 | GJ4: 130 | GK4: 99 | GL4: 136 | GM4: 178 | GN4: 105 | GO4: 187 | GP4: 187 | GQ4: 187 | GR4: 105 | GS4: 130 | GT4: 434 | GU4: 105 | GV4: 105 | GW4: 593 | GX4: 119 | GY4: 178 | GZ4: 120 | HA4: 178 | HB4: 178 | HC4: 178 | HD4: 646 | HE4: 161 | HF4: 161 | HG4: 434 | HH4: 434 | HI4: 187 | HJ4: 124 | HK4: 99 | HL4: 105 | HM4: 63 | HN4: 178 | HO4: 187 | HP4: 136 | HQ4: 187 | HR4: 187 | HS4: 99 | HT4: 99 | HU4: 105 | HV4: 178 | HW4: 178 | HX4: 1577 | HY4: 1577 | HZ4: 143 | IA4: 104 | IB4: 82 | IC4: 82 | ID4: 82 | IE4: 82 | IF4: 186 | IG4: 124 | IH4: 136 | II4: 99 | IJ4: 178 | IK4: 178 | IL4: 99 | IM4: 99 | IN4: 105 | IO4: 105 | IP4: 99 | IQ4: 99 | IR4: 100 | IS4: 100 | IT4: 200 | IU4: 143 | IV4: 82 | IW4: 82 | IX4: 82 | IY4: 412 | IZ4: 412 | JA4: 82 | JB4: 82 | JC4: 109 | JD4: 178 | JE4: 99 | JF4: 82 | JG4: 109 | JH4: 140 | JI4: 140 | JJ4: 196 | JK4: 178 | JL4: 178 | JM4: 99 | JN4: 178 | JO4: 350 | JP4: 99 | JQ4: 99 | JR4: 99 | JS4: 392 | JT4: 97 | JU4: 99 | JV4: 761 | JW4: 178 | JX4: 124 | JY4: 103 | JZ4: 178 | KA4: 746 | KB4: 646 | KC4: 178 | KD4: 178 | KE4: 178 | KF4: 178 | KG4: 190 | KH4: 105 | KI4: 136 | KJ4: 134 | KK4: 136 | KL4: 136 | KM4: 99 | KN4: 105 | KO4: 99 | KP4: 105 | KQ4: 99 | KR4: 99 | KS4: 99 | KT4: 74 | KU4: 74 | KV4: 99 | KW4: 178 | KX4: 178 | KY4: 99 | KZ4: 104 | LA4: 178 | LB4: 178 | LC4: 211 | LD4: 196 | LE4: 69 | LF4: 69 | LG4: 144 | LH4: 144 | LI4: 103 | LJ4: 99 | LK4: 99 | LL4: 82 | LM4: 82 | LN4: 82 | LO4: 82 | LP4: 82 | LQ4: 99 | LR4: 79 | LS4: 79 | LT4: 108 | LU4: 109 | LV4: 109 | LW4: 99 | LX4: 99 | LY4: 99 | LZ4: 178 | MA4: 393 | MB4: 350 | MC4: 350 | MD4: 434 | ME4: 1283 | MF4: 351 | MG4: 140 | MH4: 140 | MI4: 140 | MJ4: 186 | MK4: 157 | ML4: 144 | MM4: 186 | MN4: 195 | MO4: 105 | MP4: 119 | MQ4: 593 | MR4: 119 | MS4: 332 | MT4: 120 | MU4: 80 | MV4: 536 | MW4: 105 | MX4: 144 | MY4: 144 | MZ4: 105 | NA4: 384 | NB4: 99 | NC4: 99 | ND4: 434 | NE4: 98 | NF4: 107 | NG4: 140 | NH4: 107 | NI4: 140 | NJ4: 99 | NK4: 99 | NL4: 178 | NM4: 103 | NN4: 103 | NO4: 103 | NP4: 120 | NQ4: 120 | NR4: 570 | NS4: 99 | NT4: 393 | NU4: 434 | NV4: 593 | NW4: 178 | NX4: 178 | NY4: 178 | NZ4: 178 | OA4: 136 | OB4: 122 | OC4: 82 | OD4: 82 | OE4: 105 | OF4: 434 | OG4: 350 | OH4: 99 | OI4: 99 | OJ4: 99 | OK4: 99 | OL4: 99 | OM4: 99 | ON4: 200 | OO4: 200 | OP4: 119 | OQ4: 105 | OR4: 105 | OS4: 195 | OT4: 710 | OU4: 82 | OV4: 80 | OW4: 107 | OX4: 140 | OY4: 136 | OZ4: 136 | PA4: 104 | PB4: 196 | PC4: 80 | PD4: 562 | PE4: 120 | PF4: 267 | PG4: 351 | PH4: 593 | PI4: 178 | PJ4: 99 | PK4: 134 | PL4: 103 | PM4: 103 | PN4: 710 | PO4: 710 | PP4: 710 | PQ4: 185 | PR4: 178 | PS4: 99 | PT4: 178 | PU4: 178 | PV4: 119 | PW4: 120 | PX4: 136 | PY4: 434 | PZ4: 512 | QA4: 99 | QB4: 80 | QC4: 269 | QD4: 178 | QE4: 140 | QF4: 136 | QG4: 731 | QH4: 731 | QI4: 660 | QJ4: 660 | QK4: 136 | QL4: 99 | QM4: 99 | QN4: 350 | QO4: 350 | QP4: 99 | QQ4: 178 | QR4: 99 | QS4: 109 | QT4: 143 | QU4: 434 | QV4: 178 | QW4: 99 | QX4: 140 | QY4: 190 | QZ4: 195 | RA4: 135 | RB4: 195 | RC4: 710 | RD4: 136 | RE4: 105 | RF4: 124 | RG4: 99 | RH4: 353 | RI4: 178 | RJ4: 99 | RK4: 136 | RL4: 99 | RM4: 187 | RN4: 99 | RO4: 761 | RP4: 761 | RQ4: 99 | RR4: 99 | RS4: 99 | RT4: 99 | RU4: 136 | RV4: 124 | RW4: 99 | RX4: 99 | RY4: 136 | RZ4: 105 | SA4: 136 | SB4: 100 | SC4: 99 | SD4: 178 | SE4: 99 | SF4: 99 | SG4: 99 | SH4: 99 | SI4: 82 | SJ4: 80 | SK4: 99 | SL4: 99 | SM4: 95 | SN4: 710 | SO4: 710 | SP4: 350 | SQ4: 120 | SR4: 104 | SS4: 710 | ST4: 710 | SU4: 99 | SV4: 99 | SW4: 80 | SX4: 178 | SY4: 269 | SZ4: 325 | TA4: 350 | TB4: 119 | TC4: 120 | TD4: 140 | TE4: 140 | TF4: 99 | TG4: 105 | TH4: 100 | TI4: 120 | TJ4: 139 | TK4: 135 | TL4: 190 | TM4: 99 | TN4: 99 | TO4: 1283 | TP4: 537 | TQ4: 178 | TR4: 178 | TS4: 178 | TT4: 105 | TU4: 105 | TV4: 136 | TW4: 105 | TX4: 82 | TY4: 82 | TZ4: 119 | UA4: 332 | UB4: 109 | UC4: 82 | UD4: 186 | UE4: 105 | UF4: 434 | UG4: 1577 | UH4: 105 | UI4: 105 | UJ4: 267 | UK4: 269 | UL4: 269 | UM4: 593 | UN4: 178 | UO4: 136 | UP4: 467 | UQ4: 63 | UR4: 195 | US4: 178 | UT4: 125 | UU4: 125 | UV4: 99 | UW4: 95 | UX4: 99 | UY4: 178 | UZ4: 178 | VA4: 105 | VB4: 99 | VC4: 99 | VD4: 105 | VE4: 105 | VF4: 105 | VG4: 710 | VH4: 710 | VI4: 79 | VJ4: 79 | VK4: 105 | VL4: 178 | VM4: 186 | VN4: 178 | VO4: 685
A5: 05/07/25 01:30 | B5: {=1*TRANSPOSE(_xlfn._xlws.FILTER(branch!$I$2:$I$591,branch!$D$2:$D$591<>0))} -> 99 | C5: 99 | D5: 178 | E5: 145 | F5: 536 | G5: 393 | H5: 393 | I5: 593 | J5: 434 | K5: 99 | L5: 140 | M5: 103 | N5: 109 | O5: 105 | P5: 99 | Q5: 187 | R5: 187 | S5: 187 | T5: 104 | U5: 112 | V5: 105 | W5: 82 | X5: 82 | Y5: 105 | Z5: 105 | AA5: 99 | AB5: 178 | AC5: 434 | AD5: 434 | AE5: 34 | AF5: 120 | AG5: 120 | AH5: 104 | AI5: 178 | AJ5: 178 | AK5: 178 | AL5: 178 | AM5: 120 | AN5: 178 | AO5: 99 | AP5: 178 | AQ5: 140 | AR5: 140 | AS5: 99 | AT5: 105 | AU5: 99 | AV5: 96 | AW5: 96 | AX5: 178 | AY5: 178 | AZ5: 120 | BA5: 120 | BB5: 178 | BC5: 178 | BD5: 178 | BE5: 105 | BF5: 99 | BG5: 99 | BH5: 99 | BI5: 82 | BJ5: 82 | BK5: 136 | BL5: 140 | BM5: 130 | BN5: 99 | BO5: 122 | BP5: 196 | BQ5: 178 | BR5: 136 | BS5: 178 | BT5: 124 | BU5: 178 | BV5: 178 | BW5: 178 | BX5: 99 | BY5: 136 | BZ5: 195 | CA5: 178 | CB5: 178 | CC5: 192 | CD5: 187 | CE5: 120 | CF5: 187 | CG5: 187 | CH5: 187 | CI5: 119 | CJ5: 119 | CK5: 570 | CL5: 570 | CM5: 140 | CN5: 140 | CO5: 842 | CP5: 105 | CQ5: 109 | CR5: 109 | CS5: 82 | CT5: 82 | CU5: 75 | CV5: 75 | CW5: 178 | CX5: 178 | CY5: 178 | CZ5: 178 | DA5: 82 | DB5: 82 | DC5: 710 | DD5: 69 | DE5: 70 | DF5: 710 | DG5: 710 | DH5: 710 | DI5: 144 | DJ5: 63 | DK5: 99 | DL5: 570 | DM5: 570 | DN5: 178 | DO5: 200 | DP5: 109 | DQ5: 109 | DR5: 79 | DS5: 79 | DT5: 434 | DU5: 740 | DV5: 228 | DW5: 115 | DX5: 195 | DY5: 124 | DZ5: 80 | EA5: 120 | EB5: 105 | EC5: 178 | ED5: 178 | EE5: 178 | EF5: 69 | EG5: 70 | EH5: 69 | EI5: 69 | EJ5: 132 | EK5: 132 | EL5: 710 | EM5: 710 | EN5: 66 | EO5: 66 | EP5: 710 | EQ5: 109 | ER5: 109 | ES5: 82 | ET5: 82 | EU5: 144 | EV5: 144 | EW5: 710 | EX5: 178 | EY5: 124 | EZ5: 99 | FA5: 99 | FB5: 99 | FC5: 761 | FD5: 187 | FE5: 761 | FF5: 761 | FG5: 761 | FH5: 178 | FI5: 178 | FJ5: 115 | FK5: 434 | FL5: 434 | FM5: 555 | FN5: 123 | FO5: 178 | FP5: 130 | FQ5: 178 | FR5: 103 | FS5: 238 | FT5: 434 | FU5: 178 | FV5: 132 | FW5: 178 | FX5: 144 | FY5: 144 | FZ5: 140 | GA5: 140 | GB5: 136 | GC5: 178 | GD5: 178 | GE5: 178 | GF5: 196 | GG5: 178 | GH5: 178 | GI5: 178 | GJ5: 130 | GK5: 99 | GL5: 136 | GM5: 178 | GN5: 105 | GO5: 187 | GP5: 187 | GQ5: 187 | GR5: 105 | GS5: 130 | GT5: 434 | GU5: 105 | GV5: 105 | GW5: 593 | GX5: 119 | GY5: 178 | GZ5: 120 | HA5: 178 | HB5: 178 | HC5: 178 | HD5: 646 | HE5: 161 | HF5: 161 | HG5: 434 | HH5: 434 | HI5: 187 | HJ5: 124 | HK5: 99 | HL5: 105 | HM5: 63 | HN5: 178 | HO5: 187 | HP5: 136 | HQ5: 187 | HR5: 187 | HS5: 99 | HT5: 99 | HU5: 105 | HV5: 178 | HW5: 178 | HX5: 1577 | HY5: 1577 | HZ5: 143 | IA5: 104 | IB5: 82 | IC5: 82 | ID5: 82 | IE5: 82 | IF5: 186 | IG5: 124 | IH5: 136 | II5: 99 | IJ5: 178 | IK5: 178 | IL5: 99 | IM5: 99 | IN5: 105 | IO5: 105 | IP5: 99 | IQ5: 99 | IR5: 100 | IS5: 100 | IT5: 200 | IU5: 143 | IV5: 82 | IW5: 82 | IX5: 82 | IY5: 412 | IZ5: 412 | JA5: 82 | JB5: 82 | JC5: 109 | JD5: 178 | JE5: 99 | JF5: 82 | JG5: 109 | JH5: 140 | JI5: 140 | JJ5: 196 | JK5: 178 | JL5: 178 | JM5: 99 | JN5: 178 | JO5: 350 | JP5: 99 | JQ5: 99 | JR5: 99 | JS5: 392 | JT5: 97 | JU5: 99 | JV5: 761 | JW5: 178 | JX5: 124 | JY5: 103 | JZ5: 178 | KA5: 746 | KB5: 646 | KC5: 178 | KD5: 178 | KE5: 178 | KF5: 178 | KG5: 190 | KH5: 105 | KI5: 136 | KJ5: 134 | KK5: 136 | KL5: 136 | KM5: 99 | KN5: 105 | KO5: 99 | KP5: 105 | KQ5: 99 | KR5: 99 | KS5: 99 | KT5: 74 | KU5: 74 | KV5: 99 | KW5: 178 | KX5: 178 | KY5: 99 | KZ5: 104 | LA5: 178 | LB5: 178 | LC5: 211 | LD5: 196 | LE5: 69 | LF5: 69 | LG5: 144 | LH5: 144 | LI5: 103 | LJ5: 99 | LK5: 99 | LL5: 82 | LM5: 82 | LN5: 82 | LO5: 82 | LP5: 82 | LQ5: 99 | LR5: 79 | LS5: 79 | LT5: 108 | LU5: 109 | LV5: 109 | LW5: 99 | LX5: 99 | LY5: 99 | LZ5: 178 | MA5: 393 | MB5: 350 | MC5: 350 | MD5: 434 | ME5: 1283 | MF5: 351 | MG5: 140 | MH5: 140 | MI5: 140 | MJ5: 186 | MK5: 157 | ML5: 144 | MM5: 186 | MN5: 195 | MO5: 105 | MP5: 119 | MQ5: 593 | MR5: 119 | MS5: 332 | MT5: 120 | MU5: 80 | MV5: 536 | MW5: 105 | MX5: 144 | MY5: 144 | MZ5: 105 | NA5: 384 | NB5: 99 | NC5: 99 | ND5: 434 | NE5: 98 | NF5: 107 | NG5: 140 | NH5: 107 | NI5: 140 | NJ5: 99 | NK5: 99 | NL5: 178 | NM5: 103 | NN5: 103 | NO5: 103 | NP5: 120 | NQ5: 120 | NR5: 570 | NS5: 99 | NT5: 393 | NU5: 434 | NV5: 593 | NW5: 178 | NX5: 178 | NY5: 178 | NZ5: 178 | OA5: 136 | OB5: 122 | OC5: 82 | OD5: 82 | OE5: 105 | OF5: 434 | OG5: 350 | OH5: 99 | OI5: 99 | OJ5: 99 | OK5: 99 | OL5: 99 | OM5: 99 | ON5: 200 | OO5: 200 | OP5: 119 | OQ5: 105 | OR5: 105 | OS5: 195 | OT5: 710 | OU5: 82 | OV5: 80 | OW5: 107 | OX5: 140 | OY5: 136 | OZ5: 136 | PA5: 104 | PB5: 196 | PC5: 80 | PD5: 562 | PE5: 120 | PF5: 267 | PG5: 351 | PH5: 593 | PI5: 178 | PJ5: 99 | PK5: 134 | PL5: 103 | PM5: 103 | PN5: 710 | PO5: 710 | PP5: 710 | PQ5: 185 | PR5: 178 | PS5: 99 | PT5: 178 | PU5: 178 | PV5: 119 | PW5: 120 | PX5: 136 | PY5: 434 | PZ5: 512 | QA5: 99 | QB5: 80 | QC5: 269 | QD5: 178 | QE5: 140 | QF5: 136 | QG5: 731 | QH5: 731 | QI5: 660 | QJ5: 660 | QK5: 136 | QL5: 99 | QM5: 99 | QN5: 350 | QO5: 350 | QP5: 99 | QQ5: 178 | QR5: 99 | QS5: 109 | QT5: 143 | QU5: 434 | QV5: 178 | QW5: 99 | QX5: 140 | QY5: 190 | QZ5: 195 | RA5: 135 | RB5: 195 | RC5: 710 | RD5: 136 | RE5: 105 | RF5: 124 | RG5: 99 | RH5: 353 | RI5: 178 | RJ5: 99 | RK5: 136 | RL5: 99 | RM5: 187 | RN5: 99 | RO5: 761 | RP5: 761 | RQ5: 99 | RR5: 99 | RS5: 99 | RT5: 99 | RU5: 136 | RV5: 124 | RW5: 99 | RX5: 99 | RY5: 136 | RZ5: 105 | SA5: 136 | SB5: 100 | SC5: 99 | SD5: 178 | SE5: 99 | SF5: 99 | SG5: 99 | SH5: 99 | SI5: 82 | SJ5: 80 | SK5: 99 | SL5: 99 | SM5: 95 | SN5: 710 | SO5: 710 | SP5: 350 | SQ5: 120 | SR5: 104 | SS5: 710 | ST5: 710 | SU5: 99 | SV5: 99 | SW5: 80 | SX5: 178 | SY5: 269 | SZ5: 325 | TA5: 350 | TB5: 119 | TC5: 120 | TD5: 140 | TE5: 140 | TF5: 99 | TG5: 105 | TH5: 100 | TI5: 120 | TJ5: 139 | TK5: 135 | TL5: 190 | TM5: 99 | TN5: 99 | TO5: 1283 | TP5: 537 | TQ5: 178 | TR5: 178 | TS5: 178 | TT5: 105 | TU5: 105 | TV5: 136 | TW5: 105 | TX5: 82 | TY5: 82 | TZ5: 119 | UA5: 332 | UB5: 109 | UC5: 82 | UD5: 186 | UE5: 105 | UF5: 434 | UG5: 1577 | UH5: 105 | UI5: 105 | UJ5: 267 | UK5: 269 | UL5: 269 | UM5: 593 | UN5: 178 | UO5: 136 | UP5: 467 | UQ5: 63 | UR5: 195 | US5: 178 | UT5: 125 | UU5: 125 | UV5: 99 | UW5: 95 | UX5: 99 | UY5: 178 | UZ5: 178 | VA5: 105 | VB5: 99 | VC5: 99 | VD5: 105 | VE5: 105 | VF5: 105 | VG5: 710 | VH5: 710 | VI5: 79 | VJ5: 79 | VK5: 105 | VL5: 178 | VM5: 186 | VN5: 178 | VO5: 685
A6: 05/07/25 02:00 | B6: {=1*TRANSPOSE(_xlfn._xlws.FILTER(branch!$I$2:$I$591,branch!$D$2:$D$591<>0))} -> 99 | C6: 99 | D6: 178 | E6: 145 | F6: 536 | G6: 393 | H6: 393 | I6: 593 | J6: 434 | K6: 99 | L6: 140 | M6: 103 | N6: 109 | O6: 105 | P6: 99 | Q6: 187 | R6: 187 | S6: 187 | T6: 104 | U6: 112 | V6: 105 | W6: 82 | X6: 82 | Y6: 105 | Z6: 105 | AA6: 99 | AB6: 178 | AC6: 434 | AD6: 434 | AE6: 34 | AF6: 120 | AG6: 120 | AH6: 104 | AI6: 178 | AJ6: 178 | AK6: 178 | AL6: 178 | AM6: 120 | AN6: 178 | AO6: 99 | AP6: 178 | AQ6: 140 | AR6: 140 | AS6: 99 | AT6: 105 | AU6: 99 | AV6: 96 | AW6: 96 | AX6: 178 | AY6: 178 | AZ6: 120 | BA6: 120 | BB6: 178 | BC6: 178 | BD6: 178 | BE6: 105 | BF6: 99 | BG6: 99 | BH6: 99 | BI6: 82 | BJ6: 82 | BK6: 136 | BL6: 140 | BM6: 130 | BN6: 99 | BO6: 122 | BP6: 196 | BQ6: 178 | BR6: 136 | BS6: 178 | BT6: 124 | BU6: 178 | BV6: 178 | BW6: 178 | BX6: 99 | BY6: 136 | BZ6: 195 | CA6: 178 | CB6: 178 | CC6: 192 | CD6: 187 | CE6: 120 | CF6: 187 | CG6: 187 | CH6: 187 | CI6: 119 | CJ6: 119 | CK6: 570 | CL6: 570 | CM6: 140 | CN6: 140 | CO6: 842 | CP6: 105 | CQ6: 109 | CR6: 109 | CS6: 82 | CT6: 82 | CU6: 75 | CV6: 75 | CW6: 178 | CX6: 178 | CY6: 178 | CZ6: 178 | DA6: 82 | DB6: 82 | DC6: 710 | DD6: 69 | DE6: 70 | DF6: 710 | DG6: 710 | DH6: 710 | DI6: 144 | DJ6: 63 | DK6: 99 | DL6: 570 | DM6: 570 | DN6: 178 | DO6: 200 | DP6: 109 | DQ6: 109 | DR6: 79 | DS6: 79 | DT6: 434 | DU6: 740 | DV6: 228 | DW6: 115 | DX6: 195 | DY6: 124 | DZ6: 80 | EA6: 120 | EB6: 105 | EC6: 178 | ED6: 178 | EE6: 178 | EF6: 69 | EG6: 70 | EH6: 69 | EI6: 69 | EJ6: 132 | EK6: 132 | EL6: 710 | EM6: 710 | EN6: 66 | EO6: 66 | EP6: 710 | EQ6: 109 | ER6: 109 | ES6: 82 | ET6: 82 | EU6: 144 | EV6: 144 | EW6: 710 | EX6: 178 | EY6: 124 | EZ6: 99 | FA6: 99 | FB6: 99 | FC6: 761 | FD6: 187 | FE6: 761 | FF6: 761 | FG6: 761 | FH6: 178 | FI6: 178 | FJ6: 115 | FK6: 434 | FL6: 434 | FM6: 555 | FN6: 123 | FO6: 178 | FP6: 130 | FQ6: 178 | FR6: 103 | FS6: 238 | FT6: 434 | FU6: 178 | FV6: 132 | FW6: 178 | FX6: 144 | FY6: 144 | FZ6: 140 | GA6: 140 | GB6: 136 | GC6: 178 | GD6: 178 | GE6: 178 | GF6: 196 | GG6: 178 | GH6: 178 | GI6: 178 | GJ6: 130 | GK6: 99 | GL6: 136 | GM6: 178 | GN6: 105 | GO6: 187 | GP6: 187 | GQ6: 187 | GR6: 105 | GS6: 130 | GT6: 434 | GU6: 105 | GV6: 105 | GW6: 593 | GX6: 119 | GY6: 178 | GZ6: 120 | HA6: 178 | HB6: 178 | HC6: 178 | HD6: 646 | HE6: 161 | HF6: 161 | HG6: 434 | HH6: 434 | HI6: 187 | HJ6: 124 | HK6: 99 | HL6: 105 | HM6: 63 | HN6: 178 | HO6: 187 | HP6: 136 | HQ6: 187 | HR6: 187 | HS6: 99 | HT6: 99 | HU6: 105 | HV6: 178 | HW6: 178 | HX6: 1577 | HY6: 1577 | HZ6: 143 | IA6: 104 | IB6: 82 | IC6: 82 | ID6: 82 | IE6: 82 | IF6: 186 | IG6: 124 | IH6: 136 | II6: 99 | IJ6: 178 | IK6: 178 | IL6: 99 | IM6: 99 | IN6: 105 | IO6: 105 | IP6: 99 | IQ6: 99 | IR6: 100 | IS6: 100 | IT6: 200 | IU6: 143 | IV6: 82 | IW6: 82 | IX6: 82 | IY6: 412 | IZ6: 412 | JA6: 82 | JB6: 82 | JC6: 109 | JD6: 178 | JE6: 99 | JF6: 82 | JG6: 109 | JH6: 140 | JI6: 140 | JJ6: 196 | JK6: 178 | JL6: 178 | JM6: 99 | JN6: 178 | JO6: 350 | JP6: 99 | JQ6: 99 | JR6: 99 | JS6: 392 | JT6: 97 | JU6: 99 | JV6: 761 | JW6: 178 | JX6: 124 | JY6: 103 | JZ6: 178 | KA6: 746 | KB6: 646 | KC6: 178 | KD6: 178 | KE6: 178 | KF6: 178 | KG6: 190 | KH6: 105 | KI6: 136 | KJ6: 134 | KK6: 136 | KL6: 136 | KM6: 99 | KN6: 105 | KO6: 99 | KP6: 105 | KQ6: 99 | KR6: 99 | KS6: 99 | KT6: 74 | KU6: 74 | KV6: 99 | KW6: 178 | KX6: 178 | KY6: 99 | KZ6: 104 | LA6: 178 | LB6: 178 | LC6: 211 | LD6: 196 | LE6: 69 | LF6: 69 | LG6: 144 | LH6: 144 | LI6: 103 | LJ6: 99 | LK6: 99 | LL6: 82 | LM6: 82 | LN6: 82 | LO6: 82 | LP6: 82 | LQ6: 99 | LR6: 79 | LS6: 79 | LT6: 108 | LU6: 109 | LV6: 109 | LW6: 99 | LX6: 99 | LY6: 99 | LZ6: 178 | MA6: 393 | MB6: 350 | MC6: 350 | MD6: 434 | ME6: 1283 | MF6: 351 | MG6: 140 | MH6: 140 | MI6: 140 | MJ6: 186 | MK6: 157 | ML6: 144 | MM6: 186 | MN6: 195 | MO6: 105 | MP6: 119 | MQ6: 593 | MR6: 119 | MS6: 332 | MT6: 120 | MU6: 80 | MV6: 536 | MW6: 105 | MX6: 144 | MY6: 144 | MZ6: 105 | NA6: 384 | NB6: 99 | NC6: 99 | ND6: 434 | NE6: 98 | NF6: 107 | NG6: 140 | NH6: 107 | NI6: 140 | NJ6: 99 | NK6: 99 | NL6: 178 | NM6: 103 | NN6: 103 | NO6: 103 | NP6: 120 | NQ6: 120 | NR6: 570 | NS6: 99 | NT6: 393 | NU6: 434 | NV6: 593 | NW6: 178 | NX6: 178 | NY6: 178 | NZ6: 178 | OA6: 136 | OB6: 122 | OC6: 82 | OD6: 82 | OE6: 105 | OF6: 434 | OG6: 350 | OH6: 99 | OI6: 99 | OJ6: 99 | OK6: 99 | OL6: 99 | OM6: 99 | ON6: 200 | OO6: 200 | OP6: 119 | OQ6: 105 | OR6: 105 | OS6: 195 | OT6: 710 | OU6: 82 | OV6: 80 | OW6: 107 | OX6: 140 | OY6: 136 | OZ6: 136 | PA6: 104 | PB6: 196 | PC6: 80 | PD6: 562 | PE6: 120 | PF6: 267 | PG6: 351 | PH6: 593 | PI6: 178 | PJ6: 99 | PK6: 134 | PL6: 103 | PM6: 103 | PN6: 710 | PO6: 710 | PP6: 710 | PQ6: 185 | PR6: 178 | PS6: 99 | PT6: 178 | PU6: 178 | PV6: 119 | PW6: 120 | PX6: 136 | PY6: 434 | PZ6: 512 | QA6: 99 | QB6: 80 | QC6: 269 | QD6: 178 | QE6: 140 | QF6: 136 | QG6: 731 | QH6: 731 | QI6: 660 | QJ6: 660 | QK6: 136 | QL6: 99 | QM6: 99 | QN6: 350 | QO6: 350 | QP6: 99 | QQ6: 178 | QR6: 99 | QS6: 109 | QT6: 143 | QU6: 434 | QV6: 178 | QW6: 99 | QX6: 140 | QY6: 190 | QZ6: 195 | RA6: 135 | RB6: 195 | RC6: 710 | RD6: 136 | RE6: 105 | RF6: 124 | RG6: 99 | RH6: 353 | RI6: 178 | RJ6: 99 | RK6: 136 | RL6: 99 | RM6: 187 | RN6: 99 | RO6: 761 | RP6: 761 | RQ6: 99 | RR6: 99 | RS6: 99 | RT6: 99 | RU6: 136 | RV6: 124 | RW6: 99 | RX6: 99 | RY6: 136 | RZ6: 105 | SA6: 136 | SB6: 100 | SC6: 99 | SD6: 178 | SE6: 99 | SF6: 99 | SG6: 99 | SH6: 99 | SI6: 82 | SJ6: 80 | SK6: 99 | SL6: 99 | SM6: 95 | SN6: 710 | SO6: 710 | SP6: 350 | SQ6: 120 | SR6: 104 | SS6: 710 | ST6: 710 | SU6: 99 | SV6: 99 | SW6: 80 | SX6: 178 | SY6: 269 | SZ6: 325 | TA6: 350 | TB6: 119 | TC6: 120 | TD6: 140 | TE6: 140 | TF6: 99 | TG6: 105 | TH6: 100 | TI6: 120 | TJ6: 139 | TK6: 135 | TL6: 190 | TM6: 99 | TN6: 99 | TO6: 1283 | TP6: 537 | TQ6: 178 | TR6: 178 | TS6: 178 | TT6: 105 | TU6: 105 | TV6: 136 | TW6: 105 | TX6: 82 | TY6: 82 | TZ6: 119 | UA6: 332 | UB6: 109 | UC6: 82 | UD6: 186 | UE6: 105 | UF6: 434 | UG6: 1577 | UH6: 105 | UI6: 105 | UJ6: 267 | UK6: 269 | UL6: 269 | UM6: 593 | UN6: 178 | UO6: 136 | UP6: 467 | UQ6: 63 | UR6: 195 | US6: 178 | UT6: 125 | UU6: 125 | UV6: 99 | UW6: 95 | UX6: 99 | UY6: 178 | UZ6: 178 | VA6: 105 | VB6: 99 | VC6: 99 | VD6: 105 | VE6: 105 | VF6: 105 | VG6: 710 | VH6: 710 | VI6: 79 | VJ6: 79 | VK6: 105 | VL6: 178 | VM6: 186 | VN6: 178 | VO6: 685
A7: 05/07/25 02:30 | B7: {=1*TRANSPOSE(_xlfn._xlws.FILTER(branch!$I$2:$I$591,branch!$D$2:$D$591<>0))} -> 99 | C7: 99 | D7: 178 | E7: 145 | F7: 536 | G7: 393 | H7: 393 | I7: 593 | J7: 434 | K7: 99 | L7: 140 | M7: 103 | N7: 109 | O7: 105 | P7: 99 | Q7: 187 | R7: 187 | S7: 187 | T7: 104 | U7: 112 | V7: 105 | W7: 82 | X7: 82 | Y7: 105 | Z7: 105 | AA7: 99 | AB7: 178 | AC7: 434 | AD7: 434 | AE7: 34 | AF7: 120 | AG7: 120 | AH7: 104 | AI7: 178 | AJ7: 178 | AK7: 178 | AL7: 178 | AM7: 120 | AN7: 178 | AO7: 99 | AP7: 178 | AQ7: 140 | AR7: 140 | AS7: 99 | AT7: 105 | AU7: 99 | AV7: 96 | AW7: 96 | AX7: 178 | AY7: 178 | AZ7: 120 | BA7: 120 | BB7: 178 | BC7: 178 | BD7: 178 | BE7: 105 | BF7: 99 | BG7: 99 | BH7: 99 | BI7: 82 | BJ7: 82 | BK7: 136 | BL7: 140 | BM7: 130 | BN7: 99 | BO7: 122 | BP7: 196 | BQ7: 178 | BR7: 136 | BS7: 178 | BT7: 124 | BU7: 178 | BV7: 178 | BW7: 178 | BX7: 99 | BY7: 136 | BZ7: 195 | CA7: 178 | CB7: 178 | CC7: 192 | CD7: 187 | CE7: 120 | CF7: 187 | CG7: 187 | CH7: 187 | CI7: 119 | CJ7: 119 | CK7: 570 | CL7: 570 | CM7: 140 | CN7: 140 | CO7: 842 | CP7: 105 | CQ7: 109 | CR7: 109 | CS7: 82 | CT7: 82 | CU7: 75 | CV7: 75 | CW7: 178 | CX7: 178 | CY7: 178 | CZ7: 178 | DA7: 82 | DB7: 82 | DC7: 710 | DD7: 69 | DE7: 70 | DF7: 710 | DG7: 710 | DH7: 710 | DI7: 144 | DJ7: 63 | DK7: 99 | DL7: 570 | DM7: 570 | DN7: 178 | DO7: 200 | DP7: 109 | DQ7: 109 | DR7: 79 | DS7: 79 | DT7: 434 | DU7: 740 | DV7: 228 | DW7: 115 | DX7: 195 | DY7: 124 | DZ7: 80 | EA7: 120 | EB7: 105 | EC7: 178 | ED7: 178 | EE7: 178 | EF7: 69 | EG7: 70 | EH7: 69 | EI7: 69 | EJ7: 132 | EK7: 132 | EL7: 710 | EM7: 710 | EN7: 66 | EO7: 66 | EP7: 710 | EQ7: 109 | ER7: 109 | ES7: 82 | ET7: 82 | EU7: 144 | EV7: 144 | EW7: 710 | EX7: 178 | EY7: 124 | EZ7: 99 | FA7: 99 | FB7: 99 | FC7: 761 | FD7: 187 | FE7: 761 | FF7: 761 | FG7: 761 | FH7: 178 | FI7: 178 | FJ7: 115 | FK7: 434 | FL7: 434 | FM7: 555 | FN7: 123 | FO7: 178 | FP7: 130 | FQ7: 178 | FR7: 103 | FS7: 238 | FT7: 434 | FU7: 178 | FV7: 132 | FW7: 178 | FX7: 144 | FY7: 144 | FZ7: 140 | GA7: 140 | GB7: 136 | GC7: 178 | GD7: 178 | GE7: 178 | GF7: 196 | GG7: 178 | GH7: 178 | GI7: 178 | GJ7: 130 | GK7: 99 | GL7: 136 | GM7: 178 | GN7: 105 | GO7: 187 | GP7: 187 | GQ7: 187 | GR7: 105 | GS7: 130 | GT7: 434 | GU7: 105 | GV7: 105 | GW7: 593 | GX7: 119 | GY7: 178 | GZ7: 120 | HA7: 178 | HB7: 178 | HC7: 178 | HD7: 646 | HE7: 161 | HF7: 161 | HG7: 434 | HH7: 434 | HI7: 187 | HJ7: 124 | HK7: 99 | HL7: 105 | HM7: 63 | HN7: 178 | HO7: 187 | HP7: 136 | HQ7: 187 | HR7: 187 | HS7: 99 | HT7: 99 | HU7: 105 | HV7: 178 | HW7: 178 | HX7: 1577 | HY7: 1577 | HZ7: 143 | IA7: 104 | IB7: 82 | IC7: 82 | ID7: 82 | IE7: 82 | IF7: 186 | IG7: 124 | IH7: 136 | II7: 99 | IJ7: 178 | IK7: 178 | IL7: 99 | IM7: 99 | IN7: 105 | IO7: 105 | IP7: 99 | IQ7: 99 | IR7: 100 | IS7: 100 | IT7: 200 | IU7: 143 | IV7: 82 | IW7: 82 | IX7: 82 | IY7: 412 | IZ7: 412 | JA7: 82 | JB7: 82 | JC7: 109 | JD7: 178 | JE7: 99 | JF7: 82 | JG7: 109 | JH7: 140 | JI7: 140 | JJ7: 196 | JK7: 178 | JL7: 178 | JM7: 99 | JN7: 178 | JO7: 350 | JP7: 99 | JQ7: 99 | JR7: 99 | JS7: 392 | JT7: 97 | JU7: 99 | JV7: 761 | JW7: 178 | JX7: 124 | JY7: 103 | JZ7: 178 | KA7: 746 | KB7: 646 | KC7: 178 | KD7: 178 | KE7: 178 | KF7: 178 | KG7: 190 | KH7: 105 | KI7: 136 | KJ7: 134 | KK7: 136 | KL7: 136 | KM7: 99 | KN7: 105 | KO7: 99 | KP7: 105 | KQ7: 99 | KR7: 99 | KS7: 99 | KT7: 74 | KU7: 74 | KV7: 99 | KW7: 178 | KX7: 178 | KY7: 99 | KZ7: 104 | LA7: 178 | LB7: 178 | LC7: 211 | LD7: 196 | LE7: 69 | LF7: 69 | LG7: 144 | LH7: 144 | LI7: 103 | LJ7: 99 | LK7: 99 | LL7: 82 | LM7: 82 | LN7: 82 | LO7: 82 | LP7: 82 | LQ7: 99 | LR7: 79 | LS7: 79 | LT7: 108 | LU7: 109 | LV7: 109 | LW7: 99 | LX7: 99 | LY7: 99 | LZ7: 178 | MA7: 393 | MB7: 350 | MC7: 350 | MD7: 434 | ME7: 1283 | MF7: 351 | MG7: 140 | MH7: 140 | MI7: 140 | MJ7: 186 | MK7: 157 | ML7: 144 | MM7: 186 | MN7: 195 | MO7: 105 | MP7: 119 | MQ7: 593 | MR7: 119 | MS7: 332 | MT7: 120 | MU7: 80 | MV7: 536 | MW7: 105 | MX7: 144 | MY7: 144 | MZ7: 105 | NA7: 384 | NB7: 99 | NC7: 99 | ND7: 434 | NE7: 98 | NF7: 107 | NG7: 140 | NH7: 107 | NI7: 140 | NJ7: 99 | NK7: 99 | NL7: 178 | NM7: 103 | NN7: 103 | NO7: 103 | NP7: 120 | NQ7: 120 | NR7: 570 | NS7: 99 | NT7: 393 | NU7: 434 | NV7: 593 | NW7: 178 | NX7: 178 | NY7: 178 | NZ7: 178 | OA7: 136 | OB7: 122 | OC7: 82 | OD7: 82 | OE7: 105 | OF7: 434 | OG7: 350 | OH7: 99 | OI7: 99 | OJ7: 99 | OK7: 99 | OL7: 99 | OM7: 99 | ON7: 200 | OO7: 200 | OP7: 119 | OQ7: 105 | OR7: 105 | OS7: 195 | OT7: 710 | OU7: 82 | OV7: 80 | OW7: 107 | OX7: 140 | OY7: 136 | OZ7: 136 | PA7: 104 | PB7: 196 | PC7: 80 | PD7: 562 | PE7: 120 | PF7: 267 | PG7: 351 | PH7: 593 | PI7: 178 | PJ7: 99 | PK7: 134 | PL7: 103 | PM7: 103 | PN7: 710 | PO7: 710 | PP7: 710 | PQ7: 185 | PR7: 178 | PS7: 99 | PT7: 178 | PU7: 178 | PV7: 119 | PW7: 120 | PX7: 136 | PY7: 434 | PZ7: 512 | QA7: 99 | QB7: 80 | QC7: 269 | QD7: 178 | QE7: 140 | QF7: 136 | QG7: 731 | QH7: 731 | QI7: 660 | QJ7: 660 | QK7: 136 | QL7: 99 | QM7: 99 | QN7: 350 | QO7: 350 | QP7: 99 | QQ7: 178 | QR7: 99 | QS7: 109 | QT7: 143 | QU7: 434 | QV7: 178 | QW7: 99 | QX7: 140 | QY7: 190 | QZ7: 195 | RA7: 135 | RB7: 195 | RC7: 710 | RD7: 136 | RE7: 105 | RF7: 124 | RG7: 99 | RH7: 353 | RI7: 178 | RJ7: 99 | RK7: 136 | RL7: 99 | RM7: 187 | RN7: 99 | RO7: 761 | RP7: 761 | RQ7: 99 | RR7: 99 | RS7: 99 | RT7: 99 | RU7: 136 | RV7: 124 | RW7: 99 | RX7: 99 | RY7: 136 | RZ7: 105 | SA7: 136 | SB7: 100 | SC7: 99 | SD7: 178 | SE7: 99 | SF7: 99 | SG7: 99 | SH7: 99 | SI7: 82 | SJ7: 80 | SK7: 99 | SL7: 99 | SM7: 95 | SN7: 710 | SO7: 710 | SP7: 350 | SQ7: 120 | SR7: 104 | SS7: 710 | ST7: 710 | SU7: 99 | SV7: 99 | SW7: 80 | SX7: 178 | SY7: 269 | SZ7: 325 | TA7: 350 | TB7: 119 | TC7: 120 | TD7: 140 | TE7: 140 | TF7: 99 | TG7: 105 | TH7: 100 | TI7: 120 | TJ7: 139 | TK7: 135 | TL7: 190 | TM7: 99 | TN7: 99 | TO7: 1283 | TP7: 537 | TQ7: 178 | TR7: 178 | TS7: 178 | TT7: 105 | TU7: 105 | TV7: 136 | TW7: 105 | TX7: 82 | TY7: 82 | TZ7: 119 | UA7: 332 | UB7: 109 | UC7: 82 | UD7: 186 | UE7: 105 | UF7: 434 | UG7: 1577 | UH7: 105 | UI7: 105 | UJ7: 267 | UK7: 269 | UL7: 269 | UM7: 593 | UN7: 178 | UO7: 136 | UP7: 467 | UQ7: 63 | UR7: 195 | US7: 178 | UT7: 125 | UU7: 125 | UV7: 99 | UW7: 95 | UX7: 99 | UY7: 178 | UZ7: 178 | VA7: 105 | VB7: 99 | VC7: 99 | VD7: 105 | VE7: 105 | VF7: 105 | VG7: 710 | VH7: 710 | VI7: 79 | VJ7: 79 | VK7: 105 | VL7: 178 | VM7: 186 | VN7: 178 | VO7: 685
A8: 05/07/25 03:00 | B8: {=1*TRANSPOSE(_xlfn._xlws.FILTER(branch!$I$2:$I$591,branch!$D$2:$D$591<>0))} -> 99 | C8: 99 | D8: 178 | E8: 145 | F8: 536 | G8: 393 | H8: 393 | I8: 593 | J8: 434 | K8: 99 | L8: 140 | M8: 103 | N8: 109 | O8: 105 | P8: 99 | Q8: 187 | R8: 187 | S8: 187 | T8: 104 | U8: 112 | V8: 105 | W8: 82 | X8: 82 | Y8: 105 | Z8: 105 | AA8: 99 | AB8: 178 | AC8: 434 | AD8: 434 | AE8: 34 | AF8: 120 | AG8: 120 | AH8: 104 | AI8: 178 | AJ8: 178 | AK8: 178 | AL8: 178 | AM8: 120 | AN8: 178 | AO8: 99 | AP8: 178 | AQ8: 140 | AR8: 140 | AS8: 99 | AT8: 105 | AU8: 99 | AV8: 96 | AW8: 96 | AX8: 178 | AY8: 178 | AZ8: 120 | BA8: 120 | BB8: 178 | BC8: 178 | BD8: 178 | BE8: 105 | BF8: 99 | BG8: 99 | BH8: 99 | BI8: 82 | BJ8: 82 | BK8: 136 | BL8: 140 | BM8: 130 | BN8: 99 | BO8: 122 | BP8: 196 | BQ8: 178 | BR8: 136 | BS8: 178 | BT8: 124 | BU8: 178 | BV8: 178 | BW8: 178 | BX8: 99 | BY8: 136 | BZ8: 195 | CA8: 178 | CB8: 178 | CC8: 192 | CD8: 187 | CE8: 120 | CF8: 187 | CG8: 187 | CH8: 187 | CI8: 119 | CJ8: 119 | CK8: 570 | CL8: 570 | CM8: 140 | CN8: 140 | CO8: 842 | CP8: 105 | CQ8: 109 | CR8: 109 | CS8: 82 | CT8: 82 | CU8: 75 | CV8: 75 | CW8: 178 | CX8: 178 | CY8: 178 | CZ8: 178 | DA8: 82 | DB8: 82 | DC8: 710 | DD8: 69 | DE8: 70 | DF8: 710 | DG8: 710 | DH8: 710 | DI8: 144 | DJ8: 63 | DK8: 99 | DL8: 570 | DM8: 570 | DN8: 178 | DO8: 200 | DP8: 109 | DQ8: 109 | DR8: 79 | DS8: 79 | DT8: 434 | DU8: 740 | DV8: 228 | DW8: 115 | DX8: 195 | DY8: 124 | DZ8: 80 | EA8: 120 | EB8: 105 | EC8: 178 | ED8: 178 | EE8: 178 | EF8: 69 | EG8: 70 | EH8: 69 | EI8: 69 | EJ8: 132 | EK8: 132 | EL8: 710 | EM8: 710 | EN8: 66 | EO8: 66 | EP8: 710 | EQ8: 109 | ER8: 109 | ES8: 82 | ET8: 82 | EU8: 144 | EV8: 144 | EW8: 710 | EX8: 178 | EY8: 124 | EZ8: 99 | FA8: 99 | FB8: 99 | FC8: 761 | FD8: 187 | FE8: 761 | FF8: 761 | FG8: 761 | FH8: 178 | FI8: 178 | FJ8: 115 | FK8: 434 | FL8: 434 | FM8: 555 | FN8: 123 | FO8: 178 | FP8: 130 | FQ8: 178 | FR8: 103 | FS8: 238 | FT8: 434 | FU8: 178 | FV8: 132 | FW8: 178 | FX8: 144 | FY8: 144 | FZ8: 140 | GA8: 140 | GB8: 136 | GC8: 178 | GD8: 178 | GE8: 178 | GF8: 196 | GG8: 178 | GH8: 178 | GI8: 178 | GJ8: 130 | GK8: 99 | GL8: 136 | GM8: 178 | GN8: 105 | GO8: 187 | GP8: 187 | GQ8: 187 | GR8: 105 | GS8: 130 | GT8: 434 | GU8: 105 | GV8: 105 | GW8: 593 | GX8: 119 | GY8: 178 | GZ8: 120 | HA8: 178 | HB8: 178 | HC8: 178 | HD8: 646 | HE8: 161 | HF8: 161 | HG8: 434 | HH8: 434 | HI8: 187 | HJ8: 124 | HK8: 99 | HL8: 105 | HM8: 63 | HN8: 178 | HO8: 187 | HP8: 136 | HQ8: 187 | HR8: 187 | HS8: 99 | HT8: 99 | HU8: 105 | HV8: 178 | HW8: 178 | HX8: 1577 | HY8: 1577 | HZ8: 143 | IA8: 104 | IB8: 82 | IC8: 82 | ID8: 82 | IE8: 82 | IF8: 186 | IG8: 124 | IH8: 136 | II8: 99 | IJ8: 178 | IK8: 178 | IL8: 99 | IM8: 99 | IN8: 105 | IO8: 105 | IP8: 99 | IQ8: 99 | IR8: 100 | IS8: 100 | IT8: 200 | IU8: 143 | IV8: 82 | IW8: 82 | IX8: 82 | IY8: 412 | IZ8: 412 | JA8: 82 | JB8: 82 | JC8: 109 | JD8: 178 | JE8: 99 | JF8: 82 | JG8: 109 | JH8: 140 | JI8: 140 | JJ8: 196 | JK8: 178 | JL8: 178 | JM8: 99 | JN8: 178 | JO8: 350 | JP8: 99 | JQ8: 99 | JR8: 99 | JS8: 392 | JT8: 97 | JU8: 99 | JV8: 761 | JW8: 178 | JX8: 124 | JY8: 103 | JZ8: 178 | KA8: 746 | KB8: 646 | KC8: 178 | KD8: 178 | KE8: 178 | KF8: 178 | KG8: 190 | KH8: 105 | KI8: 136 | KJ8: 134 | KK8: 136 | KL8: 136 | KM8: 99 | KN8: 105 | KO8: 99 | KP8: 105 | KQ8: 99 | KR8: 99 | KS8: 99 | KT8: 74 | KU8: 74 | KV8: 99 | KW8: 178 | KX8: 178 | KY8: 99 | KZ8: 104 | LA8: 178 | LB8: 178 | LC8: 211 | LD8: 196 | LE8: 69 | LF8: 69 | LG8: 144 | LH8: 144 | LI8: 103 | LJ8: 99 | LK8: 99 | LL8: 82 | LM8: 82 | LN8: 82 | LO8: 82 | LP8: 82 | LQ8: 99 | LR8: 79 | LS8: 79 | LT8: 108 | LU8: 109 | LV8: 109 | LW8: 99 | LX8: 99 | LY8: 99 | LZ8: 178 | MA8: 393 | MB8: 350 | MC8: 350 | MD8: 434 | ME8: 1283 | MF8: 351 | MG8: 140 | MH8: 140 | MI8: 140 | MJ8: 186 | MK8: 157 | ML8: 144 | MM8: 186 | MN8: 195 | MO8: 105 | MP8: 119 | MQ8: 593 | MR8: 119 | MS8: 332 | MT8: 120 | MU8: 80 | MV8: 536 | MW8: 105 | MX8: 144 | MY8: 144 | MZ8: 105 | NA8: 384 | NB8: 99 | NC8: 99 | ND8: 434 | NE8: 98 | NF8: 107 | NG8: 140 | NH8: 107 | NI8: 140 | NJ8: 99 | NK8: 99 | NL8: 178 | NM8: 103 | NN8: 103 | NO8: 103 | NP8: 120 | NQ8: 120 | NR8: 570 | NS8: 99 | NT8: 393 | NU8: 434 | NV8: 593 | NW8: 178 | NX8: 178 | NY8: 178 | NZ8: 178 | OA8: 136 | OB8: 122 | OC8: 82 | OD8: 82 | OE8: 105 | OF8: 434 | OG8: 350 | OH8: 99 | OI8: 99 | OJ8: 99 | OK8: 99 | OL8: 99 | OM8: 99 | ON8: 200 | OO8: 200 | OP8: 119 | OQ8: 105 | OR8: 105 | OS8: 195 | OT8: 710 | OU8: 82 | OV8: 80 | OW8: 107 | OX8: 140 | OY8: 136 | OZ8: 136 | PA8: 104 | PB8: 196 | PC8: 80 | PD8: 562 | PE8: 120 | PF8: 267 | PG8: 351 | PH8: 593 | PI8: 178 | PJ8: 99 | PK8: 134 | PL8: 103 | PM8: 103 | PN8: 710 | PO8: 710 | PP8: 710 | PQ8: 185 | PR8: 178 | PS8: 99 | PT8: 178 | PU8: 178 | PV8: 119 | PW8: 120 | PX8: 136 | PY8: 434 | PZ8: 512 | QA8: 99 | QB8: 80 | QC8: 269 | QD8: 178 | QE8: 140 | QF8: 136 | QG8: 731 | QH8: 731 | QI8: 660 | QJ8: 660 | QK8: 136 | QL8: 99 | QM8: 99 | QN8: 350 | QO8: 350 | QP8: 99 | QQ8: 178 | QR8: 99 | QS8: 109 | QT8: 143 | QU8: 434 | QV8: 178 | QW8: 99 | QX8: 140 | QY8: 190 | QZ8: 195 | RA8: 135 | RB8: 195 | RC8: 710 | RD8: 136 | RE8: 105 | RF8: 124 | RG8: 99 | RH8: 353 | RI8: 178 | RJ8: 99 | RK8: 136 | RL8: 99 | RM8: 187 | RN8: 99 | RO8: 761 | RP8: 761 | RQ8: 99 | RR8: 99 | RS8: 99 | RT8: 99 | RU8: 136 | RV8: 124 | RW8: 99 | RX8: 99 | RY8: 136 | RZ8: 105 | SA8: 136 | SB8: 100 | SC8: 99 | SD8: 178 | SE8: 99 | SF8: 99 | SG8: 99 | SH8: 99 | SI8: 82 | SJ8: 80 | SK8: 99 | SL8: 99 | SM8: 95 | SN8: 710 | SO8: 710 | SP8: 350 | SQ8: 120 | SR8: 104 | SS8: 710 | ST8: 710 | SU8: 99 | SV8: 99 | SW8: 80 | SX8: 178 | SY8: 269 | SZ8: 325 | TA8: 350 | TB8: 119 | TC8: 120 | TD8: 140 | TE8: 140 | TF8: 99 | TG8: 105 | TH8: 100 | TI8: 120 | TJ8: 139 | TK8: 135 | TL8: 190 | TM8: 99 | TN8: 99 | TO8: 1283 | TP8: 537 | TQ8: 178 | TR8: 178 | TS8: 178 | TT8: 105 | TU8: 105 | TV8: 136 | TW8: 105 | TX8: 82 | TY8: 82 | TZ8: 119 | UA8: 332 | UB8: 109 | UC8: 82 | UD8: 186 | UE8: 105 | UF8: 434 | UG8: 1577 | UH8: 105 | UI8: 105 | UJ8: 267 | UK8: 269 | UL8: 269 | UM8: 593 | UN8: 178 | UO8: 136 | UP8: 467 | UQ8: 63 | UR8: 195 | US8: 178 | UT8: 125 | UU8: 125 | UV8: 99 | UW8: 95 | UX8: 99 | UY8: 178 | UZ8: 178 | VA8: 105 | VB8: 99 | VC8: 99 | VD8: 105 | VE8: 105 | VF8: 105 | VG8: 710 | VH8: 710 | VI8: 79 | VJ8: 79 | VK8: 105 | VL8: 178 | VM8: 186 | VN8: 178 | VO8: 685
A9: 05/07/25 03:30 | B9: {=1*TRANSPOSE(_xlfn._xlws.FILTER(branch!$I$2:$I$591,branch!$D$2:$D$591<>0))} -> 99 | C9: 99 | D9: 178 | E9: 145 | F9: 536 | G9: 393 | H9: 393 | I9: 593 | J9: 434 | K9: 99 | L9: 140 | M9: 103 | N9: 109 | O9: 105 | P9: 99 | Q9: 187 | R9: 187 | S9: 187 | T9: 104 | U9: 112 | V9: 105 | W9: 82 | X9: 82 | Y9: 105 | Z9: 105 | AA9: 99 | AB9: 178 | AC9: 434 | AD9: 434 | AE9: 34 | AF9: 120 | AG9: 120 | AH9: 104 | AI9: 178 | AJ9: 178 | AK9: 178 | AL9: 178 | AM9: 120 | AN9: 178 | AO9: 99 | AP9: 178 | AQ9: 140 | AR9: 140 | AS9: 99 | AT9: 105 | AU9: 99 | AV9: 96 | AW9: 96 | AX9: 178 | AY9: 178 | AZ9: 120 | BA9: 120 | BB9: 178 | BC9: 178 | BD9: 178 | BE9: 105 | BF9: 99 | BG9: 99 | BH9: 99 | BI9: 82 | BJ9: 82 | BK9: 136 | BL9: 140 | BM9: 130 | BN9: 99 | BO9: 122 | BP9: 196 | BQ9: 178 | BR9: 136 | BS9: 178 | BT9: 124 | BU9: 178 | BV9: 178 | BW9: 178 | BX9: 99 | BY9: 136 | BZ9: 195 | CA9: 178 | CB9: 178 | CC9: 192 | CD9: 187 | CE9: 120 | CF9: 187 | CG9: 187 | CH9: 187 | CI9: 119 | CJ9: 119 | CK9: 570 | CL9: 570 | CM9: 140 | CN9: 140 | CO9: 842 | CP9: 105 | CQ9: 109 | CR9: 109 | CS9: 82 | CT9: 82 | CU9: 75 | CV9: 75 | CW9: 178 | CX9: 178 | CY9: 178 | CZ9: 178 | DA9: 82 | DB9: 82 | DC9: 710 | DD9: 69 | DE9: 70 | DF9: 710 | DG9: 710 | DH9: 710 | DI9: 144 | DJ9: 63 | DK9: 99 | DL9: 570 | DM9: 570 | DN9: 178 | DO9: 200 | DP9: 109 | DQ9: 109 | DR9: 79 | DS9: 79 | DT9: 434 | DU9: 740 | DV9: 228 | DW9: 115 | DX9: 195 | DY9: 124 | DZ9: 80 | EA9: 120 | EB9: 105 | EC9: 178 | ED9: 178 | EE9: 178 | EF9: 69 | EG9: 70 | EH9: 69 | EI9: 69 | EJ9: 132 | EK9: 132 | EL9: 710 | EM9: 710 | EN9: 66 | EO9: 66 | EP9: 710 | EQ9: 109 | ER9: 109 | ES9: 82 | ET9: 82 | EU9: 144 | EV9: 144 | EW9: 710 | EX9: 178 | EY9: 124 | EZ9: 99 | FA9: 99 | FB9: 99 | FC9: 761 | FD9: 187 | FE9: 761 | FF9: 761 | FG9: 761 | FH9: 178 | FI9: 178 | FJ9: 115 | FK9: 434 | FL9: 434 | FM9: 555 | FN9: 123 | FO9: 178 | FP9: 130 | FQ9: 178 | FR9: 103 | FS9: 238 | FT9: 434 | FU9: 178 | FV9: 132 | FW9: 178 | FX9: 144 | FY9: 144 | FZ9: 140 | GA9: 140 | GB9: 136 | GC9: 178 | GD9: 178 | GE9: 178 | GF9: 196 | GG9: 178 | GH9: 178 | GI9: 178 | GJ9: 130 | GK9: 99 | GL9: 136 | GM9: 178 | GN9: 105 | GO9: 187 | GP9: 187 | GQ9: 187 | GR9: 105 | GS9: 130 | GT9: 434 | GU9: 105 | GV9: 105 | GW9: 593 | GX9: 119 | GY9: 178 | GZ9: 120 | HA9: 178 | HB9: 178 | HC9: 178 | HD9: 646 | HE9: 161 | HF9: 161 | HG9: 434 | HH9: 434 | HI9: 187 | HJ9: 124 | HK9: 99 | HL9: 105 | HM9: 63 | HN9: 178 | HO9: 187 | HP9: 136 | HQ9: 187 | HR9: 187 | HS9: 99 | HT9: 99 | HU9: 105 | HV9: 178 | HW9: 178 | HX9: 1577 | HY9: 1577 | HZ9: 143 | IA9: 104 | IB9: 82 | IC9: 82 | ID9: 82 | IE9: 82 | IF9: 186 | IG9: 124 | IH9: 136 | II9: 99 | IJ9: 178 | IK9: 178 | IL9: 99 | IM9: 99 | IN9: 105 | IO9: 105 | IP9: 99 | IQ9: 99 | IR9: 100 | IS9: 100 | IT9: 200 | IU9: 143 | IV9: 82 | IW9: 82 | IX9: 82 | IY9: 412 | IZ9: 412 | JA9: 82 | JB9: 82 | JC9: 109 | JD9: 178 | JE9: 99 | JF9: 82 | JG9: 109 | JH9: 140 | JI9: 140 | JJ9: 196 | JK9: 178 | JL9: 178 | JM9: 99 | JN9: 178 | JO9: 350 | JP9: 99 | JQ9: 99 | JR9: 99 | JS9: 392 | JT9: 97 | JU9: 99 | JV9: 761 | JW9: 178 | JX9: 124 | JY9: 103 | JZ9: 178 | KA9: 746 | KB9: 646 | KC9: 178 | KD9: 178 | KE9: 178 | KF9: 178 | KG9: 190 | KH9: 105 | KI9: 136 | KJ9: 134 | KK9: 136 | KL9: 136 | KM9: 99 | KN9: 105 | KO9: 99 | KP9: 105 | KQ9: 99 | KR9: 99 | KS9: 99 | KT9: 74 | KU9: 74 | KV9: 99 | KW9: 178 | KX9: 178 | KY9: 99 | KZ9: 104 | LA9: 178 | LB9: 178 | LC9: 211 | LD9: 196 | LE9: 69 | LF9: 69 | LG9: 144 | LH9: 144 | LI9: 103 | LJ9: 99 | LK9: 99 | LL9: 82 | LM9: 82 | LN9: 82 | LO9: 82 | LP9: 82 | LQ9: 99 | LR9: 79 | LS9: 79 | LT9: 108 | LU9: 109 | LV9: 109 | LW9: 99 | LX9: 99 | LY9: 99 | LZ9: 178 | MA9: 393 | MB9: 350 | MC9: 350 | MD9: 434 | ME9: 1283 | MF9: 351 | MG9: 140 | MH9: 140 | MI9: 140 | MJ9: 186 | MK9: 157 | ML9: 144 | MM9: 186 | MN9: 195 | MO9: 105 | MP9: 119 | MQ9: 593 | MR9: 119 | MS9: 332 | MT9: 120 | MU9: 80 | MV9: 536 | MW9: 105 | MX9: 144 | MY9: 144 | MZ9: 105 | NA9: 384 | NB9: 99 | NC9: 99 | ND9: 434 | NE9: 98 | NF9: 107 | NG9: 140 | NH9: 107 | NI9: 140 | NJ9: 99 | NK9: 99 | NL9: 178 | NM9: 103 | NN9: 103 | NO9: 103 | NP9: 120 | NQ9: 120 | NR9: 570 | NS9: 99 | NT9: 393 | NU9: 434 | NV9: 593 | NW9: 178 | NX9: 178 | NY9: 178 | NZ9: 178 | OA9: 136 | OB9: 122 | OC9: 82 | OD9: 82 | OE9: 105 | OF9: 434 | OG9: 350 | OH9: 99 | OI9: 99 | OJ9: 99 | OK9: 99 | OL9: 99 | OM9: 99 | ON9: 200 | OO9: 200 | OP9: 119 | OQ9: 105 | OR9: 105 | OS9: 195 | OT9: 710 | OU9: 82 | OV9: 80 | OW9: 107 | OX9: 140 | OY9: 136 | OZ9: 136 | PA9: 104 | PB9: 196 | PC9: 80 | PD9: 562 | PE9: 120 | PF9: 267 | PG9: 351 | PH9: 593 | PI9: 178 | PJ9: 99 | PK9: 134 | PL9: 103 | PM9: 103 | PN9: 710 | PO9: 710 | PP9: 710 | PQ9: 185 | PR9: 178 | PS9: 99 | PT9: 178 | PU9: 178 | PV9: 119 | PW9: 120 | PX9: 136 | PY9: 434 | PZ9: 512 | QA9: 99 | QB9: 80 | QC9: 269 | QD9: 178 | QE9: 140 | QF9: 136 | QG9: 731 | QH9: 731 | QI9: 660 | QJ9: 660 | QK9: 136 | QL9: 99 | QM9: 99 | QN9: 350 | QO9: 350 | QP9: 99 | QQ9: 178 | QR9: 99 | QS9: 109 | QT9: 143 | QU9: 434 | QV9: 178 | QW9: 99 | QX9: 140 | QY9: 190 | QZ9: 195 | RA9: 135 | RB9: 195 | RC9: 710 | RD9: 136 | RE9: 105 | RF9: 124 | RG9: 99 | RH9: 353 | RI9: 178 | RJ9: 99 | RK9: 136 | RL9: 99 | RM9: 187 | RN9: 99 | RO9: 761 | RP9: 761 | RQ9: 99 | RR9: 99 | RS9: 99 | RT9: 99 | RU9: 136 | RV9: 124 | RW9: 99 | RX9: 99 | RY9: 136 | RZ9: 105 | SA9: 136 | SB9: 100 | SC9: 99 | SD9: 178 | SE9: 99 | SF9: 99 | SG9: 99 | SH9: 99 | SI9: 82 | SJ9: 80 | SK9: 99 | SL9: 99 | SM9: 95 | SN9: 710 | SO9: 710 | SP9: 350 | SQ9: 120 | SR9: 104 | SS9: 710 | ST9: 710 | SU9: 99 | SV9: 99 | SW9: 80 | SX9: 178 | SY9: 269 | SZ9: 325 | TA9: 350 | TB9: 119 | TC9: 120 | TD9: 140 | TE9: 140 | TF9: 99 | TG9: 105 | TH9: 100 | TI9: 120 | TJ9: 139 | TK9: 135 | TL9: 190 | TM9: 99 | TN9: 99 | TO9: 1283 | TP9: 537 | TQ9: 178 | TR9: 178 | TS9: 178 | TT9: 105 | TU9: 105 | TV9: 136 | TW9: 105 | TX9: 82 | TY9: 82 | TZ9: 119 | UA9: 332 | UB9: 109 | UC9: 82 | UD9: 186 | UE9: 105 | UF9: 434 | UG9: 1577 | UH9: 105 | UI9: 105 | UJ9: 267 | UK9: 269 | UL9: 269 | UM9: 593 | UN9: 178 | UO9: 136 | UP9: 467 | UQ9: 63 | UR9: 195 | US9: 178 | UT9: 125 | UU9: 125 | UV9: 99 | UW9: 95 | UX9: 99 | UY9: 178 | UZ9: 178 | VA9: 105 | VB9: 99 | VC9: 99 | VD9: 105 | VE9: 105 | VF9: 105 | VG9: 710 | VH9: 710 | VI9: 79 | VJ9: 79 | VK9: 105 | VL9: 178 | VM9: 186 | VN9: 178 | VO9: 685
A10: 05/07/25 04:00 | B10: {=1*TRANSPOSE(_xlfn._xlws.FILTER(branch!$I$2:$I$591,branch!$D$2:$D$591<>0))} -> 99 | C10: 99 | D10: 178 | E10: 145 | F10: 536 | G10: 393 | H10: 393 | I10: 593 | J10: 434 | K10: 99 | L10: 140 | M10: 103 | N10: 109 | O10: 105 | P10: 99 | Q10: 187 | R10: 187 | S10: 187 | T10: 104 | U10: 112 | V10: 105 | W10: 82 | X10: 82 | Y10: 105 | Z10: 105 | AA10: 99 | AB10: 178 | AC10: 434 | AD10: 434 | AE10: 34 | AF10: 120 | AG10: 120 | AH10: 104 | AI10: 178 | AJ10: 178 | AK10: 178 | AL10: 178 | AM10: 120 | AN10: 178 | AO10: 99 | AP10: 178 | AQ10: 140 | AR10: 140 | AS10: 99 | AT10: 105 | AU10: 99 | AV10: 96 | AW10: 96 | AX10: 178 | AY10: 178 | AZ10: 120 | BA10: 120 | BB10: 178 | BC10: 178 | BD10: 178 | BE10: 105 | BF10: 99 | BG10: 99 | BH10: 99 | BI10: 82 | BJ10: 82 | BK10: 136 | BL10: 140 | BM10: 130 | BN10: 99 | BO10: 122 | BP10: 196 | BQ10: 178 | BR10: 136 | BS10: 178 | BT10: 124 | BU10: 178 | BV10: 178 | BW10: 178 | BX10: 99 | BY10: 136 | BZ10: 195 | CA10: 178 | CB10: 178 | CC10: 192 | CD10: 187 | CE10: 120 | CF10: 187 | CG10: 187 | CH10: 187 | CI10: 119 | CJ10: 119 | CK10: 570 | CL10: 570 | CM10: 140 | CN10: 140 | CO10: 842 | CP10: 105 | CQ10: 109 | CR10: 109 | CS10: 82 | CT10: 82 | CU10: 75 | CV10: 75 | CW10: 178 | CX10: 178 | CY10: 178 | CZ10: 178 | DA10: 82 | DB10: 82 | DC10: 710 | DD10: 69 | DE10: 70 | DF10: 710 | DG10: 710 | DH10: 710 | DI10: 144 | DJ10: 63 | DK10: 99 | DL10: 570 | DM10: 570 | DN10: 178 | DO10: 200 | DP10: 109 | DQ10: 109 | DR10: 79 | DS10: 79 | DT10: 434 | DU10: 740 | DV10: 228 | DW10: 115 | DX10: 195 | DY10: 124 | DZ10: 80 | EA10: 120 | EB10: 105 | EC10: 178 | ED10: 178 | EE10: 178 | EF10: 69 | EG10: 70 | EH10: 69 | EI10: 69 | EJ10: 132 | EK10: 132 | EL10: 710 | EM10: 710 | EN10: 66 | EO10: 66 | EP10: 710 | EQ10: 109 | ER10: 109 | ES10: 82 | ET10: 82 | EU10: 144 | EV10: 144 | EW10: 710 | EX10: 178 | EY10: 124 | EZ10: 99 | FA10: 99 | FB10: 99 | FC10: 761 | FD10: 187 | FE10: 761 | FF10: 761 | FG10: 761 | FH10: 178 | FI10: 178 | FJ10: 115 | FK10: 434 | FL10: 434 | FM10: 555 | FN10: 123 | FO10: 178 | FP10: 130 | FQ10: 178 | FR10: 103 | FS10: 238 | FT10: 434 | FU10: 178 | FV10: 132 | FW10: 178 | FX10: 144 | FY10: 144 | FZ10: 140 | GA10: 140 | GB10: 136 | GC10: 178 | GD10: 178 | GE10: 178 | GF10: 196 | GG10: 178 | GH10: 178 | GI10: 178 | GJ10: 130 | GK10: 99 | GL10: 136 | GM10: 178 | GN10: 105 | GO10: 187 | GP10: 187 | GQ10: 187 | GR10: 105 | GS10: 130 | GT10: 434 | GU10: 105 | GV10: 105 | GW10: 593 | GX10: 119 | GY10: 178 | GZ10: 120 | HA10: 178 | HB10: 178 | HC10: 178 | HD10: 646 | HE10: 161 | HF10: 161 | HG10: 434 | HH10: 434 | HI10: 187 | HJ10: 124 | HK10: 99 | HL10: 105 | HM10: 63 | HN10: 178 | HO10: 187 | HP10: 136 | HQ10: 187 | HR10: 187 | HS10: 99 | HT10: 99 | HU10: 105 | HV10: 178 | HW10: 178 | HX10: 1577 | HY10: 1577 | HZ10: 143 | IA10: 104 | IB10: 82 | IC10: 82 | ID10: 82 | IE10: 82 | IF10: 186 | IG10: 124 | IH10: 136 | II10: 99 | IJ10: 178 | IK10: 178 | IL10: 99 | IM10: 99 | IN10: 105 | IO10: 105 | IP10: 99 | IQ10: 99 | IR10: 100 | IS10: 100 | IT10: 200 | IU10: 143 | IV10: 82 | IW10: 82 | IX10: 82 | IY10: 412 | IZ10: 412 | JA10: 82 | JB10: 82 | JC10: 109 | JD10: 178 | JE10: 99 | JF10: 82 | JG10: 109 | JH10: 140 | JI10: 140 | JJ10: 196 | JK10: 178 | JL10: 178 | JM10: 99 | JN10: 178 | JO10: 350 | JP10: 99 | JQ10: 99 | JR10: 99 | JS10: 392 | JT10: 97 | JU10: 99 | JV10: 761 | JW10: 178 | JX10: 124 | JY10: 103 | JZ10: 178 | KA10: 746 | KB10: 646 | KC10: 178 | KD10: 178 | KE10: 178 | KF10: 178 | KG10: 190 | KH10: 105 | KI10: 136 | KJ10: 134 | KK10: 136 | KL10: 136 | KM10: 99 | KN10: 105 | KO10: 99 | KP10: 105 | KQ10: 99 | KR10: 99 | KS10: 99 | KT10: 74 | KU10: 74 | KV10: 99 | KW10: 178 | KX10: 178 | KY10: 99 | KZ10: 104 | LA10: 178 | LB10: 178 | LC10: 211 | LD10: 196 | LE10: 69 | LF10: 69 | LG10: 144 | LH10: 144 | LI10: 103 | LJ10: 99 | LK10: 99 | LL10: 82 | LM10: 82 | LN10: 82 | LO10: 82 | LP10: 82 | LQ10: 99 | LR10: 79 | LS10: 79 | LT10: 108 | LU10: 109 | LV10: 109 | LW10: 99 | LX10: 99 | LY10: 99 | LZ10: 178 | MA10: 393 | MB10: 350 | MC10: 350 | MD10: 434 | ME10: 1283 | MF10: 351 | MG10: 140 | MH10: 140 | MI10: 140 | MJ10: 186 | MK10: 157 | ML10: 144 | MM10: 186 | MN10: 195 | MO10: 105 | MP10: 119 | MQ10: 593 | MR10: 119 | MS10: 332 | MT10: 120 | MU10: 80 | MV10: 536 | MW10: 105 | MX10: 144 | MY10: 144 | MZ10: 105 | NA10: 384 | NB10: 99 | NC10: 99 | ND10: 434 | NE10: 98 | NF10: 107 | NG10: 140 | NH10: 107 | NI10: 140 | NJ10: 99 | NK10: 99 | NL10: 178 | NM10: 103 | NN10: 103 | NO10: 103 | NP10: 120 | NQ10: 120 | NR10: 570 | NS10: 99 | NT10: 393 | NU10: 434 | NV10: 593 | NW10: 178 | NX10: 178 | NY10: 178 | NZ10: 178 | OA10: 136 | OB10: 122 | OC10: 82 | OD10: 82 | OE10: 105 | OF10: 434 | OG10: 350 | OH10: 99 | OI10: 99 | OJ10: 99 | OK10: 99 | OL10: 99 | OM10: 99 | ON10: 200 | OO10: 200 | OP10: 119 | OQ10: 105 | OR10: 105 | OS10: 195 | OT10: 710 | OU10: 82 | OV10: 80 | OW10: 107 | OX10: 140 | OY10: 136 | OZ10: 136 | PA10: 104 | PB10: 196 | PC10: 80 | PD10: 562 | PE10: 120 | PF10: 267 | PG10: 351 | PH10: 593 | PI10: 178 | PJ10: 99 | PK10: 134 | PL10: 103 | PM10: 103 | PN10: 710 | PO10: 710 | PP10: 710 | PQ10: 185 | PR10: 178 | PS10: 99 | PT10: 178 | PU10: 178 | PV10: 119 | PW10: 120 | PX10: 136 | PY10: 434 | PZ10: 512 | QA10: 99 | QB10: 80 | QC10: 269 | QD10: 178 | QE10: 140 | QF10: 136 | QG10: 731 | QH10: 731 | QI10: 660 | QJ10: 660 | QK10: 136 | QL10: 99 | QM10: 99 | QN10: 350 | QO10: 350 | QP10: 99 | QQ10: 178 | QR10: 99 | QS10: 109 | QT10: 143 | QU10: 434 | QV10: 178 | QW10: 99 | QX10: 140 | QY10: 190 | QZ10: 195 | RA10: 135 | RB10: 195 | RC10: 710 | RD10: 136 | RE10: 105 | RF10: 124 | RG10: 99 | RH10: 353 | RI10: 178 | RJ10: 99 | RK10: 136 | RL10: 99 | RM10: 187 | RN10: 99 | RO10: 761 | RP10: 761 | RQ10: 99 | RR10: 99 | RS10: 99 | RT10: 99 | RU10: 136 | RV10: 124 | RW10: 99 | RX10: 99 | RY10: 136 | RZ10: 105 | SA10: 136 | SB10: 100 | SC10: 99 | SD10: 178 | SE10: 99 | SF10: 99 | SG10: 99 | SH10: 99 | SI10: 82 | SJ10: 80 | SK10: 99 | SL10: 99 | SM10: 95 | SN10: 710 | SO10: 710 | SP10: 350 | SQ10: 120 | SR10: 104 | SS10: 710 | ST10: 710 | SU10: 99 | SV10: 99 | SW10: 80 | SX10: 178 | SY10: 269 | SZ10: 325 | TA10: 350 | TB10: 119 | TC10: 120 | TD10: 140 | TE10: 140 | TF10: 99 | TG10: 105 | TH10: 100 | TI10: 120 | TJ10: 139 | TK10: 135 | TL10: 190 | TM10: 99 | TN10: 99 | TO10: 1283 | TP10: 537 | TQ10: 178 | TR10: 178 | TS10: 178 | TT10: 105 | TU10: 105 | TV10: 136 | TW10: 105 | TX10: 82 | TY10: 82 | TZ10: 119 | UA10: 332 | UB10: 109 | UC10: 82 | UD10: 186 | UE10: 105 | UF10: 434 | UG10: 1577 | UH10: 105 | UI10: 105 | UJ10: 267 | UK10: 269 | UL10: 269 | UM10: 593 | UN10: 178 | UO10: 136 | UP10: 467 | UQ10: 63 | UR10: 195 | US10: 178 | UT10: 125 | UU10: 125 | UV10: 99 | UW10: 95 | UX10: 99 | UY10: 178 | UZ10: 178 | VA10: 105 | VB10: 99 | VC10: 99 | VD10: 105 | VE10: 105 | VF10: 105 | VG10: 710 | VH10: 710 | VI10: 79 | VJ10: 79 | VK10: 105 | VL10: 178 | VM10: 186 | VN10: 178 | VO10: 685
A11: 05/07/25 04:30 | B11: {=1*TRANSPOSE(_xlfn._xlws.FILTER(branch!$I$2:$I$591,branch!$D$2:$D$591<>0))} -> 99 | C11: 99 | D11: 178 | E11: 145 | F11: 536 | G11: 393 | H11: 393 | I11: 593 | J11: 434 | K11: 99 | L11: 140 | M11: 103 | N11: 109 | O11: 105 | P11: 99 | Q11: 187 | R11: 187 | S11: 187 | T11: 104 | U11: 112 | V11: 105 | W11: 82 | X11: 82 | Y11: 105 | Z11: 105 | AA11: 99 | AB11: 178 | AC11: 434 | AD11: 434 | AE11: 34 | AF11: 120 | AG11: 120 | AH11: 104 | AI11: 178 | AJ11: 178 | AK11: 178 | AL11: 178 | AM11: 120 | AN11: 178 | AO11: 99 | AP11: 178 | AQ11: 140 | AR11: 140 | AS11: 99 | AT11: 105 | AU11: 99 | AV11: 96 | AW11: 96 | AX11: 178 | AY11: 178 | AZ11: 120 | BA11: 120 | BB11: 178 | BC11: 178 | BD11: 178 | BE11: 105 | BF11: 99 | BG11: 99 | BH11: 99 | BI11: 82 | BJ11: 82 | BK11: 136 | BL11: 140 | BM11: 130 | BN11: 99 | BO11: 122 | BP11: 196 | BQ11: 178 | BR11: 136 | BS11: 178 | BT11: 124 | BU11: 178 | BV11: 178 | BW11: 178 | BX11: 99 | BY11: 136 | BZ11: 195 | CA11: 178 | CB11: 178 | CC11: 192 | CD11: 187 | CE11: 120 | CF11: 187 | CG11: 187 | CH11: 187 | CI11: 119 | CJ11: 119 | CK11: 570 | CL11: 570 | CM11: 140 | CN11: 140 | CO11: 842 | CP11: 105 | CQ11: 109 | CR11: 109 | CS11: 82 | CT11: 82 | CU11: 75 | CV11: 75 | CW11: 178 | CX11: 178 | CY11: 178 | CZ11: 178 | DA11: 82 | DB11: 82 | DC11: 710 | DD11: 69 | DE11: 70 | DF11: 710 | DG11: 710 | DH11: 710 | DI11: 144 | DJ11: 63 | DK11: 99 | DL11: 570 | DM11: 570 | DN11: 178 | DO11: 200 | DP11: 109 | DQ11: 109 | DR11: 79 | DS11: 79 | DT11: 434 | DU11: 740 | DV11: 228 | DW11: 115 | DX11: 195 | DY11: 124 | DZ11: 80 | EA11: 120 | EB11: 105 | EC11: 178 | ED11: 178 | EE11: 178 | EF11: 69 | EG11: 70 | EH11: 69 | EI11: 69 | EJ11: 132 | EK11: 132 | EL11: 710 | EM11: 710 | EN11: 66 | EO11: 66 | EP11: 710 | EQ11: 109 | ER11: 109 | ES11: 82 | ET11: 82 | EU11: 144 | EV11: 144 | EW11: 710 | EX11: 178 | EY11: 124 | EZ11: 99 | FA11: 99 | FB11: 99 | FC11: 761 | FD11: 187 | FE11: 761 | FF11: 761 | FG11: 761 | FH11: 178 | FI11: 178 | FJ11: 115 | FK11: 434 | FL11: 434 | FM11: 555 | FN11: 123 | FO11: 178 | FP11: 130 | FQ11: 178 | FR11: 103 | FS11: 238 | FT11: 434 | FU11: 178 | FV11: 132 | FW11: 178 | FX11: 144 | FY11: 144 | FZ11: 140 | GA11: 140 | GB11: 136 | GC11: 178 | GD11: 178 | GE11: 178 | GF11: 196 | GG11: 178 | GH11: 178 | GI11: 178 | GJ11: 130 | GK11: 99 | GL11: 136 | GM11: 178 | GN11: 105 | GO11: 187 | GP11: 187 | GQ11: 187 | GR11: 105 | GS11: 130 | GT11: 434 | GU11: 105 | GV11: 105 | GW11: 593 | GX11: 119 | GY11: 178 | GZ11: 120 | HA11: 178 | HB11: 178 | HC11: 178 | HD11: 646 | HE11: 161 | HF11: 161 | HG11: 434 | HH11: 434 | HI11: 187 | HJ11: 124 | HK11: 99 | HL11: 105 | HM11: 63 | HN11: 178 | HO11: 187 | HP11: 136 | HQ11: 187 | HR11: 187 | HS11: 99 | HT11: 99 | HU11: 105 | HV11: 178 | HW11: 178 | HX11: 1577 | HY11: 1577 | HZ11: 143 | IA11: 104 | IB11: 82 | IC11: 82 | ID11: 82 | IE11: 82 | IF11: 186 | IG11: 124 | IH11: 136 | II11: 99 | IJ11: 178 | IK11: 178 | IL11: 99 | IM11: 99 | IN11: 105 | IO11: 105 | IP11: 99 | IQ11: 99 | IR11: 100 | IS11: 100 | IT11: 200 | IU11: 143 | IV11: 82 | IW11: 82 | IX11: 82 | IY11: 412 | IZ11: 412 | JA11: 82 | JB11: 82 | JC11: 109 | JD11: 178 | JE11: 99 | JF11: 82 | JG11: 109 | JH11: 140 | JI11: 140 | JJ11: 196 | JK11: 178 | JL11: 178 | JM11: 99 | JN11: 178 | JO11: 350 | JP11: 99 | JQ11: 99 | JR11: 99 | JS11: 392 | JT11: 97 | JU11: 99 | JV11: 761 | JW11: 178 | JX11: 124 | JY11: 103 | JZ11: 178 | KA11: 746 | KB11: 646 | KC11: 178 | KD11: 178 | KE11: 178 | KF11: 178 | KG11: 190 | KH11: 105 | KI11: 136 | KJ11: 134 | KK11: 136 | KL11: 136 | KM11: 99 | KN11: 105 | KO11: 99 | KP11: 105 | KQ11: 99 | KR11: 99 | KS11: 99 | KT11: 74 | KU11: 74 | KV11: 99 | KW11: 178 | KX11: 178 | KY11: 99 | KZ11: 104 | LA11: 178 | LB11: 178 | LC11: 211 | LD11: 196 | LE11: 69 | LF11: 69 | LG11: 144 | LH11: 144 | LI11: 103 | LJ11: 99 | LK11: 99 | LL11: 82 | LM11: 82 | LN11: 82 | LO11: 82 | LP11: 82 | LQ11: 99 | LR11: 79 | LS11: 79 | LT11: 108 | LU11: 109 | LV11: 109 | LW11: 99 | LX11: 99 | LY11: 99 | LZ11: 178 | MA11: 393 | MB11: 350 | MC11: 350 | MD11: 434 | ME11: 1283 | MF11: 351 | MG11: 140 | MH11: 140 | MI11: 140 | MJ11: 186 | MK11: 157 | ML11: 144 | MM11: 186 | MN11: 195 | MO11: 105 | MP11: 119 | MQ11: 593 | MR11: 119 | MS11: 332 | MT11: 120 | MU11: 80 | MV11: 536 | MW11: 105 | MX11: 144 | MY11: 144 | MZ11: 105 | NA11: 384 | NB11: 99 | NC11: 99 | ND11: 434 | NE11: 98 | NF11: 107 | NG11: 140 | NH11: 107 | NI11: 140 | NJ11: 99 | NK11: 99 | NL11: 178 | NM11: 103 | NN11: 103 | NO11: 103 | NP11: 120 | NQ11: 120 | NR11: 570 | NS11: 99 | NT11: 393 | NU11: 434 | NV11: 593 | NW11: 178 | NX11: 178 | NY11: 178 | NZ11: 178 | OA11: 136 | OB11: 122 | OC11: 82 | OD11: 82 | OE11: 105 | OF11: 434 | OG11: 350 | OH11: 99 | OI11: 99 | OJ11: 99 | OK11: 99 | OL11: 99 | OM11: 99 | ON11: 200 | OO11: 200 | OP11: 119 | OQ11: 105 | OR11: 105 | OS11: 195 | OT11: 710 | OU11: 82 | OV11: 80 | OW11: 107 | OX11: 140 | OY11: 136 | OZ11: 136 | PA11: 104 | PB11: 196 | PC11: 80 | PD11: 562 | PE11: 120 | PF11: 267 | PG11: 351 | PH11: 593 | PI11: 178 | PJ11: 99 | PK11: 134 | PL11: 103 | PM11: 103 | PN11: 710 | PO11: 710 | PP11: 710 | PQ11: 185 | PR11: 178 | PS11: 99 | PT11: 178 | PU11: 178 | PV11: 119 | PW11: 120 | PX11: 136 | PY11: 434 | PZ11: 512 | QA11: 99 | QB11: 80 | QC11: 269 | QD11: 178 | QE11: 140 | QF11: 136 | QG11: 731 | QH11: 731 | QI11: 660 | QJ11: 660 | QK11: 136 | QL11: 99 | QM11: 99 | QN11: 350 | QO11: 350 | QP11: 99 | QQ11: 178 | QR11: 99 | QS11: 109 | QT11: 143 | QU11: 434 | QV11: 178 | QW11: 99 | QX11: 140 | QY11: 190 | QZ11: 195 | RA11: 135 | RB11: 195 | RC11: 710 | RD11: 136 | RE11: 105 | RF11: 124 | RG11: 99 | RH11: 353 | RI11: 178 | RJ11: 99 | RK11: 136 | RL11: 99 | RM11: 187 | RN11: 99 | RO11: 761 | RP11: 761 | RQ11: 99 | RR11: 99 | RS11: 99 | RT11: 99 | RU11: 136 | RV11: 124 | RW11: 99 | RX11: 99 | RY11: 136 | RZ11: 105 | SA11: 136 | SB11: 100 | SC11: 99 | SD11: 178 | SE11: 99 | SF11: 99 | SG11: 99 | SH11: 99 | SI11: 82 | SJ11: 80 | SK11: 99 | SL11: 99 | SM11: 95 | SN11: 710 | SO11: 710 | SP11: 350 | SQ11: 120 | SR11: 104 | SS11: 710 | ST11: 710 | SU11: 99 | SV11: 99 | SW11: 80 | SX11: 178 | SY11: 269 | SZ11: 325 | TA11: 350 | TB11: 119 | TC11: 120 | TD11: 140 | TE11: 140 | TF11: 99 | TG11: 105 | TH11: 100 | TI11: 120 | TJ11: 139 | TK11: 135 | TL11: 190 | TM11: 99 | TN11: 99 | TO11: 1283 | TP11: 537 | TQ11: 178 | TR11: 178 | TS11: 178 | TT11: 105 | TU11: 105 | TV11: 136 | TW11: 105 | TX11: 82 | TY11: 82 | TZ11: 119 | UA11: 332 | UB11: 109 | UC11: 82 | UD11: 186 | UE11: 105 | UF11: 434 | UG11: 1577 | UH11: 105 | UI11: 105 | UJ11: 267 | UK11: 269 | UL11: 269 | UM11: 593 | UN11: 178 | UO11: 136 | UP11: 467 | UQ11: 63 | UR11: 195 | US11: 178 | UT11: 125 | UU11: 125 | UV11: 99 | UW11: 95 | UX11: 99 | UY11: 178 | UZ11: 178 | VA11: 105 | VB11: 99 | VC11: 99 | VD11: 105 | VE11: 105 | VF11: 105 | VG11: 710 | VH11: 710 | VI11: 79 | VJ11: 79 | VK11: 105 | VL11: 178 | VM11: 186 | VN11: 178 | VO11: 685
A12: 05/07/25 05:00 | B12: {=1*TRANSPOSE(_xlfn._xlws.FILTER(branch!$I$2:$I$591,branch!$D$2:$D$591<>0))} -> 99 | C12: 99 | D12: 178 | E12: 145 | F12: 536 | G12: 393 | H12: 393 | I12: 593 | J12: 434 | K12: 99 | L12: 140 | M12: 103 | N12: 109 | O12: 105 | P12: 99 | Q12: 187 | R12: 187 | S12: 187 | T12: 104 | U12: 112 | V12: 105 | W12: 82 | X12: 82 | Y12: 105 | Z12: 105 | AA12: 99 | AB12: 178 | AC12: 434 | AD12: 434 | AE12: 34 | AF12: 120 | AG12: 120 | AH12: 104 | AI12: 178 | AJ12: 178 | AK12: 178 | AL12: 178 | AM12: 120 | AN12: 178 | AO12: 99 | AP12: 178 | AQ12: 140 | AR12: 140 | AS12: 99 | AT12: 105 | AU12: 99 | AV12: 96 | AW12: 96 | AX12: 178 | AY12: 178 | AZ12: 120 | BA12: 120 | BB12: 178 | BC12: 178 | BD12: 178 | BE12: 105 | BF12: 99 | BG12: 99 | BH12: 99 | BI12: 82 | BJ12: 82 | BK12: 136 | BL12: 140 | BM12: 130 | BN12: 99 | BO12: 122 | BP12: 196 | BQ12: 178 | BR12: 136 | BS12: 178 | BT12: 124 | BU12: 178 | BV12: 178 | BW12: 178 | BX12: 99 | BY12: 136 | BZ12: 195 | CA12: 178 | CB12: 178 | CC12: 192 | CD12: 187 | CE12: 120 | CF12: 187 | CG12: 187 | CH12: 187 | CI12: 119 | CJ12: 119 | CK12: 570 | CL12: 570 | CM12: 140 | CN12: 140 | CO12: 842 | CP12: 105 | CQ12: 109 | CR12: 109 | CS12: 82 | CT12: 82 | CU12: 75 | CV12: 75 | CW12: 178 | CX12: 178 | CY12: 178 | CZ12: 178 | DA12: 82 | DB12: 82 | DC12: 710 | DD12: 69 | DE12: 70 | DF12: 710 | DG12: 710 | DH12: 710 | DI12: 144 | DJ12: 63 | DK12: 99 | DL12: 570 | DM12: 570 | DN12: 178 | DO12: 200 | DP12: 109 | DQ12: 109 | DR12: 79 | DS12: 79 | DT12: 434 | DU12: 740 | DV12: 228 | DW12: 115 | DX12: 195 | DY12: 124 | DZ12: 80 | EA12: 120 | EB12: 105 | EC12: 178 | ED12: 178 | EE12: 178 | EF12: 69 | EG12: 70 | EH12: 69 | EI12: 69 | EJ12: 132 | EK12: 132 | EL12: 710 | EM12: 710 | EN12: 66 | EO12: 66 | EP12: 710 | EQ12: 109 | ER12: 109 | ES12: 82 | ET12: 82 | EU12: 144 | EV12: 144 | EW12: 710 | EX12: 178 | EY12: 124 | EZ12: 99 | FA12: 99 | FB12: 99 | FC12: 761 | FD12: 187 | FE12: 761 | FF12: 761 | FG12: 761 | FH12: 178 | FI12: 178 | FJ12: 115 | FK12: 434 | FL12: 434 | FM12: 555 | FN12: 123 | FO12: 178 | FP12: 130 | FQ12: 178 | FR12: 103 | FS12: 238 | FT12: 434 | FU12: 178 | FV12: 132 | FW12: 178 | FX12: 144 | FY12: 144 | FZ12: 140 | GA12: 140 | GB12: 136 | GC12: 178 | GD12: 178 | GE12: 178 | GF12: 196 | GG12: 178 | GH12: 178 | GI12: 178 | GJ12: 130 | GK12: 99 | GL12: 136 | GM12: 178 | GN12: 105 | GO12: 187 | GP12: 187 | GQ12: 187 | GR12: 105 | GS12: 130 | GT12: 434 | GU12: 105 | GV12: 105 | GW12: 593 | GX12: 119 | GY12: 178 | GZ12: 120 | HA12: 178 | HB12: 178 | HC12: 178 | HD12: 646 | HE12: 161 | HF12: 161 | HG12: 434 | HH12: 434 | HI12: 187 | HJ12: 124 | HK12: 99 | HL12: 105 | HM12: 63 | HN12: 178 | HO12: 187 | HP12: 136 | HQ12: 187 | HR12: 187 | HS12: 99 | HT12: 99 | HU12: 105 | HV12: 178 | HW12: 178 | HX12: 1577 | HY12: 1577 | HZ12: 143 | IA12: 104 | IB12: 82 | IC12: 82 | ID12: 82 | IE12: 82 | IF12: 186 | IG12: 124 | IH12: 136 | II12: 99 | IJ12: 178 | IK12: 178 | IL12: 99 | IM12: 99 | IN12: 105 | IO12: 105 | IP12: 99 | IQ12: 99 | IR12: 100 | IS12: 100 | IT12: 200 | IU12: 143 | IV12: 82 | IW12: 82 | IX12: 82 | IY12: 412 | IZ12: 412 | JA12: 82 | JB12: 82 | JC12: 109 | JD12: 178 | JE12: 99 | JF12: 82 | JG12: 109 | JH12: 140 | JI12: 140 | JJ12: 196 | JK12: 178 | JL12: 178 | JM12: 99 | JN12: 178 | JO12: 350 | JP12: 99 | JQ12: 99 | JR12: 99 | JS12: 392 | JT12: 97 | JU12: 99 | JV12: 761 | JW12: 178 | JX12: 124 | JY12: 103 | JZ12: 178 | KA12: 746 | KB12: 646 | KC12: 178 | KD12: 178 | KE12: 178 | KF12: 178 | KG12: 190 | KH12: 105 | KI12: 136 | KJ12: 134 | KK12: 136 | KL12: 136 | KM12: 99 | KN12: 105 | KO12: 99 | KP12: 105 | KQ12: 99 | KR12: 99 | KS12: 99 | KT12: 74 | KU12: 74 | KV12: 99 | KW12: 178 | KX12: 178 | KY12: 99 | KZ12: 104 | LA12: 178 | LB12: 178 | LC12: 211 | LD12: 196 | LE12: 69 | LF12: 69 | LG12: 144 | LH12: 144 | LI12: 103 | LJ12: 99 | LK12: 99 | LL12: 82 | LM12: 82 | LN12: 82 | LO12: 82 | LP12: 82 | LQ12: 99 | LR12: 79 | LS12: 79 | LT12: 108 | LU12: 109 | LV12: 109 | LW12: 99 | LX12: 99 | LY12: 99 | LZ12: 178 | MA12: 393 | MB12: 350 | MC12: 350 | MD12: 434 | ME12: 1283 | MF12: 351 | MG12: 140 | MH12: 140 | MI12: 140 | MJ12: 186 | MK12: 157 | ML12: 144 | MM12: 186 | MN12: 195 | MO12: 105 | MP12: 119 | MQ12: 593 | MR12: 119 | MS12: 332 | MT12: 120 | MU12: 80 | MV12: 536 | MW12: 105 | MX12: 144 | MY12: 144 | MZ12: 105 | NA12: 384 | NB12: 99 | NC12: 99 | ND12: 434 | NE12: 98 | NF12: 107 | NG12: 140 | NH12: 107 | NI12: 140 | NJ12: 99 | NK12: 99 | NL12: 178 | NM12: 103 | NN12: 103 | NO12: 103 | NP12: 120 | NQ12: 120 | NR12: 570 | NS12: 99 | NT12: 393 | NU12: 434 | NV12: 593 | NW12: 178 | NX12: 178 | NY12: 178 | NZ12: 178 | OA12: 136 | OB12: 122 | OC12: 82 | OD12: 82 | OE12: 105 | OF12: 434 | OG12: 350 | OH12: 99 | OI12: 99 | OJ12: 99 | OK12: 99 | OL12: 99 | OM12: 99 | ON12: 200 | OO12: 200 | OP12: 119 | OQ12: 105 | OR12: 105 | OS12: 195 | OT12: 710 | OU12: 82 | OV12: 80 | OW12: 107 | OX12: 140 | OY12: 136 | OZ12: 136 | PA12: 104 | PB12: 196 | PC12: 80 | PD12: 562 | PE12: 120 | PF12: 267 | PG12: 351 | PH12: 593 | PI12: 178 | PJ12: 99 | PK12: 134 | PL12: 103 | PM12: 103 | PN12: 710 | PO12: 710 | PP12: 710 | PQ12: 185 | PR12: 178 | PS12: 99 | PT12: 178 | PU12: 178 | PV12: 119 | PW12: 120 | PX12: 136 | PY12: 434 | PZ12: 512 | QA12: 99 | QB12: 80 | QC12: 269 | QD12: 178 | QE12: 140 | QF12: 136 | QG12: 731 | QH12: 731 | QI12: 660 | QJ12: 660 | QK12: 136 | QL12: 99 | QM12: 99 | QN12: 350 | QO12: 350 | QP12: 99 | QQ12: 178 | QR12: 99 | QS12: 109 | QT12: 143 | QU12: 434 | QV12: 178 | QW12: 99 | QX12: 140 | QY12: 190 | QZ12: 195 | RA12: 135 | RB12: 195 | RC12: 710 | RD12: 136 | RE12: 105 | RF12: 124 | RG12: 99 | RH12: 353 | RI12: 178 | RJ12: 99 | RK12: 136 | RL12: 99 | RM12: 187 | RN12: 99 | RO12: 761 | RP12: 761 | RQ12: 99 | RR12: 99 | RS12: 99 | RT12: 99 | RU12: 136 | RV12: 124 | RW12: 99 | RX12: 99 | RY12: 136 | RZ12: 105 | SA12: 136 | SB12: 100 | SC12: 99 | SD12: 178 | SE12: 99 | SF12: 99 | SG12: 99 | SH12: 99 | SI12: 82 | SJ12: 80 | SK12: 99 | SL12: 99 | SM12: 95 | SN12: 710 | SO12: 710 | SP12: 350 | SQ12: 120 | SR12: 104 | SS12: 710 | ST12: 710 | SU12: 99 | SV12: 99 | SW12: 80 | SX12: 178 | SY12: 269 | SZ12: 325 | TA12: 350 | TB12: 119 | TC12: 120 | TD12: 140 | TE12: 140 | TF12: 99 | TG12: 105 | TH12: 100 | TI12: 120 | TJ12: 139 | TK12: 135 | TL12: 190 | TM12: 99 | TN12: 99 | TO12: 1283 | TP12: 537 | TQ12: 178 | TR12: 178 | TS12: 178 | TT12: 105 | TU12: 105 | TV12: 136 | TW12: 105 | TX12: 82 | TY12: 82 | TZ12: 119 | UA12: 332 | UB12: 109 | UC12: 82 | UD12: 186 | UE12: 105 | UF12: 434 | UG12: 1577 | UH12: 105 | UI12: 105 | UJ12: 267 | UK12: 269 | UL12: 269 | UM12: 593 | UN12: 178 | UO12: 136 | UP12: 467 | UQ12: 63 | UR12: 195 | US12: 178 | UT12: 125 | UU12: 125 | UV12: 99 | UW12: 95 | UX12: 99 | UY12: 178 | UZ12: 178 | VA12: 105 | VB12: 99 | VC12: 99 | VD12: 105 | VE12: 105 | VF12: 105 | VG12: 710 | VH12: 710 | VI12: 79 | VJ12: 79 | VK12: 105 | VL12: 178 | VM12: 186 | VN12: 178 | VO12: 685
A13: 05/07/25 05:30 | B13: {=1*TRANSPOSE(_xlfn._xlws.FILTER(branch!$I$2:$I$591,branch!$D$2:$D$591<>0))} -> 99 | C13: 99 | D13: 178 | E13: 145 | F13: 536 | G13: 393 | H13: 393 | I13: 593 | J13: 434 | K13: 99 | L13: 140 | M13: 103 | N13: 109 | O13: 105 | P13: 99 | Q13: 187 | R13: 187 | S13: 187 | T13: 104 | U13: 112 | V13: 105 | W13: 82 | X13: 82 | Y13: 105 | Z13: 105 | AA13: 99 | AB13: 178 | AC13: 434 | AD13: 434 | AE13: 34 | AF13: 120 | AG13: 120 | AH13: 104 | AI13: 178 | AJ13: 178 | AK13: 178 | AL13: 178 | AM13: 120 | AN13: 178 | AO13: 99 | AP13: 178 | AQ13: 140 | AR13: 140 | AS13: 99 | AT13: 105 | AU13: 99 | AV13: 96 | AW13: 96 | AX13: 178 | AY13: 178 | AZ13: 120 | BA13: 120 | BB13: 178 | BC13: 178 | BD13: 178 | BE13: 105 | BF13: 99 | BG13: 99 | BH13: 99 | BI13: 82 | BJ13: 82 | BK13: 136 | BL13: 140 | BM13: 130 | BN13: 99 | BO13: 122 | BP13: 196 | BQ13: 178 | BR13: 136 | BS13: 178 | BT13: 124 | BU13: 178 | BV13: 178 | BW13: 178 | BX13: 99 | BY13: 136 | BZ13: 195 | CA13: 178 | CB13: 178 | CC13: 192 | CD13: 187 | CE13: 120 | CF13: 187 | CG13: 187 | CH13: 187 | CI13: 119 | CJ13: 119 | CK13: 570 | CL13: 570 | CM13: 140 | CN13: 140 | CO13: 842 | CP13: 105 | CQ13: 109 | CR13: 109 | CS13: 82 | CT13: 82 | CU13: 75 | CV13: 75 | CW13: 178 | CX13: 178 | CY13: 178 | CZ13: 178 | DA13: 82 | DB13: 82 | DC13: 710 | DD13: 69 | DE13: 70 | DF13: 710 | DG13: 710 | DH13: 710 | DI13: 144 | DJ13: 63 | DK13: 99 | DL13: 570 | DM13: 570 | DN13: 178 | DO13: 200 | DP13: 109 | DQ13: 109 | DR13: 79 | DS13: 79 | DT13: 434 | DU13: 740 | DV13: 228 | DW13: 115 | DX13: 195 | DY13: 124 | DZ13: 80 | EA13: 120 | EB13: 105 | EC13: 178 | ED13: 178 | EE13: 178 | EF13: 69 | EG13: 70 | EH13: 69 | EI13: 69 | EJ13: 132 | EK13: 132 | EL13: 710 | EM13: 710 | EN13: 66 | EO13: 66 | EP13: 710 | EQ13: 109 | ER13: 109 | ES13: 82 | ET13: 82 | EU13: 144 | EV13: 144 | EW13: 710 | EX13: 178 | EY13: 124 | EZ13: 99 | FA13: 99 | FB13: 99 | FC13: 761 | FD13: 187 | FE13: 761 | FF13: 761 | FG13: 761 | FH13: 178 | FI13: 178 | FJ13: 115 | FK13: 434 | FL13: 434 | FM13: 555 | FN13: 123 | FO13: 178 | FP13: 130 | FQ13: 178 | FR13: 103 | FS13: 238 | FT13: 434 | FU13: 178 | FV13: 132 | FW13: 178 | FX13: 144 | FY13: 144 | FZ13: 140 | GA13: 140 | GB13: 136 | GC13: 178 | GD13: 178 | GE13: 178 | GF13: 196 | GG13: 178 | GH13: 178 | GI13: 178 | GJ13: 130 | GK13: 99 | GL13: 136 | GM13: 178 | GN13: 105 | GO13: 187 | GP13: 187 | GQ13: 187 | GR13: 105 | GS13: 130 | GT13: 434 | GU13: 105 | GV13: 105 | GW13: 593 | GX13: 119 | GY13: 178 | GZ13: 120 | HA13: 178 | HB13: 178 | HC13: 178 | HD13: 646 | HE13: 161 | HF13: 161 | HG13: 434 | HH13: 434 | HI13: 187 | HJ13: 124 | HK13: 99 | HL13: 105 | HM13: 63 | HN13: 178 | HO13: 187 | HP13: 136 | HQ13: 187 | HR13: 187 | HS13: 99 | HT13: 99 | HU13: 105 | HV13: 178 | HW13: 178 | HX13: 1577 | HY13: 1577 | HZ13: 143 | IA13: 104 | IB13: 82 | IC13: 82 | ID13: 82 | IE13: 82 | IF13: 186 | IG13: 124 | IH13: 136 | II13: 99 | IJ13: 178 | IK13: 178 | IL13: 99 | IM13: 99 | IN13: 105 | IO13: 105 | IP13: 99 | IQ13: 99 | IR13: 100 | IS13: 100 | IT13: 200 | IU13: 143 | IV13: 82 | IW13: 82 | IX13: 82 | IY13: 412 | IZ13: 412 | JA13: 82 | JB13: 82 | JC13: 109 | JD13: 178 | JE13: 99 | JF13: 82 | JG13: 109 | JH13: 140 | JI13: 140 | JJ13: 196 | JK13: 178 | JL13: 178 | JM13: 99 | JN13: 178 | JO13: 350 | JP13: 99 | JQ13: 99 | JR13: 99 | JS13: 392 | JT13: 97 | JU13: 99 | JV13: 761 | JW13: 178 | JX13: 124 | JY13: 103 | JZ13: 178 | KA13: 746 | KB13: 646 | KC13: 178 | KD13: 178 | KE13: 178 | KF13: 178 | KG13: 190 | KH13: 105 | KI13: 136 | KJ13: 134 | KK13: 136 | KL13: 136 | KM13: 99 | KN13: 105 | KO13: 99 | KP13: 105 | KQ13: 99 | KR13: 99 | KS13: 99 | KT13: 74 | KU13: 74 | KV13: 99 | KW13: 178 | KX13: 178 | KY13: 99 | KZ13: 104 | LA13: 178 | LB13: 178 | LC13: 211 | LD13: 196 | LE13: 69 | LF13: 69 | LG13: 144 | LH13: 144 | LI13: 103 | LJ13: 99 | LK13: 99 | LL13: 82 | LM13: 82 | LN13: 82 | LO13: 82 | LP13: 82 | LQ13: 99 | LR13: 79 | LS13: 79 | LT13: 108 | LU13: 109 | LV13: 109 | LW13: 99 | LX13: 99 | LY13: 99 | LZ13: 178 | MA13: 393 | MB13: 350 | MC13: 350 | MD13: 434 | ME13: 1283 | MF13: 351 | MG13: 140 | MH13: 140 | MI13: 140 | MJ13: 186 | MK13: 157 | ML13: 144 | MM13: 186 | MN13: 195 | MO13: 105 | MP13: 119 | MQ13: 593 | MR13: 119 | MS13: 332 | MT13: 120 | MU13: 80 | MV13: 536 | MW13: 105 | MX13: 144 | MY13: 144 | MZ13: 105 | NA13: 384 | NB13: 99 | NC13: 99 | ND13: 434 | NE13: 98 | NF13: 107 | NG13: 140 | NH13: 107 | NI13: 140 | NJ13: 99 | NK13: 99 | NL13: 178 | NM13: 103 | NN13: 103 | NO13: 103 | NP13: 120 | NQ13: 120 | NR13: 570 | NS13: 99 | NT13: 393 | NU13: 434 | NV13: 593 | NW13: 178 | NX13: 178 | NY13: 178 | NZ13: 178 | OA13: 136 | OB13: 122 | OC13: 82 | OD13: 82 | OE13: 105 | OF13: 434 | OG13: 350 | OH13: 99 | OI13: 99 | OJ13: 99 | OK13: 99 | OL13: 99 | OM13: 99 | ON13: 200 | OO13: 200 | OP13: 119 | OQ13: 105 | OR13: 105 | OS13: 195 | OT13: 710 | OU13: 82 | OV13: 80 | OW13: 107 | OX13: 140 | OY13: 136 | OZ13: 136 | PA13: 104 | PB13: 196 | PC13: 80 | PD13: 562 | PE13: 120 | PF13: 267 | PG13: 351 | PH13: 593 | PI13: 178 | PJ13: 99 | PK13: 134 | PL13: 103 | PM13: 103 | PN13: 710 | PO13: 710 | PP13: 710 | PQ13: 185 | PR13: 178 | PS13: 99 | PT13: 178 | PU13: 178 | PV13: 119 | PW13: 120 | PX13: 136 | PY13: 434 | PZ13: 512 | QA13: 99 | QB13: 80 | QC13: 269 | QD13: 178 | QE13: 140 | QF13: 136 | QG13: 731 | QH13: 731 | QI13: 660 | QJ13: 660 | QK13: 136 | QL13: 99 | QM13: 99 | QN13: 350 | QO13: 350 | QP13: 99 | QQ13: 178 | QR13: 99 | QS13: 109 | QT13: 143 | QU13: 434 | QV13: 178 | QW13: 99 | QX13: 140 | QY13: 190 | QZ13: 195 | RA13: 135 | RB13: 195 | RC13: 710 | RD13: 136 | RE13: 105 | RF13: 124 | RG13: 99 | RH13: 353 | RI13: 178 | RJ13: 99 | RK13: 136 | RL13: 99 | RM13: 187 | RN13: 99 | RO13: 761 | RP13: 761 | RQ13: 99 | RR13: 99 | RS13: 99 | RT13: 99 | RU13: 136 | RV13: 124 | RW13: 99 | RX13: 99 | RY13: 136 | RZ13: 105 | SA13: 136 | SB13: 100 | SC13: 99 | SD13: 178 | SE13: 99 | SF13: 99 | SG13: 99 | SH13: 99 | SI13: 82 | SJ13: 80 | SK13: 99 | SL13: 99 | SM13: 95 | SN13: 710 | SO13: 710 | SP13: 350 | SQ13: 120 | SR13: 104 | SS13: 710 | ST13: 710 | SU13: 99 | SV13: 99 | SW13: 80 | SX13: 178 | SY13: 269 | SZ13: 325 | TA13: 350 | TB13: 119 | TC13: 120 | TD13: 140 | TE13: 140 | TF13: 99 | TG13: 105 | TH13: 100 | TI13: 120 | TJ13: 139 | TK13: 135 | TL13: 190 | TM13: 99 | TN13: 99 | TO13: 1283 | TP13: 537 | TQ13: 178 | TR13: 178 | TS13: 178 | TT13: 105 | TU13: 105 | TV13: 136 | TW13: 105 | TX13: 82 | TY13: 82 | TZ13: 119 | UA13: 332 | UB13: 109 | UC13: 82 | UD13: 186 | UE13: 105 | UF13: 434 | UG13: 1577 | UH13: 105 | UI13: 105 | UJ13: 267 | UK13: 269 | UL13: 269 | UM13: 593 | UN13: 178 | UO13: 136 | UP13: 467 | UQ13: 63 | UR13: 195 | US13: 178 | UT13: 125 | UU13: 125 | UV13: 99 | UW13: 95 | UX13: 99 | UY13: 178 | UZ13: 178 | VA13: 105 | VB13: 99 | VC13: 99 | VD13: 105 | VE13: 105 | VF13: 105 | VG13: 710 | VH13: 710 | VI13: 79 | VJ13: 79 | VK13: 105 | VL13: 178 | VM13: 186 | VN13: 178 | VO13: 685
... A49: 05/07/25 23:30 | B49: {=1*TRANSPOSE(_xlfn._xlws.FILTER(branch!$I$2:$I$591,branch!$D$2:$D$591<>0))} -> 99 | C49: 99 | D49: 178 | E49: 145 | F49: 536 | G49: 393 | H49: 393 | I49: 593 | J49: 434 | K49: 99 | L49: 140 | M49: 103 | N49: 109 | O49: 105 | P49: 99 | Q49: 187 | R49: 187 | S49: 187 | T49: 104 | U49: 112 | V49: 105 | W49: 82 | X49: 82 | Y49: 105 | Z49: 105 | AA49: 99 | AB49: 178 | AC49: 434 | AD49: 434 | AE49: 34 | AF49: 120 | AG49: 120 | AH49: 104 | AI49: 178 | AJ49: 178 | AK49: 178 | AL49: 178 | AM49: 120 | AN49: 178 | AO49: 99 | AP49: 178 | AQ49: 140 | AR49: 140 | AS49: 99 | AT49: 105 | AU49: 99 | AV49: 96 | AW49: 96 | AX49: 178 | AY49: 178 | AZ49: 120 | BA49: 120 | BB49: 178 | BC49: 178 | BD49: 178 | BE49: 105 | BF49: 99 | BG49: 99 | BH49: 99 | BI49: 82 | BJ49: 82 | BK49: 136 | BL49: 140 | BM49: 130 | BN49: 99 | BO49: 122 | BP49: 196 | BQ49: 178 | BR49: 136 | BS49: 178 | BT49: 124 | BU49: 178 | BV49: 178 | BW49: 178 | BX49: 99 | BY49: 136 | BZ49: 195 | CA49: 178 | CB49: 178 | CC49: 192 | CD49: 187 | CE49: 120 | CF49: 187 | CG49: 187 | CH49: 187 | CI49: 119 | CJ49: 119 | CK49: 570 | CL49: 570 | CM49: 140 | CN49: 140 | CO49: 842 | CP49: 105 | CQ49: 109 | CR49: 109 | CS49: 82 | CT49: 82 | CU49: 75 | CV49: 75 | CW49: 178 | CX49: 178 | CY49: 178 | CZ49: 178 | DA49: 82 | DB49: 82 | DC49: 710 | DD49: 69 | DE49: 70 | DF49: 710 | DG49: 710 | DH49: 710 | DI49: 144 | DJ49: 63 | DK49: 99 | DL49: 570 | DM49: 570 | DN49: 178 | DO49: 200 | DP49: 109 | DQ49: 109 | DR49: 79 | DS49: 79 | DT49: 434 | DU49: 740 | DV49: 228 | DW49: 115 | DX49: 195 | DY49: 124 | DZ49: 80 | EA49: 120 | EB49: 105 | EC49: 178 | ED49: 178 | EE49: 178 | EF49: 69 | EG49: 70 | EH49: 69 | EI49: 69 | EJ49: 132 | EK49: 132 | EL49: 710 | EM49: 710 | EN49: 66 | EO49: 66 | EP49: 710 | EQ49: 109 | ER49: 109 | ES49: 82 | ET49: 82 | EU49: 144 | EV49: 144 | EW49: 710 | EX49: 178 | EY49: 124 | EZ49: 99 | FA49: 99 | FB49: 99 | FC49: 761 | FD49: 187 | FE49: 761 | FF49: 761 | FG49: 761 | FH49: 178 | FI49: 178 | FJ49: 115 | FK49: 434 | FL49: 434 | FM49: 555 | FN49: 123 | FO49: 178 | FP49: 130 | FQ49: 178 | FR49: 103 | FS49: 238 | FT49: 434 | FU49: 178 | FV49: 132 | FW49: 178 | FX49: 144 | FY49: 144 | FZ49: 140 | GA49: 140 | GB49: 136 | GC49: 178 | GD49: 178 | GE49: 178 | GF49: 196 | GG49: 178 | GH49: 178 | GI49: 178 | GJ49: 130 | GK49: 99 | GL49: 136 | GM49: 178 | GN49: 105 | GO49: 187 | GP49: 187 | GQ49: 187 | GR49: 105 | GS49: 130 | GT49: 434 | GU49: 105 | GV49: 105 | GW49: 593 | GX49: 119 | GY49: 178 | GZ49: 120 | HA49: 178 | HB49: 178 | HC49: 178 | HD49: 646 | HE49: 161 | HF49: 161 | HG49: 434 | HH49: 434 | HI49: 187 | HJ49: 124 | HK49: 99 | HL49: 105 | HM49: 63 | HN49: 178 | HO49: 187 | HP49: 136 | HQ49: 187 | HR49: 187 | HS49: 99 | HT49: 99 | HU49: 105 | HV49: 178 | HW49: 178 | HX49: 1577 | HY49: 1577 | HZ49: 143 | IA49: 104 | IB49: 82 | IC49: 82 | ID49: 82 | IE49: 82 | IF49: 186 | IG49: 124 | IH49: 136 | II49: 99 | IJ49: 178 | IK49: 178 | IL49: 99 | IM49: 99 | IN49: 105 | IO49: 105 | IP49: 99 | IQ49: 99 | IR49: 100 | IS49: 100 | IT49: 200 | IU49: 143 | IV49: 82 | IW49: 82 | IX49: 82 | IY49: 412 | IZ49: 412 | JA49: 82 | JB49: 82 | JC49: 109 | JD49: 178 | JE49: 99 | JF49: 82 | JG49: 109 | JH49: 140 | JI49: 140 | JJ49: 196 | JK49: 178 | JL49: 178 | JM49: 99 | JN49: 178 | JO49: 350 | JP49: 99 | JQ49: 99 | JR49: 99 | JS49: 392 | JT49: 97 | JU49: 99 | JV49: 761 | JW49: 178 | JX49: 124 | JY49: 103 | JZ49: 178 | KA49: 746 | KB49: 646 | KC49: 178 | KD49: 178 | KE49: 178 | KF49: 178 | KG49: 190 | KH49: 105 | KI49: 136 | KJ49: 134 | KK49: 136 | KL49: 136 | KM49: 99 | KN49: 105 | KO49: 99 | KP49: 105 | KQ49: 99 | KR49: 99 | KS49: 99 | KT49: 74 | KU49: 74 | KV49: 99 | KW49: 178 | KX49: 178 | KY49: 99 | KZ49: 104 | LA49: 178 | LB49: 178 | LC49: 211 | LD49: 196 | LE49: 69 | LF49: 69 | LG49: 144 | LH49: 144 | LI49: 103 | LJ49: 99 | LK49: 99 | LL49: 82 | LM49: 82 | LN49: 82 | LO49: 82 | LP49: 82 | LQ49: 99 | LR49: 79 | LS49: 79 | LT49: 108 | LU49: 109 | LV49: 109 | LW49: 99 | LX49: 99 | LY49: 99 | LZ49: 178 | MA49: 393 | MB49: 350 | MC49: 350 | MD49: 434 | ME49: 1283 | MF49: 351 | MG49: 140 | MH49: 140 | MI49: 140 | MJ49: 186 | MK49: 157 | ML49: 144 | MM49: 186 | MN49: 195 | MO49: 105 | MP49: 119 | MQ49: 593 | MR49: 119 | MS49: 332 | MT49: 120 | MU49: 80 | MV49: 536 | MW49: 105 | MX49: 144 | MY49: 144 | MZ49: 105 | NA49: 384 | NB49: 99 | NC49: 99 | ND49: 434 | NE49: 98 | NF49: 107 | NG49: 140 | NH49: 107 | NI49: 140 | NJ49: 99 | NK49: 99 | NL49: 178 | NM49: 103 | NN49: 103 | NO49: 103 | NP49: 120 | NQ49: 120 | NR49: 570 | NS49: 99 | NT49: 393 | NU49: 434 | NV49: 593 | NW49: 178 | NX49: 178 | NY49: 178 | NZ49: 178 | OA49: 136 | OB49: 122 | OC49: 82 | OD49: 82 | OE49: 105 | OF49: 434 | OG49: 350 | OH49: 99 | OI49: 99 | OJ49: 99 | OK49: 99 | OL49: 99 | OM49: 99 | ON49: 200 | OO49: 200 | OP49: 119 | OQ49: 105 | OR49: 105 | OS49: 195 | OT49: 710 | OU49: 82 | OV49: 80 | OW49: 107 | OX49: 140 | OY49: 136 | OZ49: 136 | PA49: 104 | PB49: 196 | PC49: 80 | PD49: 562 | PE49: 120 | PF49: 267 | PG49: 351 | PH49: 593 | PI49: 178 | PJ49: 99 | PK49: 134 | PL49: 103 | PM49: 103 | PN49: 710 | PO49: 710 | PP49: 710 | PQ49: 185 | PR49: 178 | PS49: 99 | PT49: 178 | PU49: 178 | PV49: 119 | PW49: 120 | PX49: 136 | PY49: 434 | PZ49: 512 | QA49: 99 | QB49: 80 | QC49: 269 | QD49: 178 | QE49: 140 | QF49: 136 | QG49: 731 | QH49: 731 | QI49: 660 | QJ49: 660 | QK49: 136 | QL49: 99 | QM49: 99 | QN49: 350 | QO49: 350 | QP49: 99 | QQ49: 178 | QR49: 99 | QS49: 109 | QT49: 143 | QU49: 434 | QV49: 178 | QW49: 99 | QX49: 140 | QY49: 190 | QZ49: 195 | RA49: 135 | RB49: 195 | RC49: 710 | RD49: 136 | RE49: 105 | RF49: 124 | RG49: 99 | RH49: 353 | RI49: 178 | RJ49: 99 | RK49: 136 | RL49: 99 | RM49: 187 | RN49: 99 | RO49: 761 | RP49: 761 | RQ49: 99 | RR49: 99 | RS49: 99 | RT49: 99 | RU49: 136 | RV49: 124 | RW49: 99 | RX49: 99 | RY49: 136 | RZ49: 105 | SA49: 136 | SB49: 100 | SC49: 99 | SD49: 178 | SE49: 99 | SF49: 99 | SG49: 99 | SH49: 99 | SI49: 82 | SJ49: 80 | SK49: 99 | SL49: 99 | SM49: 95 | SN49: 710 | SO49: 710 | SP49: 350 | SQ49: 120 | SR49: 104 | SS49: 710 | ST49: 710 | SU49: 99 | SV49: 99 | SW49: 80 | SX49: 178 | SY49: 269 | SZ49: 325 | TA49: 350 | TB49: 119 | TC49: 120 | TD49: 140 | TE49: 140 | TF49: 99 | TG49: 105 | TH49: 100 | TI49: 120 | TJ49: 139 | TK49: 135 | TL49: 190 | TM49: 99 | TN49: 99 | TO49: 1283 | TP49: 537 | TQ49: 178 | TR49: 178 | TS49: 178 | TT49: 105 | TU49: 105 | TV49: 136 | TW49: 105 | TX49: 82 | TY49: 82 | TZ49: 119 | UA49: 332 | UB49: 109 | UC49: 82 | UD49: 186 | UE49: 105 | UF49: 434 | UG49: 1577 | UH49: 105 | UI49: 105 | UJ49: 267 | UK49: 269 | UL49: 269 | UM49: 593 | UN49: 178 | UO49: 136 | UP49: 467 | UQ49: 63 | UR49: 195 | US49: 178 | UT49: 125 | UU49: 125 | UV49: 99 | UW49: 95 | UX49: 99 | UY49: 178 | UZ49: 178 | VA49: 105 | VB49: 99 | VC49: 99 | VD49: 105 | VE49: 105 | VF49: 105 | VG49: 710 | VH49: 710 | VI49: 79 | VJ49: 79 | VK49: 105 | VL49: 178 | VM49: 186 | VN49: 178 | VO49: 685

Sheet transformer
A1: name | B1: from_busname | C1: to_busname | D1: type | E1: stat | F1: r | G1: x | H1: b | I1: ShortTermRating | J1: ContinousRating
A2: AD_T2101 | B2: AD_I_Z_220 | C2: AD_I_Z_110 | D2: 1 | E2: 2 | F2: 0.001 | G2: 0.124 | H2: 0 | I2: =J2*1.25 -> 156.25 | J2: 125
A3: ARK_T2101 | B3: ARK_I_Z_220 | C3: ARK_I_Z_110 | D3: 1 | E3: 2 | F3: 0.007 | G3: 0.18 | H3: 0 | I3: =J3*1.25 -> 78.75 | J3: 63
A4: ARK_T2102 | B4: ARK_I_Z_220 | C4: ARK_I_Z_110 | D4: 1 | E4: 2 | F4: 0.0021 | G4: 0.1237 | H4: 0 | I4: =J4*1.25 -> 156.25 | J4: 125
A5: BLC_T2101 | B5: BLC_I_Z_220 | C5: BLC_I_Z_110 | D5: 1 | E5: 2 | F5: 0.001 | G5: 0.0646 | H5: 0 | I5: =J5*1.25 -> 312.5 | J5: 250
A6: BVK_T2101 | B6: BVK_I_Z_220 | C6: BVK_I_Z_110 | D6: 1 | E6: 2 | F6: 0.001 | G6: 0.064 | H6: 0 | I6: =J6*1.25 -> 312.5 | J6: 250
A7: BVK_T2102 | B7: BVK_I_Z_220 | C7: BVK_I_Z_110 | D7: 1 | E7: 2 | F7: 0.001 | G7: 0.064 | H7: 0 | I7: =J7*1.25 -> 312.5 | J7: 250
