Workbook

Sheet bus
A1: name | B1: description | C1: baseKV | D1: type | E1: zone
A2: AA_I_Z_110 | B2: Ardnacrusha_110kV | C2: 110 | D2: 1 | E2: I
A3: AA1_I_Z_110 | B3: Ardnacrusha_110kV | C3: 110 | D3: 1 | E3: I
A4: AD_I_Z_110 | B4: Aghada_110kV | C4: 110 | D4: 1 | E4: I
A5: AD_I_Z_220 | B5: Aghada_220kV | C5: 220 | D5: 1 | E5: I
A6: ADM_I_Z_110 | B6: Adamstown_110kV | C6: 110 | D6: 1 | E6: I
A7: AGH_N_Z_110 | B7: Aghyoule_110kV | C7: 110 | D7: 1 | E7: N
A8: AGH_N_Z_33 | B8: Aghyoule_33kV | C8: 33 | D8: 1 | E8: N
A9: AGL_I_Z_110 | B9: Agannygal_110kV | C9: 110 | D9: 1 | E9: I
A10: AGN_I_Z_110 | B10: Aungierstown_110kV | C10: 110 | D10: 1 | E10: I
A11: AHA_I_Z_110 | B11: Ahane_110kV | C11: 110 | D11: 1 | E11: I
A12: AIR_N_Z_110 | B12: Airport Road_110kV | C12: 110 | D12: 1 | E12: N
A13: AIR_N_Z_33 | B13: Airport Road_33kV | C13: 33 | D13: 1 | E13: N
A14: ANR_I_Z_110 | B14: Anner_110kV | C14: 110 | D14: 1 | E14: I
A15: ANT_N_Z_110 | B15: Antrim_110kV | C15: 110 | D15: 1 | E15: N
A16: ANT_N_Z_33 | B16: Antrim_33kV | C16: 33 | D16: 1 | E16: N
A17: ARD_I_Z_110 | B17: Ardnagappary_110kV | C17: 110 | D17: 1 | E17: I
A18: ARI_I_T_110 | B18: Arigna_110kV_Tee | C18: 110 | D18: 1 | E18: I
A19: ARI_I_Z_110 | B19: Arigna_110kV | C19: 110 | D19: 1 | E19: I
A20: ARK_I_Z_110 | B20: Arklow_110kV | C20: 110 | D20: 1 | E20: I
A21: ARK_I_Z_220 | B21: Arklow_220kV | C21: 220 | D21: 1 | E21: I
A22: ART_I_Z_110 | B22: Artane_110kV | C22: 110 | D22: 1 | E22: I
A23: ARV_I_Z_110 | B23: Arva_110kV | C23: 110 | D23: 1 | E23: I
A24: ATE_I_Z_110 | B24: Athea_110kV | C24: 110 | D24: 1 | E24: I
... A119: CLW_I_Z_110 | B119: Carlow_110kV | C119: 110 | D119: 1 | E119: I
A120: CNB_I_Z_380 | B120: Coolnabacky_380kV | C120: 330 | D120: 1 | E120: I
A121: CNB_I_Z_110 | B121: Coolnabacky_110kV | C121: 110 | D121: 1 | E121: I
A122: CNG_I_Z_110 | B122: Coolnanoonag_110kV | C122: 110 | D122: 1 | E122: I
A123: COL_I_Z_110 | B123: College Park_110kV | C123: 110 | D123: 1 | E123: I
A124: COL_N_Z_110 | B124: Coleraine_110kV | C124: 110 | D124: 1 | E124: N
A125: COL_N_Z_33 | B125: Coleraine_33kV | C125: 33 | D125: 1 | E125: N
A126: COO_I_Z_110 | B126: Cookstown_110kV | C126: 110 | D126: 1 | E126: I
A127: COR_I_Z_110 | B127: Corraclassy_110kV | C127: 110 | D127: 1 | E127: I
A128: COS_I_Z_110 | B128: Carrick-on-Shannon_110kV | C128: 110 | D128: 1 | E128: I
A129: COW_I_Z_110 | B129: Cow Cross_110kV | C129: 110 | D129: 1 | E129: I
A130: CPK_I_Z_110 | B130: Central Park_110kV | C130: 110 | D130: 1 | E130: I
A131: CPS_N_Z_110 | B131: Coolkeeragh Power Station_110kV | C131: 110 | D131: 1 | E131: N
A132: CPS_N_Z_275 | B132: Coolkeeragh Power Station_275kV | C132: 275 | D132: 1 | E132: N
... A231: HN_I_Z_220 | B231: Huntstown_220kV | C231: 220 | D231: 1 | E231: I
A232: HWN_I_Z_110 | B232: Harristown_110kV | C232: 110 | D232: 1 | E232: I
A233: IA_I_Z_110 | B233: Inniscarra_110kV | C233: 110 | D233: 1 | E233: I
A234: IKE_I_T_110 | B234: Ikerrin_110kV_Tee | C234: 110 | D234: 1 | E234: I
A235: IKE_I_Z_110 | B235: Ikerrin_110kV | C235: 110 | D235: 1 | E235: I
A236: INC_I_Z_110 | B236: Inchicore_110kV | C236: 110 | D236: 1 | E236: I
A237: INC_I_Z_220 | B237: Inchicore_220kV | C237: 220 | D237: 1 | E237: I
A238: ISH_I_Z_220 | B238: Irishtown_220kV | C238: 220 | D238: 1 | E238: I
A239: KBY_I_Z_110 | B239: Kilbarry_110kV | C239: 110 | D239: 1 | E239: I
A240: KCR_I_Z_110 | B240: Knockacummer_110kV | C240: 110 | D240: 1 | E240: I
A241: KCY_I_Z_110 | B241: Kilcarbery_110kV | C241: 110 | D241: 1 | E241: I
A242: KEL_N_Z_110 | B242: Kells_110kV | C242: 110 | D242: 1 | E242: N
A243: KEL_N_Z_275 | B243: Kells_275kV | C243: 275 | D243: 1 | E243: N
A244: KER_I_Z_110 | B244: Knockearagh_110kV | C244: 110 | D244: 1 | E244: I
... A447: WOO_I_Z_380 | B447: Woodland_380kV | C447: 380 | D447: 1 | E447: I

Sheet demand
A1: name | B1: busname | C1: real | D1: stat | E1: VOLL
A2: AA(I)(Z)PF1 | B2: AA_I_Z_110 | C2: 28.6 | D2: 1 | E2: 7000
A3: AGH(N)(Z)PF0.99 | B3: AGH_N_Z_33 | C3: 6 | D3: 1 | E3: 7000
A4: AGN(I)(Z)PF0.95 | B4: AGN_I_Z_110 | C4: 0 | D4: 1 | E4: 7000
A5: AHA(I)(Z)PF0.965 | B5: AHA_I_Z_110 | C5: 1.2 | D5: 1 | E5: 7000
A6: AIR(N)(Z)PF0.99 | B6: AIR_N_Z_33 | C6: 0 | D6: 1 | E6: 7000
A7: ANR(I)(Z)PF0.95 | B7: ANR_I_Z_110 | C7: 14 | D7: 1 | E7: 7000
A8: ANT(N)(Z)PF0.98 | B8: ANT_N_Z_33 | C8: 12.4 | D8: 1 | E8: 7000
A9: ARD(I)(Z)PF0.99 | B9: ARD_I_Z_110 | C9: 4.7 | D9: 1 | E9: 7000
A10: ARI(I)(T)PF0.911 | B10: ARI_I_T_110 | C10: 0.9 | D10: 1 | E10: 7000
A11: ARK(I)(Z)PF0.967 | B11: ARK_I_Z_110 | C11: 15.4 | D11: 1 | E11: 7000
A12: ATH(I)(Z)PF0.995 | B12: ATH_I_Z_110 | C12: 26.7 | D12: 1 | E12: 7000
A13: ATY(I)(Z)PF0.971 | B13: ATY_I_Z_110 | C13: 6.1 | D13: 1 | E13: 7000
... A167: WHI(I)(Z)PF0.95 | B167: WHI_I_Z_110 | C167: 9 | D167: 1 | E167: 7000

Sheet ts_PD
A1: timestep | B1: {=TRANSPOSE(_xlfn._xlws.FILTER(demand!$A$2:$A$167,demand!$D$2:$D$167=1))} -> AA(I)(Z)PF1 | C1: AGH(N)(Z)PF0.99 | D1: AGN(I)(Z)PF0.95 | E1: AHA(I)(Z)PF0.965 | F1: AIR(N)(Z)PF0.99 | G1: ANR(I)(Z)PF0.95 | H1: ANT(N)(Z)PF0.98 | I1: ARD(I)(Z)PF0.99 | J1: ARI(I)(T)PF0.911 | K1: ARK(I)(Z)PF0.967 | L1: ATH(I)(Z)PF0.995 | M1: ATY(I)(Z)PF0.971 | N1: BAG(I)PF0.95 | O1: BAL(I)(Z)PF0.998 | P1: BAN(I)(Z)PF0.993 | Q1: BAN(I)(Z)PF0.99 | R1: BAN(N)(Z)PF0.958 | S1: BAR(I)(T)PF0.95 | T1: BDA(I)(Z)PF0.982 | U1: BDN(I)(Z)PF0.95 | V1: BDN(I)(Z)PF0.992 | W1: BEG(I)(Z)PF0.992 | X1: BIN(I)(Z)PF0.992 | Y1: BK(I)(Z)PF0.998 | Z1: BLC(I)(Z)PF0.951 | AA1: BLI(I)(Z)PF0.925 | AB1: BLK(I)(Z)PF0.999 | AC1: BMA(N)(Z)PF0.95 | AD1: BNH(N)(Z)PF0.99 | AE1: BNM(N)(Z)PF0.99 | AF1: BOG(I)(Z)PF0.989 | AG1: BRI(I)(Z)PF0.95 | AH1: BRY(I)(Z)PF0.982 | AI1: BUT(I)(Z)PF0.999 | AJ1: CAH(I)(Z)PF1 | AK1: CAR(N)(Z)PF0.99 | AL1: CBG(I)(Z)PF0.996 | AM1: CBR(I)(Z)PF0.984 | AN1: CEN(N)(Z)PF0.99 | AO1: CF(I)(Z)PF0.999 | AP1: CFM(I)(Z)PF0.95 | AQ1: CHA(I)(Z)PF0.999 | AR1: CKM(I)(Z)PF0.998 | AS1: CLE(I)(Z)PF0.95 | AT1: CLG(I)(Z)PF0.95 | AU1: CLN(I)(Z)PF1 | AV1: CLU(I)(Z)PF0.95 | AW1: CLW(I)(Z)PF0.982 | AX1: COL(I)(Z)PF0.993 | AY1: COL(N)(Z)PF0.99 | AZ1: COS(I)(Z)PF1 | BA1: COW(I)(Z)PF1 | BB1: CPS(N)(Z)PF0.99 | BC1: CRA(I)(Z)PF0.999 | BD1: CRE(N)(Z)PF0.99 | BE1: CRG(N)(Z)PF0.99 | BF1: CRO(I)(Z)PF1 | BG1: CVW(I)(Z)PF0.95 | BH1: CVW(I)(Z)PF0.992 | BI1: DAL(I)(T)PF0.993 | BJ1: DDK(I)(Z)PF1 | BK1: DFR(I)(T)PF1 | BL1: DGN(I)(Z)PF1 | BM1: DLT(I)(Z)PF0.999 | BN1: DMY(I)(Z)PF0.983 | BO1: DON(N)(Z)PF0.99 | BP1: DOO(I)(Z)PF1 | BQ1: DRU(I)(Z)PF0.873 | BR1: DRU(N)(Z)PF0.99 | BS1: DRY(I)(Z)PF1 | BT1: DUN(N)(Z)PF0.99 | BU1: EDE(N)(Z)PF0.99 | BV1: ENN(I)(Z)PF0.996 | BW1: ENN(N)(Z)PF0.99 | BX1: FIN(N)(Z)PF0.99 | BY1: FIN(I)(Z)PF0.984 | BZ1: FTT(I)(Z)PF1 | CA1: GAL(I)(Z)PF1 | CB1: GI(I)(Z)PF0.979 | CC1: GIL(I)(Z)PF0.95 | CD1: GLE(I)(Z)PF0.956 | CE1: GLE(N)(Z)PF0.99 | CF1: GRI(I)(T)PF1 | CG1: GWE(I)(Z)PF0.981 | CH1: GWE(I)(Z)PF0.95 | CI1: HN(I)(Z)PF0.95 | CJ1: IKE(I)(T)PF0.996 | CK1: INC(I)(Z)PF0.999 | CL1: KBY(I)(Z)PF1 | CM1: KCY(I)(Z)PF0.95 | CN1: KER(I)(Z)PF0.99 | CO1: KSE(I)(Z)PF0.95 | CP1: KTL(I)(Z)PF0.998 | CQ1: KIN(I)(Z)PF0.95 | CR1: KKY(I)(Z)PF1 | CS1: KLM(I)(Z)PF0.992 | CT1: KNO(N)(Z)PF0.99 | CU1: KTN(I)(Z)PF0.993 | CV1: KUR(I)(Z)PF0.95 | CW1: KYT(I)(Z)PF0.95 | CX1: LA(I)(Z)PF1 | CY1: LAR(N)(Z)PF0.99 | CZ1: LET(I)(Z)PF0.996 | DA1: LIB(I)(Z)PF0.989 | DB1: LIM(I)(Z)PF1 | DC1: LIM(N)(Z)PF0.99 | DD1: LIS(I)(Z)PF0.992 | DE1: LIS(N)(Z)PF0.99 | DF1: LMR(N)(Z)PF0.98 | DG1: LOG(N)(Z)PF0.98 | DH1: MAC(I)(Z)PF0.96 | DI1: MAL(I)(Z)PF0.988 | DJ1: MCE(I)(Z)PF0.95 | DK1: MHL(I)(Z)PF1 | DL1: MID(I)(Z)PF0.99 | DM1: MLN(I)(Z)PF0.95 | DN1: MON(I)(Z)PF0.999 | DO1: MOY(I)(Z)PF1 | DP1: MR(I)(Z)PF0.999 | DQ1: MTA(I)(Z)PF0.95 | DR1: MTH(I)(Z)PF0.984 | DS1: MNH(I)(Z)PF0.95 | DT1: MUL(I)(Z)PF0.998 | DU1: MUN(I)(Z)PF0.95 | DV1: NAR(N)(Z)PF0.99 | DW1: NAV(I)(Z)PF0.969 | DX1: NEW(I)(Z)PF1 | DY1: NEW(N)(Z)PF0.99 | DZ1: NEN(I)(Z)PF0.977 | EA1: OBE(I)(Z)PF0.95 | EB1: OLD(I)(Z)PF0.95 | EC1: OMA(N)(Z)PF0.99 | ED1: OUG(I)(T)PF0.989 | EE1: PLA(I)(Z)PF0.95 | EF1: PB(I)(Z)PF0.989 | EG1: PLS(I)(Z)PF0.996 | EH1: RAT(I)(Z)PF0.997 | EI1: RAT(N)(Z)PF0.99 | EJ1: RIC(I)(Z)PF0.997 | EK1: RNW(I)(Z)PF0.95 | EL1: ROS(N)(Z)PF0.99 | EM1: RYB(I)(Z)PF0.95 | EN1: SCR(I)(Z)PF0.976 | EO1: SHE(I)(Z)PF0.95 | EP1: SAL(I)(Z)PF0.997 | EQ1: SKL(I)(Z)PF0.997 | ER1: SLI(I)(Z)PF1 | ES1: SNG(I)(Z)PF1 | ET1: SBH(I)(Z)PF0.95 | EU1: SOM(I)(T)PF0.998 | EV1: SPR(N)(Z)PF0.99 | EW1: STR(I)(T)PF1 | EX1: STR(N)(Z)PF0.99 | EY1: TBG(I)(Z)PF1 | EZ1: TBK(I)(T)PF0.992 | FA1: THU(I)(Z)PF0.99 | FB1: TIP(I)(Z)PF0.992 | FC1: TLK(I)(Z)PF0.994 | FD1: TON(I)(Z)PF0.987 | FE1: TRI(I)(Z)PF0.962 | FF1: TRL(I)(Z)PF0.997 | FG1: TSB(I)(Z)PF0.996 | FH1: WAR(N)(Z)PF0.99 | FI1: WAT(I)(Z)PF1 | FJ1: WEX(I)(Z)PF1 | FK1: WHI(I)(Z)PF0.95
A2: t-1 | B2: {=TRANSPOSE(_xlfn._xlws.FILTER(demand!$C$2:$C$167,demand!$D$2:$D$167=1))} -> 28.6 | C2: 6 | D2: 0 | E2: 1.2 | F2: 0 | G2: 14 | H2: 12.4 | I2: 4.7 | J2: 0.9 | K2: 15.4 | L2: 26.7 | M2: 6.1 | N2: 0 | O2: 4.5 | P2: 2 | Q2: 16.6 | R2: 10.4 | S2: 11.5 | T2: 5.3 | U2: 3.8 | V2: 6 | W2: 4.2 | X2: 6.2 | Y2: 1.7 | Z2: 91.2 | AA2: 6 | AB2: 8.3 | AC2: 17.1 | AD2: 16.5 | AE2: 13.8 | AF2: 1.9 | AG2: 4 | AH2: 26.6 | AI2: 12.9 | AJ2: 8.3 | AK2: 9.6 | AL2: 8.4 | AM2: 10.7 | AN2: 15.2 | AO2: 6.4 | AP2: 50.8 | AQ2: 6.6 | AR2: 128.9 | AS2: 90.3 | AT2: 73.2 | AU2: 7.1 | AV2: 0 | AW2: 18.2 | AX2: 15.9 | AY2: 11.8 | AZ2: 8 | BA2: 8.2 | BB2: 10.4 | BC2: 12 | BD2: 19.4 | BE2: 14.1 | BF2: 4.7 | BG2: 0 | BH2: 14.9 | BI2: 4.8 | BJ2: 18.3 | BK2: 3.3 | BL2: 15.1 | BM2: 10.7 | BN2: 10.1 | BO2: 23.9 | BP2: 8.9 | BQ2: 12.9 | BR2: 24.4 | BS2: 24.3 | BT2: 26.4 | BU2: 9.3 | BV2: 22 | BW2: 17.4 | BX2: 9.4 | BY2: 181.2 | BZ2: 5.1 | CA2: 34.1 | CB2: 5.5 | CC2: 11.4 | CD2: 5 | CE2: 8.4 | CF2: 22.5 | CG2: 6.5 | CH2: 22.8 | CI2: 0 | CJ2: 9.7 | CK2: 342.7 | CL2: 20.3 | CM2: 0 | CN2: 15.3 | CO2: 0 | CP2: 9.8 | CQ2: 10.2 | CR2: 18.9 | CS2: 9.4 | CT2: 14.7 | CU2: 5 | CV2: 23.7 | CW2: 0 | CX2: 4.6 | CY2: 12.4 | CZ2: 17.9 | DA2: 7.9 | DB2: 30.1 | DC2: 6.1 | DD2: 9.7 | DE2: 22.9 | DF2: 11.4 | DG2: 10.7 | DH2: 7.1 | DI2: 12.9 | DJ2: 4.6 | DK2: 9.8 | DL2: 21.1 | DM2: 4.5 | DN2: 4.8 | DO2: 10.1 | DP2: 4.7 | DQ2: 0 | DR2: 13.5 | DS2: 0 | DT2: 13.1 | DU2: 21.5 | DV2: 11.1 | DW2: 17.7 | DX2: 13.2 | DY2: 21.4 | DZ2: 8.2 | EA2: 0 | EB2: 0.3 | EC2: 17.3 | ED2: 10.6 | EE2: 18 | EF2: 74 | EG2: 17.6 | EH2: 9.7 | EI2: 14.7 | EJ2: 11.9 | EK2: 9.1 | EL2: 9.6 | EM2: 104.5 | EN2: 7.7 | EO2: 2.3 | EP2: 14 | EQ2: 11.5 | ER2: 16.6 | ES2: 5.5 | ET2: 14.3 | EU2: 3.1 | EV2: 9.5 | EW2: 5.1 | EX2: 13.5 | EY2: 26.9 | EZ2: 1.9 | FA2: 10.6 | FB2: 7.2 | FC2: 5.9 | FD2: 6.1 | FE2: 9.2 | FF2: 15.1 | FG2: 10.9 | FH2: 16.7 | FI2: 28.9 | FJ2: 20.8 | FK2: 9

Sheet ts_VOLL
A1: timestep | B1: AA(I)(Z)PF1 | C1: AGH(N)(Z)PF0.99 | D1: AGN(I)(Z)PF0.95 | E1: AHA(I)(Z)PF0.965 | F1: AIR(N)(Z)PF0.99 | G1: ANR(I)(Z)PF0.95 | H1: ANT(N)(Z)PF0.98 | I1: ARD(I)(Z)PF0.99 | J1: ARI(I)(T)PF0.911 | K1: ARK(I)(Z)PF0.967 | L1: ATH(I)(Z)PF0.995 | M1: ATY(I)(Z)PF0.971 | N1: BAG(I)PF0.95 | O1: BAL(I)(Z)PF0.998 | P1: BAN(I)(Z)PF0.993 | Q1: BAN(I)(Z)PF0.99 | R1: BAN(N)(Z)PF0.958 | S1: BAR(I)(T)PF0.95 | T1: BDA(I)(Z)PF0.982 | U1: BDN(I)(Z)PF0.95 | V1: BDN(I)(Z)PF0.992 | W1: BEG(I)(Z)PF0.992 | X1: BIN(I)(Z)PF0.992 | Y1: BK(I)(Z)PF0.998 | Z1: BLC(I)(Z)PF0.951 | AA1: BLI(I)(Z)PF0.925 | AB1: BLK(I)(Z)PF0.999 | AC1: BMA(N)(Z)PF0.95 | AD1: BNH(N)(Z)PF0.99 | AE1: BNM(N)(Z)PF0.99 | AF1: BOG(I)(Z)PF0.989 | AG1: BRI(I)(Z)PF0.95 | AH1: BRY(I)(Z)PF0.982 | AI1: BUT(I)(Z)PF0.999 | AJ1: CAH(I)(Z)PF1 | AK1: CAR(N)(Z)PF0.99 | AL1: CBG(I)(Z)PF0.996 | AM1: CBR(I)(Z)PF0.984 | AN1: CEN(N)(Z)PF0.99 | AO1: CF(I)(Z)PF0.999 | AP1: CFM(I)(Z)PF0.95 | AQ1: CHA(I)(Z)PF0.999 | AR1: CKM(I)(Z)PF0.998 | AS1: CLE(I)(Z)PF0.95 | AT1: CLG(I)(Z)PF0.95 | AU1: CLN(I)(Z)PF1 | AV1: CLU(I)(Z)PF0.95 | AW1: CLW(I)(Z)PF0.982 | AX1: COL(I)(Z)PF0.993 | AY1: COL(N)(Z)PF0.99 | AZ1: COS(I)(Z)PF1 | BA1: COW(I)(Z)PF1 | BB1: CPS(N)(Z)PF0.99 | BC1: CRA(I)(Z)PF0.999 | BD1: CRE(N)(Z)PF0.99 | BE1: CRG(N)(Z)PF0.99 | BF1: CRO(I)(Z)PF1 | BG1: CVW(I)(Z)PF0.95 | BH1: CVW(I)(Z)PF0.992 | BI1: DAL(I)(T)PF0.993 | BJ1: DDK(I)(Z)PF1 | BK1: DFR(I)(T)PF1 | BL1: DGN(I)(Z)PF1 | BM1: DLT(I)(Z)PF0.999 | BN1: DMY(I)(Z)PF0.983 | BO1: DON(N)(Z)PF0.99 | BP1: DOO(I)(Z)PF1 | BQ1: DRU(I)(Z)PF0.873 | BR1: DRU(N)(Z)PF0.99 | BS1: DRY(I)(Z)PF1 | BT1: DUN(N)(Z)PF0.99 | BU1: EDE(N)(Z)PF0.99 | BV1: ENN(I)(Z)PF0.996 | BW1: ENN(N)(Z)PF0.99 | BX1: FIN(N)(Z)PF0.99 | BY1: FIN(I)(Z)PF0.984 | BZ1: FTT(I)(Z)PF1 | CA1: GAL(I)(Z)PF1 | CB1: GI(I)(Z)PF0.979 | CC1: GIL(I)(Z)PF0.95 | CD1: GLE(I)(Z)PF0.956 | CE1: GLE(N)(Z)PF0.99 | CF1: GRI(I)(T)PF1 | CG1: GWE(I)(Z)PF0.981 | CH1: GWE(I)(Z)PF0.95 | CI1: HN(I)(Z)PF0.95 | CJ1: IKE(I)(T)PF0.996 | CK1: INC(I)(Z)PF0.999 | CL1: KBY(I)(Z)PF1 | CM1: KCY(I)(Z)PF0.95 | CN1: KER(I)(Z)PF0.99 | CO1: KSE(I)(Z)PF0.95 | CP1: KTL(I)(Z)PF0.998 | CQ1: KIN(I)(Z)PF0.95 | CR1: KKY(I)(Z)PF1 | CS1: KLM(I)(Z)PF0.992 | CT1: KNO(N)(Z)PF0.99 | CU1: KTN(I)(Z)PF0.993 | CV1: KUR(I)(Z)PF0.95 | CW1: KYT(I)(Z)PF0.95 | CX1: LA(I)(Z)PF1 | CY1: LAR(N)(Z)PF0.99 | CZ1: LET(I)(Z)PF0.996 | DA1: LIB(I)(Z)PF0.989 | DB1: LIM(I)(Z)PF1 | DC1: LIM(N)(Z)PF0.99 | DD1: LIS(I)(Z)PF0.992 | DE1: LIS(N)(Z)PF0.99 | DF1: LMR(N)(Z)PF0.98 | DG1: LOG(N)(Z)PF0.98 | DH1: MAC(I)(Z)PF0.96 | DI1: MAL(I)(Z)PF0.988 | DJ1: MCE(I)(Z)PF0.95 | DK1: MHL(I)(Z)PF1 | DL1: MID(I)(Z)PF0.99 | DM1: MLN(I)(Z)PF0.95 | DN1: MON(I)(Z)PF0.999 | DO1: MOY(I)(Z)PF1 | DP1: MR(I)(Z)PF0.999 | DQ1: MTA(I)(Z)PF0.95 | DR1: MTH(I)(Z)PF0.984 | DS1: MNH(I)(Z)PF0.95 | DT1: MUL(I)(Z)PF0.998 | DU1: MUN(I)(Z)PF0.95 | DV1: NAR(N)(Z)PF0.99 | DW1: NAV(I)(Z)PF0.969 | DX1: NEW(I)(Z)PF1 | DY1: NEW(N)(Z)PF0.99 | DZ1: NEN(I)(Z)PF0.977 | EA1: OBE(I)(Z)PF0.95 | EB1: OLD(I)(Z)PF0.95 | EC1: OMA(N)(Z)PF0.99 | ED1: OUG(I)(T)PF0.989 | EE1: PLA(I)(Z)PF0.95 | EF1: PB(I)(Z)PF0.989 | EG1: PLS(I)(Z)PF0.996 | EH1: RAT(I)(Z)PF0.997 | EI1: RAT(N)(Z)PF0.99 | EJ1: RIC(I)(Z)PF0.997 | EK1: RNW(I)(Z)PF0.95 | EL1: ROS(N)(Z)PF0.99 | EM1: RYB(I)(Z)PF0.95 | EN1: SCR(I)(Z)PF0.976 | EO1: SHE(I)(Z)PF0.95 | EP1: SAL(I)(Z)PF0.997 | EQ1: SKL(I)(Z)PF0.997 | ER1: SLI(I)(Z)PF1 | ES1: SNG(I)(Z)PF1 | ET1: SBH(I)(Z)PF0.95 | EU1: SOM(I)(T)PF0.998 | EV1: SPR(N)(Z)PF0.99 | EW1: STR(I)(T)PF1 | EX1: STR(N)(Z)PF0.99 | EY1: TBG(I)(Z)PF1 | EZ1: TBK(I)(T)PF0.992 | FA1: THU(I)(Z)PF0.99 | FB1: TIP(I)(Z)PF0.992 | FC1: TLK(I)(Z)PF0.994 | FD1: TON(I)(Z)PF0.987 | FE1: TRI(I)(Z)PF0.962 | FF1: TRL(I)(Z)PF0.997 | FG1: TSB(I)(Z)PF0.996 | FH1: WAR(N)(Z)PF0.99 | FI1: WAT(I)(Z)PF1 | FJ1: WEX(I)(Z)PF1 | FK1: WHI(I)(Z)PF0.95
A2: t-1 | B2: 7000 | C2: 7000 | D2: 7000 | E2: 7000 | F2: 7000 | G2: 7000 | H2: 7000 | I2: 7000 | J2: 7000 | K2: 7000 | L2: 7000 | M2: 7000 | N2: 7000 | O2: 7000 | P2: 7000 | Q2: 7000 | R2: 7000 | S2: 7000 | T2: 7000 | U2: 7000 | V2: 7000 | W2: 7000 | X2: 7000 | Y2: 7000 | Z2: 7000 | AA2: 7000 | AB2: 7000 | AC2: 7000 | AD2: 7000 | AE2: 7000 | AF2: 7000 | AG2: 7000 | AH2: 7000 | AI2: 7000 | AJ2: 7000 | AK2: 7000 | AL2: 7000 | AM2: 7000 | AN2: 7000 | AO2: 7000 | AP2: 7000 | AQ2: 7000 | AR2: 7000 | AS2: 7000 | AT2: 7000 | AU2: 7000 | AV2: 7000 | AW2: 7000 | AX2: 7000 | AY2: 7000 | AZ2: 7000 | BA2: 7000 | BB2: 7000 | BC2: 7000 | BD2: 7000 | BE2: 7000 | BF2: 7000 | BG2: 7000 | BH2: 7000 | BI2: 7000 | BJ2: 7000 | BK2: 7000 | BL2: 7000 | BM2: 7000 | BN2: 7000 | BO2: 7000 | BP2: 7000 | BQ2: 7000 | BR2: 7000 | BS2: 7000 | BT2: 7000 | BU2: 7000 | BV2: 7000 | BW2: 7000 | BX2: 7000 | BY2: 7000 | BZ2: 7000 | CA2: 7000 | CB2: 7000 | CC2: 7000 | CD2: 7000 | CE2: 7000 | CF2: 7000 | CG2: 7000 | CH2: 7000 | CI2: 7000 | CJ2: 7000 | CK2: 7000 | CL2: 7000 | CM2: 7000 | CN2: 7000 | CO2: 7000 | CP2: 7000 | CQ2: 7000 | CR2: 7000 | CS2: 7000 | CT2: 7000 | CU2: 7000 | CV2: 7000 | CW2: 7000 | CX2: 7000 | CY2: 7000 | CZ2: 7000 | DA2: 7000 | DB2: 7000 | DC2: 7000 | DD2: 7000 | DE2: 7000 | DF2: 7000 | DG2: 7000 | DH2: 7000 | DI2: 7000 | DJ2: 7000 | DK2: 7000 | DL2: 7000 | DM2: 7000 | DN2: 7000 | DO2: 7000 | DP2: 7000 | DQ2: 7000 | DR2: 7000 | DS2: 7000 | DT2: 7000 | DU2: 7000 | DV2: 7000 | DW2: 7000 | DX2: 7000 | DY2: 7000 | DZ2: 7000 | EA2: 7000 | EB2: 7000 | EC2: 7000 | ED2: 7000 | EE2: 7000 | EF2: 7000 | EG2: 7000 | EH2: 7000 | EI2: 7000 | EJ2: 7000 | EK2: 7000 | EL2: 7000 | EM2: 7000 | EN2: 7000 | EO2: 7000 | EP2: 7000 | EQ2: 7000 | ER2: 7000 | ES2: 7000 | ET2: 7000 | EU2: 7000 | EV2: 7000 | EW2: 7000 | EX2: 7000 | EY2: 7000 | EZ2: 7000 | FA2: 7000 | FB2: 7000 | FC2: 7000 | FD2: 7000 | FE2: 7000 | FF2: 7000 | FG2: 7000 | FH2: 7000 | FI2: 7000 | FJ2: 7000 | FK2: 7000

Sheet branch
A1: name | B1: from_busname | C1: to_busname | D1: stat | E1: r | F1: x | G1: b | H1: ShortTermRating | I1: ContinousRating
A2: AA(I)(Z)>DRU(I)(Z)_110L1 | B2: AA_I_Z_110 | C2: DRU_I_Z_110 | D2: 1 | E2: 0.027 | F2: 0.063 | G2: 0.006 | H2: =I2*1.25 -> 123.75 | I2: 99
A3: AA(I)(Z)>ENN(I)(Z)_110L1 | B3: AA_I_Z_110 | C3: ENN_I_Z_110 | D3: 1 | E3: 0.048 | F3: 0.111 | G3: 0.012 | H3: =I3*1.25 -> 123.75 | I3: 99
A4: AA(I)(Z)>LIM(I)(Z)_110L1 | B4: AA_I_Z_110 | C4: LIM_I_Z_110 | D4: 1 | E4: 0.007 | F4: 0.037 | G4: 0.012 | H4: =I4*1.25 -> 222.5 | I4: 178
A5: AA1(I)(Z)>SNG(I)(Z)_110L1 | B5: AA1_I_Z_110 | C5: SNG_I_Z_110 | D5: 1 | E5: 0.003 | F5: 0.017 | G5: 0.007 | H5: =I5*1.25 -> 181.25 | I5: 145
A6: AD(I)(Z)>AD(I)(Z)_220L1 | B6: AD_I_Z_220 | C6: AD_I_Z_220 | D6: 0 | E6: 0 | F6: 0.001 | G6: 0.038 | H6: =I6*1.25 -> 741.25 | I6: 593
A7: AD(I)(Z)>GGO(I)(Z)_220L1 | B7: AD_I_Z_220 | C7: GGO_I_Z_220 | D7: 1 | E7: 0 | F7: 0.002 | G7: 0.104 | H7: =I7*1.25 -> 670 | I7: 536
A8: AD(I)(Z)>KRA(I)(Z)_220L1 | B8: AD_I_Z_220 | C8: KRA_I_Z_220 | D8: 1 | E8: 0.003 | F8: 0.022 | G8: 0.034 | H8: =I8*1.25 -> 491.25 | I8: 393
A9: AD(I)(Z)>KRA(I)(Z)_220L2 | B9: AD_I_Z_220 | C9: KRA_I_Z_220 | D9: 1 | E9: 0.003 | F9: 0.022 | G9: 0.034 | H9: =I9*1.25 -> 491.25 | I9: 393
A10: AD(I)(Z)>LPT(I)(Z)_220L1 | B10: AD_I_Z_220 | C10: LPT_I_Z_220 | D10: 1 | E10: 0 | F10: 0.001 | G10: 0.0265 | H10: =I10*1.25 -> 741.25 | I10: 593
A11: AD(I)(Z)>RAF(I)(Z)_220L1 | B11: AD_I_Z_220 | C11: RAF_I_Z_220 | D11: 1 | E11: 0.001 | F11: 0.009 | G11: 0.252 | H11: =I11*1.25 -> 542.5 | I11: 434
A12: AD(I)(Z)>WHI(I)(Z)_110L1 | B12: AD_I_Z_110 | C12: WHI_I_Z_110 | D12: 1 | E12: 0.005 | F12: 0.011 | G12: 0.001 | H12: =I12*1.25 -> 123.75 | I12: 99
A13: ADM(I)(Z)>GCA(I)(Z)_110L1 | B13: ADM_I_Z_110 | C13: GCA_I_Z_110 | D13: 1 | E13: 0.002 | F13: 0.004 | G13: 0.025 | H13: =I13*1.25 -> 175 | I13: 140
A14: ADM(I)(Z)>INC(I)(Z)_110L1 | B14: ADM_I_Z_110 | C14: INC_I_Z_110 | D14: 1 | E14: 0.009 | F14: 0.027 | G14: 0.024 | H14: =I14*1.25 -> 128.75 | I14: 103
A15: AGH(N)(Z)>ENN(N)(Z)_110L1 | B15: AGH_N_Z_110 | C15: ENN_N_Z_110 | D15: 1 | E15: 0.039 | F15: 0.095 | G15: 0.019 | H15: =I15*1.25 -> 136.25 | I15: 109
A16: AGL(I)(Z)>DYN(I)(Z)_110L1 | B16: AGL_I_Z_110 | C16: DYN_I_Z_110 | D16: 1 | E16: 0.012 | F16: 0.028 | G16: 0.003 | H16: =I16*1.25 -> 131.25 | I16: 105
A17: AGL(I)(Z)>ENN(I)(Z)_110L1 | B17: AGL_I_Z_110 | C17: ENN_I_Z_110 | D17: 1 | E17: 0.059 | F17: 0.131 | G17: 0.012 | H17: =I17*1.25 -> 123.75 | I17: 99
A18: AGN(I)(Z)>CBT(I)(Z)_110L1 | B18: AGN_I_Z_110 | C18: CBT_I_Z_110 | D18: 1 | E18: 1e-05 | F18: 1e-05 | G18: 0.002 | H18: =I18*1.25 -> 233.75 | I18: 187
A19: AGN(I)(Z)>CBT(I)(Z)_110L2 | B19: AGN_I_Z_110 | C19: CBT_I_Z_110 | D19: 1 | E19: 1e-05 | F19: 1e-05 | G19: 0.002 | H19: =I19*1.25 -> 233.75 | I19: 187
A20: AGN(I)(Z)>KSE(I)(Z)_110L1 | B20: AGN_I_Z_110 | C20: KSE_I_Z_110 | D20: 1 | E20: 1e-05 | F20: 0.002 | G20: 0.019 | H20: =I20*1.25 -> 233.75 | I20: 187
A21: AGL(I)(Z)>SH(I)(Z)_110L1 | B21: AGL_I_Z_110 | C21: SH_I_Z_110 | D21: 1 | E21: 0.068 | F21: 0.157 | G21: 0.017 | H21: =I21*1.25 -> 130 | I21: 104
A22: AHA(I)(Z)>KLN(I)(Z)_110L1 | B22: AHA_I_Z_110 | C22: KLN_I_Z_110 | D22: 1 | E22: 0.004 | F22: 0.012 | G22: 0.004 | H22: =I22*1.25 -> 140 | I22: 112
A23: ANR(I)(Z)>DOO(I)(Z)_110L1 | B23: ANR_I_Z_110 | C23: DOO_I_Z_110 | D23: 1 | E23: 0.003 | F23: 0.007 | G23: 0.001 | H23: =I23*1.25 -> 131.25 | I23: 105
A24: ANT(N)(Z)>KEL(N)(Z)_110L1 | B24: ANT_N_Z_110 | C24: KEL_N_Z_110 | D24: 1 | E24: 0.012 | F24: 0.03 | G24: 0.003 | H24: =I24*1.25 -> 102.5 | I24: 82
A25: ANT(N)(Z)>KEL(N)(Z)_110L2 | B25: ANT_N_Z_110 | C25: KEL_N_Z_110 | D25: 1 | E25: 0.012 | F25: 0.03 | G25: 0.003 | H25: =I25*1.25 -> 102.5 | I25: 82
A26: ARD(I)(Z)>TIV(I)(Z)_110L1 | B26: ARD_I_Z_110 | C26: TIV_I_Z_110 | D26: 1 | E26: 0.054 | F26: 0.12 | G26: 0.011 | H26: =I26*1.25 -> 131.25 | I26: 105
A27: ARI(I)(Z)>ARI(I)(T)_110L1 | B27: ARI_I_Z_110 | C27: ARI_I_T_110 | D27: 1 | E27: 0 | F27: 0.001 | G27: 0 | H27: =I27*1.25 -> 131.25 | I27: 105
A28: ARK(I)(Z)>BEG(I)(Z)_110L1 | B28: ARK_I_Z_110 | C28: BEG_I_Z_110 | D28: 1 | E28: 0.01 | F28: 0.079 | G28: 0.007 | H28: =I28*1.25 -> 123.75 | I28: 99
A29: ARK(I)(Z)>BOG(I)(Z)_110L1 | B29: ARK_I_Z_110 | C29: BOG_I_Z_110 | D29: 1 | E29: 0.021 | F29: 0.095 | G29: 0.01 | H29: =I29*1.25 -> 222.5 | I29: 178
A30: ARK(I)(Z)>CKM(I)(Z)_220L1 | B30: ARK_I_Z_220 | C30: CKM_I_Z_220 | D30: 1 | E30: 0.006 | F30: 0.046 | G30: 0.081 | H30: =I30*1.25 -> 542.5 | I30: 434
A31: ARK(I)(Z)>LOD(I)(Z)_220L1 | B31: ARK_I_Z_220 | C31: LWD_I_Z_220 | D31: 1 | E31: 0.005 | F31: 0.034 | G31: 0.051 | H31: =I31*1.25 -> 542.5 | I31: 434
A32: ARK(I)(Z)>SHE(I)(Z)_110L1 | B32: ARK_I_Z_110 | C32: SHE_I_Z_110 | D32: 1 | E32: 0.004 | F32: 0.008 | G32: 0.001 | H32: =I32*1.25 -> 42.5 | I32: 34
... A46: ATY(I)(Z)>CLW(I)(Z)_110L1 | B46: ATY_I_Z_110 | C46: CLW_I_Z_110 | D46: 1 | E46: 0.036 | F46: 0.083 | G46: 0.008 | H46: =I46*1.25 -> 123.75 | I46: 99
A47: ATY(I)(Z)>CNB(I)(Z)_110L1 | B47: ATY_I_Z_110 | C47: CNB_I_Z_110 | D47: 1 | E47: 0.034 | F47: 0.076 | G47: 0.007 | H47: =I47*1.25 -> 131.25 | I47: 105
A48: ATY(I)(Z)>PLS(I)(Z)_110L1 | B48: ATY_I_Z_110 | C48: PLS_I_Z_110 | D48: 1 | E48: 0.038 | F48: 0.088 | G48: 0.008 | H48: =I48*1.25 -> 123.75 | I48: 99
A49: AUG(I)(Z)>CFM(I)(Z)_110L1 | B49: AUG_I_Z_110 | C49: CFM_I_Z_110 | D49: 1 | E49: 0.001 | F49: 0.002 | G49: 0.001 | H49: =I49*1.25 -> 120 | I49: 96
A50: AUG(I)(Z)>CFM(I)(Z)_110L2 | B50: AUG_I_Z_110 | C50: CFM_I_Z_110 | D50: 1 | E50: 0.001 | F50: 0.002 | G50: 0.001 | H50: =I50*1.25 -> 120 | I50: 96
A51: AUG(I)(Z)>KPG(I)(Z)_110L1 | B51: AUG_I_Z_110 | C51: KPG_I_Z_110 | D51: 1 | E51: 0.021 | F51: 0.107 | G51: 0.012 | H51: =I51*1.25 -> 222.5 | I51: 178
A52: AUG(I)(Z)>MTN(I)(Z)_110L1 | B52: AUG_I_Z_110 | C52: MTN_I_Z_110 | D52: 1 | E52: 0.017 | F52: 0.089 | G52: 0.01 | H52: =I52*1.25 -> 222.5 | I52: 178
A53: AUG(I)(Z)>SK(I)(Z)_110L1 | B53: AUG_I_Z_110 | C53: SK_I_Z_110 | D53: 1 | E53: 0.001 | F53: 0.001 | G53: 0.006 | H53: =I53*1.25 -> 150 | I53: 120
A54: AUG(I)(Z)>SK(I)(Z)_110L2 | B54: AUG_I_Z_110 | C54: SK_I_Z_110 | D54: 1 | E54: 0.001 | F54: 0.001 | G54: 0.006 | H54: =I54*1.25 -> 150 | I54: 120
A55: BAL(I)(Z)>CDU(I)(Z)_110L1 | B55: BAL_I_Z_110 | C55: CDU_I_Z_110 | D55: 1 | E55: 0.011 | F55: 0.055 | G55: 0.006 | H55: =I55*1.25 -> 222.5 | I55: 178
A56: BAL(I)(Z)>DRY(I)(Z)_110L1 | B56: BAL_I_Z_110 | C56: DRY_I_Z_110 | D56: 1 | E56: 0.013 | F56: 0.065 | G56: 0.007 | H56: =I56*1.25 -> 222.5 | I56: 178
A57: BAL(I)(Z)>DEE(I)(Z)_110L1 | B57: BAL_I_Z_110 | C57: DEE_I_Z_110 | D57: 1 | E57: 0.007 | F57: 0.035 | G57: 0.004 | H57: =I57*1.25 -> 222.5 | I57: 178
A58: BAN(I)(Z)>BRI(I)(Z)_110L1 | B58: BAN_I_Z_110 | C58: BRI_I_Z_110 | D58: 1 | E58: 0.004 | F58: 0.009 | G58: 0.001 | H58: =I58*1.25 -> 131.25 | I58: 105
A59: BAN(I)(Z)>BRI(I)(Z)_110L2 | B59: BAN_I_Z_110 | C59: BRI_I_Z_110 | D59: 1 | E59: 0.004 | F59: 0.009 | G59: 0.001 | H59: =I59*1.25 -> 123.75 | I59: 99
A60: BAN(I)(Z)>DMY(I)(Z)_110L1 | B60: BAN_I_Z_110 | C60: DMY_I_Z_110 | D60: 1 | E60: 0.04 | F60: 0.089 | G60: 0.008 | H60: =I60*1.25 -> 123.75 | I60: 99
A61: BAN(I)(Z)>RAF(I)(Z)_110L1 | B61: BAN_I_Z_110 | C61: RAF_I_Z_110 | D61: 1 | E61: 0.041 | F61: 0.091 | G61: 0.012 | H61: =I61*1.25 -> 123.75 | I61: 99
A62: BAN(N)(Z)>TAN(N)(Z)_110L1 | B62: BAN_N_Z_110 | C62: TAN_N_Z_110 | D62: 1 | E62: 0.024 | F62: 0.062 | G62: 0.006 | H62: =I62*1.25 -> 102.5 | I62: 82
A63: BAN(N)(Z)>TAN(N)(Z)_110L2 | B63: BAN_N_Z_110 | C63: TAN_N_Z_110 | D63: 1 | E63: 0.019 | F63: 0.049 | G63: 0.005 | H63: =I63*1.25 -> 102.5 | I63: 82
A64: BAR(I)(Z)>BAR(I)(T)_110L1 | B64: BAR_I_Z_110 | C64: BAR_I_T_110 | D64: 1 | E64: 0 | F64: 0.001 | G64: 0 | H64: =I64*1.25 -> 170 | I64: 136
A65: BCT(I)(Z)>CKM(I)(Z)_110L1 | B65: BCT_I_Z_110 | C65: CKM_I_Z_110 | D65: 1 | E65: 0.002 | F65: 0.005 | G65: 0.031 | H65: =I65*1.25 -> 175 | I65: 140
A66: BCT(I)(Z)>COO(I)(Z)_110L1 | B66: BCT_I_Z_110 | C66: COO_I_Z_110 | D66: 1 | E66: 0.014 | F66: 0.045 | G66: 0.027 | H66: =I66*1.25 -> 162.5 | I66: 130
A67: BDA(I)(Z)>MON(I)(Z)_110L1 | B67: BDA_I_Z_110 | C67: MON_I_Z_110 | D67: 1 | E67: 0.01 | F67: 0.03 | G67: 0.029 | H67: =I67*1.25 -> 123.75 | I67: 99
A68: BDA(I)(Z)>NEW(I)(Z)_110L1 | B68: BDA_I_Z_110 | C68: NEW_I_Z_110 | D68: 1 | E68: 0.006 | F68: 0.017 | G68: 0.028 | H68: =I68*1.25 -> 152.5 | I68: 122
A69: BDN(I)(Z)>CUL(I)(Z)_110L1 | B69: BDN_I_Z_110 | C69: CUL_I_Z_110 | D69: 1 | E69: 0.031 | F69: 0.075 | G69: 0.007 | H69: =I69*1.25 -> 245 | I69: 196
... A72: BGH(I)(Z)>CLA(I)(Z)_110L1 | B72: BGH_I_Z_110 | C72: CLA_I_Z_110 | D72: 1 | E72: 0.008 | F72: 0.04 | G72: 0.027 | H72: =I72*1.25 -> 222.5 | I72: 178
A73: BGN(I)(Z)>MLC(I)(Z)_110L1 | B73: BGN_I_Z_110 | C73: MLC_I_Z_110 | D73: 1 | E73: 0.007 | F73: 0.015 | G73: 0.1 | H73: =I73*1.25 -> 155 | I73: 124
A74: BGT(I)(Z)>CNB(I)(Z)_110L1 | B74: BGT_I_Z_110 | C74: CNB_I_Z_110 | D74: 1 | E74: 0.018 | F74: 0.091 | G74: 0.01 | H74: =I74*1.25 -> 222.5 | I74: 178
A75: BGT(I)(Z)>GGT(I)(Z)_110L1 | B75: BGT_I_Z_110 | C75: GGT_I_Z_110 | D75: 1 | E75: 0.009 | F75: 0.044 | G75: 0.005 | H75: =I75*1.25 -> 222.5 | I75: 178
A76: BGT(I)(Z)>KKY(I)(Z)_110L1 | B76: BGT_I_Z_110 | C76: KKY_I_Z_110 | D76: 1 | E76: 0.014 | F76: 0.072 | G76: 0.008 | H76: =I76*1.25 -> 222.5 | I76: 178
A77: BIN(I)(Z)>CF(I)(Z)_110L1 | B77: BIN_I_Z_110 | C77: CF_I_Z_110 | D77: 1 | E77: 0.053 | F77: 0.118 | G77: 0.011 | H77: =I77*1.25 -> 123.75 | I77: 99
A78: BIN(I)(Z)>TIV(I)(Z)_110L1 | B78: BIN_I_Z_110 | C78: TIV_I_Z_110 | D78: 1 | E78: 0.024 | F78: 0.077 | G78: 0.008 | H78: =I78*1.25 -> 170 | I78: 136
A79: BK(I)(Z)>CBR(I)(Z)_110L1 | B79: BK_I_Z_110 | C79: CBR_I_Z_110 | D79: 1 | E79: 0.053 | F79: 0.128 | G79: 0.014 | H79: =I79*1.25 -> 243.75 | I79: 195
A80: BK(I)(Z)>CGW(I)(Z)_110L1 | B80: BK_I_Z_110 | C80: CGW_I_Z_110 | D80: 1 | E80: 0.002 | F80: 0.011 | G80: 0.001 | H80: =I80*1.25 -> 222.5 | I80: 178
A81: BK(I)(Z)>MOY(I)(Z)_110L1 | B81: BK_I_Z_110 | C81: MOY_I_Z_110 | D81: 1 | E81: 0.017 | F81: 0.088 | G81: 0.01 | H81: =I81*1.25 -> 222.5 | I81: 178
A82: BK(I)(Z)>SKY(I)(Z)_110L1 | B82: BK_I_Z_110 | C82: SKY_I_Z_110 | D82: 1 | E82: 0.001 | F82: 0.004 | G82: 0.044 | H82: =I82*1.25 -> 240 | I82: 192
A83: BK(I)(Z)>SKY(I)(Z)_110L2 | B83: BK_I_Z_110 | C83: SKY_I_Z_110 | D83: 1 | E83: 0.001 | F83: 0.004 | G83: 0.044 | H83: =I83*1.25 -> 233.75 | I83: 187
A84: BKT(I)(Z)>CUR(I)(Z)_110L1 | B84: BKT_I_Z_110 | C84: CUR_I_Z_110 | D84: 1 | E84: 0.004 | F84: 0.007 | G84: 0.072 | H84: =I84*1.25 -> 150 | I84: 120
A85: BKY(I)(Z)>CBT(I)(Z)_110L1 | B85: BKY_I_Z_110 | C85: CBT_I_Z_110 | D85: 1 | E85: 0 | F85: 0.001 | G85: 0.011 | H85: =I85*1.25 -> 233.75 | I85: 187
A86: BKY(I)(Z)>CBT(I)(Z)_110L2 | B86: BKY_I_Z_110 | C86: CBT_I_Z_110 | D86: 1 | E86: 0 | F86: 0.001 | G86: 0.011 | H86: =I86*1.25 -> 233.75 | I86: 187
A87: BKY(I)(Z)>KCY(I)(Z)_110 | B87: BKY_I_Z_110 | C87: KCY_I_Z_110 | D87: 1 | E87: 0 | F87: 0.001 | G87: 0.008 | H87: =I87*1.25 -> 233.75 | I87: 187
A88: BLA(I)(Z)>POT(I)(Z)_110L1 | B88: BLA_I_Z_110 | C88: POT_I_Z_110 | D88: 1 | E88: 0.002 | F88: 0.004 | G88: 0.092 | H88: =I88*1.25 -> 148.75 | I88: 119
A89: BLA(I)(Z)>RE(I)(Z)_110L1 | B89: BLA_I_Z_110 | C89: RE_I_Z_110 | D89: 1 | E89: 0.003 | F89: 0.006 | G89: 0.136 | H89: =I89*1.25 -> 148.75 | I89: 119
A90: BLC(I)(Z)>FIN(I)(Z)_220L1 | B90: BLC_I_Z_220 | C90: FIN_I_Z_220 | D90: 1 | E90: 0 | F90: 0.002 | G90: 0.332 | H90: =I90*1.25 -> 712.5 | I90: 570
A91: BLC(I)(Z)>SHL(I)(Z)_220L1 | B91: BLC_I_Z_220 | C91: SHL_I_Z_220 | D91: 1 | E91: 0.001 | F91: 0.003 | G91: 0.777 | H91: =I91*1.25 -> 712.5 | I91: 570
A92: BLC(I)(Z)>GRA(I)(Z)_110L1 | B92: BLC_I_Z_110 | C92: GRA_I_Z_110 | D92: 1 | E92: 0.0025 | F92: 0.005 | G92: 0.031 | H92: =I92*1.25 -> 175 | I92: 140
A93: BLC(I)(Z)>KLM(I)(Z)_110L1 | B93: BLC_I_Z_110 | C93: KLM_I_Z_110 | D93: 1 | E93: 0.002 | F93: 0.005 | G93: 0.029 | H93: =I93*1.25 -> 175 | I93: 140
A94: BLC(I)(Z)>MNH(I)(Z)_110L1 | B94: BLC_I_Z_110 | C94: MNH_I_Z_110 | D94: 1 | E94: 0.003 | F94: 0.002 | G94: 0.195 | H94: =I94*1.25 -> 1052.5 | I94: 842
A95: BLI(I)(Z)>DMY(I)(Z)_110L1 | B95: BLI_I_Z_110 | C95: DMY_I_Z_110 | D95: 1 | E95: 0.043 | F95: 0.094 | G95: 0.01 | H95: =I95*1.25 -> 131.25 | I95: 105
A96: BLK(I)(Z)>BLK(I)(Z)_110L1 | B96: BLK_I_Z_110 | C96: BLK_I_Z_110 | D96: 0 | E96: 0.001 | F96: 0.002 | G96: 0 | H96: =I96*1.25 -> 170 | I96: 136
A97: BMA(N)(Z)>KEL(N)(Z)_110L1 | B97: BMA_N_Z_110 | C97: KEL_N_Z_110 | D97: 1 | E97: 0.013 | F97: 0.035 | G97: 0.003 | H97: =I97*1.25 -> 136.25 | I97: 109
A98: BMA(N)(Z)>KEL(N)(Z)_110L2 | B98: BMA_N_Z_110 | C98: KEL_N_Z_110 | D98: 1 | E98: 0.015 | F98: 0.04 | G98: 0.004 | H98: =I98*1.25 -> 136.25 | I98: 109
A99: BNH(N)(Z)>CAS(N)(Z)_110L1 | B99: BNH_N_Z_110 | C99: CAS_N_Z_110 | D99: 1 | E99: 0.028 | F99: 0.071 | G99: 0.007 | H99: =I99*1.25 -> 102.5 | I99: 82
A100: BNH(N)(Z)>CAS(N)(Z)_110L2 | B100: BNH_N_Z_110 | C100: CAS_N_Z_110 | D100: 1 | E100: 0.028 | F100: 0.071 | G100: 0.007 | H100: =I100*1.25 -> 102.5 | I100: 82
A101: BNM(N)(Z)>DON(N)(Z)_110L1 | B101: BNM_N_Z_110 | C101: DON_N_Z_110 | D101: 1 | E101: 0.005 | F101: 0.005 | G101: 0.053 | H101: =I101*1.25 -> 93.75 | I101: 75
A102: BNM(N)(Z)>DON(N)(Z)_110L2 | B102: BNM_N_Z_110 | C102: DON_N_Z_110 | D102: 1 | E102: 0.005 | F102: 0.005 | G102: 0.053 | H102: =I102*1.25 -> 93.75 | I102: 75
A103: BOG(I)(Z)>TTU(I)(Z)_110L1 | B103: BOG_I_Z_110 | C103: TTU_I_Z_110 | D103: 1 | E103: =0.018/2 -> 0.009 | F103: =0.081/2 -> 0.0405 | G103: =0.009/2 -> 0.0045 | H103: =I103*1.25 -> 222.5 | I103: 178
A104: TTU(I)(Z)>CRA(I)(Z)_110L1 | B104: TTU_I_Z_110 | C104: CRA_I_Z_110 | D104: 1 | E104: =0.018/2 -> 0.009 | F104: =0.081/2 -> 0.0405 | G104: =0.009/2 -> 0.0045 | H104: =I104*1.25 -> 222.5 | I104: 178
A105: BOL(I)(Z)>ENN(I)(Z)_110L1 | B105: BOL_I_Z_110 | C105: ENN_I_Z_110 | D105: 1 | E105: 0.016 | F105: 0.08 | G105: 0.009 | H105: =I105*1.25 -> 222.5 | I105: 178
A106: BOL(I)(Z)>TBK(I)(T)_110L1 | B106: BOL_I_Z_110 | C106: TBK_I_T_110 | D106: 1 | E106: 0.012 | F106: 0.059 | G106: 0.006 | H106: =I106*1.25 -> 222.5 | I106: 178
A107: BPS(N)(Z)>BVG(N)(Z)_110L1 | B107: BPS_N_Z_110 | C107: BVG_N_Z_110 | D107: 1 | E107: 0.023 | F107: 0.058 | G107: 0.006 | H107: =I107*1.25 -> 102.5 | I107: 82
A108: BPS(N)(Z)>BVG(N)(Z)_110L2 | B108: BPS_N_Z_110 | C108: BVG_N_Z_110 | D108: 1 | E108: 0.023 | F108: 0.058 | G108: 0.006 | H108: =I108*1.25 -> 102.5 | I108: 82
A109: BPS(N)(Z)>BYC(N)(Z)_275L1 | B109: BPS_N_Z_275 | C109: BYC_N_Z_275 | D109: 1 | E109: 0 | F109: 0.001 | G109: 0.002 | H109: =I109*1.25 -> 887.5 | I109: 710
A110: BPS(N)(Z)>EDE(N)(Z)_110L1 | B110: BPS_N_Z_110 | C110: EDE_N_Z_110 | D110: 1 | E110: 0.023 | F110: 0.054 | G110: 0.005 | H110: =I110*1.25 -> 86.25 | I110: 69
A111: BPS(N)(Z)>EDE(N)(Z)_110L2 | B111: BPS_N_Z_110 | C111: EDE_N_Z_110 | D111: 1 | E111: 0.023 | F111: 0.053 | G111: 0.005 | H111: =I111*1.25 -> 87.5 | I111: 70
A112: BPS(N)(Z)>HAN(N)(Z)_275L1 | B112: BPS_N_Z_275 | C112: HAN_N_Z_275 | D112: 1 | E112: 0.002 | F112: 0.019 | G112: 0.114 | H112: =I112*1.25 -> 887.5 | I112: 710
A113: BPS(N)(Z)>KEL(N)(Z)_275L1 | B113: BPS_N_Z_275 | C113: KEL_N_Z_275 | D113: 1 | E113: 0.002 | F113: 0.014 | G113: 0.089 | H113: =I113*1.25 -> 887.5 | I113: 710
A114: BPS(N)(Z)>MAG(N)(Z)_275L1 | B114: BPS_N_Z_275 | C114: MAG_N_Z_275 | D114: 1 | E114: 0.003 | F114: 0.027 | G114: 0.169 | H114: =I114*1.25 -> 887.5 | I114: 710
A115: BRO(N)(Z)>RSK(N)(Z)_110L1 | B115: BRO_N_Z_110 | C115: RSK_N_Z_110 | D115: 1 | E115: 0.01 | F115: 0.062 | G115: 0.02 | H115: =I115*1.25 -> 180 | I115: 144
...

Sheet ts_Lmax
A1: timestep | B1: {=TRANSPOSE(_xlfn._xlws.FILTER(branch!$A$2:$A$591,branch!$D$2:$D$591<>0))} -> AA(I)(Z)>DRU(I)(Z)_110L1 | C1: AA(I)(Z)>ENN(I)(Z)_110L1 | D1: AA(I)(Z)>LIM(I)(Z)_110L1 | E1: AA1(I)(Z)>SNG(I)(Z)_110L1 | F1: AD(I)(Z)>GGO(I)(Z)_220L1 | G1: AD(I)(Z)>KRA(I)(Z)_220L1 | H1: AD(I)(Z)>KRA(I)(Z)_220L2 | I1: AD(I)(Z)>LPT(I)(Z)_220L1 | J1: AD(I)(Z)>RAF(I)(Z)_220L1 | K1: AD(I)(Z)>WHI(I)(Z)_110L1 | L1: ADM(I)(Z)>GCA(I)(Z)_110L1 | M1: ADM(I)(Z)>INC(I)(Z)_110L1 | N1: AGH(N)(Z)>ENN(N)(Z)_110L1 | O1: AGL(I)(Z)>DYN(I)(Z)_110L1 | P1: AGL(I)(Z)>ENN(I)(Z)_110L1 | Q1: AGN(I)(Z)>CBT(I)(Z)_110L1 | R1: AGN(I)(Z)>CBT(I)(Z)_110L2 | S1: AGN(I)(Z)>KSE(I)(Z)_110L1 | T1: AGL(I)(Z)>SH(I)(Z)_110L1 | U1: AHA(I)(Z)>KLN(I)(Z)_110L1 | V1: ANR(I)(Z)>DOO(I)(Z)_110L1 | W1: ANT(N)(Z)>KEL(N)(Z)_110L1 | X1: ANT(N)(Z)>KEL(N)(Z)_110L2 | Y1: ARD(I)(Z)>TIV(I)(Z)_110L1 | Z1: ARI(I)(Z)>ARI(I)(T)_110L1 | AA1: ARK(I)(Z)>BEG(I)(Z)_110L1 | AB1: ARK(I)(Z)>BOG(I)(Z)_110L1 | AC1: ARK(I)(Z)>CKM(I)(Z)_220L1 | AD1: ARK(I)(Z)>LOD(I)(Z)_220L1 | AE1: ARK(I)(Z)>SHE(I)(Z)_110L1 | AF1: ART(I)(Z)>FIN(I)(Z)_110L1 | AG1: ART(I)(Z)>MCD(I)(Z)_110L1 | AH1: ARV(I)(Z)>COS(I)(Z)_110L1 | AI1: ARV(I)(Z)>GWE(I)(Z)_110L1 | AJ1: ARV(I)(Z)>NAV(I)(Z)_110L1 | AK1: ARV(I)(Z)>SKL(I)(Z)_110L1 | AL1: ARV(I)(Z)>SKL(I)(Z)_110L2 | AM1: ATE(I)(Z)>DRO(I)(Z)_110L1 | AN1: ATE(I)(Z)>KNR(I)(Z)_110L1 | AO1: ATH(I)(Z)>LA(I)(Z)_110L1 | AP1: ATH(I)(Z)>SH(I)(Z)_110L1 | AQ1: ATN(I)(Z)>INC(I)(Z)_110L1 | AR1: ATN(I)(Z)>INC(I)(Z)_110L2 | AS1: ATY(I)(Z)>CLW(I)(Z)_110L1 | AT1: ATY(I)(Z)>CNB(I)(Z)_110L1 | AU1: ATY(I)(Z)>PLS(I)(Z)_110L1 | AV1: AUG(I)(Z)>CFM(I)(Z)_110L1 | AW1: AUG(I)(Z)>CFM(I)(Z)_110L2 | AX1: AUG(I)(Z)>KPG(I)(Z)_110L1 | AY1: AUG(I)(Z)>MTN(I)(Z)_110L1 | AZ1: AUG(I)(Z)>SK(I)(Z)_110L1 | BA1: AUG(I)(Z)>SK(I)(Z)_110L2 | BB1: BAL(I)(Z)>CDU(I)(Z)_110L1 | BC1: BAL(I)(Z)>DRY(I)(Z)_110L1 | BD1: BAL(I)(Z)>DEE(I)(Z)_110L1 | BE1: BAN(I)(Z)>BRI(I)(Z)_110L1 | BF1: BAN(I)(Z)>BRI(I)(Z)_110L2 | BG1: BAN(I)(Z)>DMY(I)(Z)_110L1 | BH1: BAN(I)(Z)>RAF(I)(Z)_110L1 | BI1: BAN(N)(Z)>TAN(N)(Z)_110L1 | BJ1: BAN(N)(Z)>TAN(N)(Z)_110L2 | BK1: BAR(I)(Z)>BAR(I)(T)_110L1 | BL1: BCT(I)(Z)>CKM(I)(Z)_110L1 | BM1: BCT(I)(Z)>COO(I)(Z)_110L1 | BN1: BDA(I)(Z)>MON(I)(Z)_110L1 | BO1: BDA(I)(Z)>NEW(I)(Z)_110L1 | BP1: BDN(I)(Z)>CUL(I)(Z)_110L1 | BQ1: BDN(I)(Z)>DOO(I)(Z)_110L1 | BR1: BEG(I)(Z)>CKM(I)(Z)_110L1 | BS1: BGH(I)(Z)>CLA(I)(Z)_110L1 | BT1: BGN(I)(Z)>MLC(I)(Z)_110L1 | BU1: BGT(I)(Z)>CNB(I)(Z)_110L1 | BV1: BGT(I)(Z)>GGT(I)(Z)_110L1 | BW1: BGT(I)(Z)>KKY(I)(Z)_110L1 | BX1: BIN(I)(Z)>CF(I)(Z)_110L1 | BY1: BIN(I)(Z)>TIV(I)(Z)_110L1 | BZ1: BK(I)(Z)>CBR(I)(Z)_110L1 | CA1: BK(I)(Z)>CGW(I)(Z)_110L1 | CB1: BK(I)(Z)>MOY(I)(Z)_110L1 | CC1: BK(I)(Z)>SKY(I)(Z)_110L1 | CD1: BK(I)(Z)>SKY(I)(Z)_110L2 | CE1: BKT(I)(Z)>CUR(I)(Z)_110L1 | CF1: BKY(I)(Z)>CBT(I)(Z)_110L1 | CG1: BKY(I)(Z)>CBT(I)(Z)_110L2 | CH1: BKY(I)(Z)>KCY(I)(Z)_110 | CI1: BLA(I)(Z)>POT(I)(Z)_110L1 | CJ1: BLA(I)(Z)>RE(I)(Z)_110L1 | CK1: BLC(I)(Z)>FIN(I)(Z)_220L1 | CL1: BLC(I)(Z)>SHL(I)(Z)_220L1 | CM1: BLC(I)(Z)>GRA(I)(Z)_110L1 | CN1: BLC(I)(Z)>KLM(I)(Z)_110L1 | CO1: BLC(I)(Z)>MNH(I)(Z)_110L1 | CP1: BLI(I)(Z)>DMY(I)(Z)_110L1 | CQ1: BMA(N)(Z)>KEL(N)(Z)_110L1 | CR1: BMA(N)(Z)>KEL(N)(Z)_110L2 | CS1: BNH(N)(Z)>CAS(N)(Z)_110L1 | CT1: BNH(N)(Z)>CAS(N)(Z)_110L2 | CU1: BNM(N)(Z)>DON(N)(Z)_110L1 | CV1: BNM(N)(Z)>DON(N)(Z)_110L2 | CW1: BOG(I)(Z)>TTU(I)(Z)_110L1 | CX1: TTU(I)(Z)>CRA(I)(Z)_110L1 | CY1: BOL(I)(Z)>ENN(I)(Z)_110L1 | CZ1: BOL(I)(Z)>TBK(I)(T)_110L1 | DA1: BPS(N)(Z)>BVG(N)(Z)_110L1 | DB1: BPS(N)(Z)>BVG(N)(Z)_110L2 | DC1: BPS(N)(Z)>BYC(N)(Z)_275L1 | DD1: BPS(N)(Z)>EDE(N)(Z)_110L1 | DE1: BPS(N)(Z)>EDE(N)(Z)_110L2 | DF1: BPS(N)(Z)>HAN(N)(Z)_275L1 | DG1: BPS(N)(Z)>KEL(N)(Z)_275L1 | DH1: BPS(N)(Z)>MAG(N)(Z)_275L1 | DI1: BRO(N)(Z)>RSK(N)(Z)_110L1 | DJ1: BRY(I)(Z)>RAF(I)(Z)_110L1 | DK1: BRY(I)(Z)>RAF(I)(Z)_110L2 | DL1: BTN(I)(Z)>CLE(I)(Z)_220L1 | DM1: BTN(I)(Z)>CLE(I)(Z)_220L2 | DN1: BUT(I)(Z)>CUL(I)(Z)_110L1 | DO1: BUT(I)(Z)>KTN(I)(Z)_110L1 | DP1: BVG(N)(Z)>KEL(N)(Z)_110L1 | DQ1: BVG(N)(Z)>KEL(N)(Z)_110L2 | DR1: BVG(N)(Z)>LAR(N)(Z)_110L1 | DS1: BVG(N)(Z)>LAR(N)(Z)_110L2 | DT1: BVK(I)(Z)>BYH(I)(Z)_220L1 | DU1: BVK(I)(Z)>CLA(I)(Z)_220L1 | DV1: BVK(I)(Z)>CTG(I)(Z)_110L1 | DW1: BWR(I)(Z)>CRA(I)(Z)_110L1 | DX1: BYH(I)(Z)>CDL(I)(Z)_110L1 | DY1: BYH(I)(Z)>GLE(I)(Z)_110L1 | DZ1: CAB(I)(Z)>PTN(I)(Z)_110L1 | EA1: CAB(I)(Z)>WOL(I)(Z)_110L1 | EB1: CAH(I)(Z)>BAR(I)(T)_110L1 | EC1: CAH(I)(Z)>DOO(I)(Z)_110L1 | ED1: CAH(I)(Z)>KHL(I)(Z)_110L1 | EE1: CAH(I)(Z)>TIP(I)(Z)_110L1 | EF1: CAR(N)(Z)>CAS(N)(Z)_110L1 | EG1: CAR(N)(Z)>CAS(N)(Z)_110L2 | EH1: CAR(N)(Z)>EDE(N)(Z)_110L1 | EI1: CAR(N)(Z)>EDE(N)(Z)_110L2 | EJ1: CAS(N)(Z)>CRE(N)(Z)_110L1 | EK1: CAS(N)(Z)>CRE(N)(Z)_110L2 | EL1: CAS(N)(Z)>HAN(N)(Z)_275L1 | EM1: CAS(N)(Z)>HAN(N)(Z)_275L2 | EN1: CAS(N)(Z)>KNO(N)(Z)_110L1 | EO1: CAS(N)(Z)>KNO(N)(Z)_110L2 | EP1: CAS(N)(Z)>KPS(N)(Z)_275L1 | EQ1: CAS(N)(Z)>NAR(N)(Z)_110L1 | ER1: CAS(N)(Z)>NAR(N)(Z)_110L2 | ES1: CAS(N)(Z)>RAT(N)(Z)_110L1 | ET1: CAS(N)(Z)>RAT(N)(Z)_110L2 | EU1: CAS(N)(Z)>ROS(N)(Z)_110L1 | EV1: CAS(N)(Z)>ROS(N)(Z)_110L2 | EW1: CAS(N)(Z)>TAN(N)(Z)_275L1 | EX1: CTN(I)(Z)>KLN(I)(Z)_110L1 | EY1: CBL(I)(Z)>TRI(I)(Z)_110L1 | EZ1: CBG(I)(Z)>CBR(I)(Z)_110L1 | FA1: CBR(I)(Z)>CLN(I)(Z)_110L1 | FB1: CBR(I)(Z)>DLT(I)(Z)_110L1 | FC1: CBT(I)(Z)>INC(I)(Z)_220L1 | FD1: CBT(I)(Z)>KCY(I)(Z)_110L1 | FE1: CBT(I)(Z)>INC(I)(Z)_220L2 | FF1: CBT(I)(Z)>MAY(I)(Z)_220L1 | FG1: CBT(I)(Z)>MAY(I)(Z)_220L2 | FH1: CD(I)(Z)>KBY(I)(Z)_110L1 | FI1: CD(I)(Z)>MAC(I)(Z)_110L1 | FJ1: CDK(I)(Z)>LWD(I)(Z)_110L1 | FK1: CDU(I)(Z)>FIN(I)(Z)_220L1 | FL1: CDU(I)(Z)>FIN(I)(Z)_220L2 | FM1: CDU(I)(Z)>HN(I)(Z)_220L1 | FN1: CDU(I)(Z)>BLU(I)(Z)_110L1 | FO1: CDU(I)(Z)>GLN(I)(Z)_110L1 | FP1: BLU(I)(Z)>MUL(I)(Z)_110L1 | FQ1: CDU(I)(Z)>PLA(I)(Z)_110L1 | FR1: CDU(I)(Z)>RYB(I)(Z)_110L1 | FS1: CDU(I)(Z)>SBH(I)(Z)_110L1 | FT1: CDU(I)(Z)>WOO(I)(Z)_220L1 | FU1: CDY(I)(Z)>ARI(I)(T)_110L1 | FV1: CDY(I)(Z)>GRV(I)(Z)_110L1 | FW1: CDY(I)(Z)>SRA(I)(Z)_110L1 | FX1: CEN(N)(Z)>CRE(N)(Z)_110L1 | FY1: CEN(N)(Z)>CRE(N)(Z)_110L2 | FZ1: CF(I)(Z)>CAD(Y)(Z)_110L1 | GA1: CF(I)(Z)>CKL(Y)(Z)_110L1 | GB1: CF(I)(Z)>CL(I)(Z)_110L1 | GC1: CF(I)(Z)>CLO(I)(Z)_110L1 | GD1: CF(I)(Z)>CLO(I)(Z)_110L2 | GE1: CF(I)(Z)>COR(I)(Z)_110L1 | GF1: CF(I)(Z)>SRA(I)(Z)_110L1 | GG1: CF(I)(Z)>SRA(I)(Z)_110L2 | GH1: CFD(I)(Z)>MUL(I)(Z)_110L1 | GI1: CFD(I)(Z)>KIN(I)(Z)_110L1 | GJ1: CGL(I)(Z)>GAE(I)(Z)_110L1 | GK1: CHA(I)(Z)>GLE(I)(Z)_110L1 | GL1: CHA(I)(Z)>KLN(I)(Z)_110L1 | GM1: CHA(I)(Z)>MAL(I)(Z)_110L1 | GN1: CHE(I)(Z)>FAS(I)(Z)_110L1 | GO1: CKG(I)(Z)>CBT(I)(Z)_110L1 | GP1: CKG(I)(Z)>CBT(I)(Z)_110L2 | GQ1: CKG(I)(Z)>KUD(I)(Z)_110L1 | GR1: CKM(I)(Z)>CHE(I)(Z)_110L1 | GS1: CKM(I)(Z)>COO(I)(Z)_110L1 | GT1: CKM(I)(Z)>DSN(I)(Z)_220L1 | GU1: CKM(I)(Z)>FAS(I)(Z)_110L1 | GV1: CKM(I)(Z)>FAS(I)(Z)_110L2 | GW1: CKM(I)(Z)>ISH(I)(Z)_220L1 | GX1: CKM(I)(Z)>POT(I)(Z)_110L1 | GY1: CKN(I)(Z)>CGL(I)(Z)_110L1 | GZ1: CKN(I)(Z)>GRO(I)(Z)_110L1 | HA1: CKN(I)(Z)>KER(I)(Z)_110L1 | HB1: CLA(I)(Z)>CKN(I)(Z)_110L1 | HC1: CLA(I)(Z)>DMY(I)(Z)_110L1 | HD1: CLA(I)(Z)>KRA(I)(Z)_220L1 | HE1: CLA(I)(Z)>MAC(I)(Z)_110L1 | HF1: CLA(I)(Z)>MAC(I)(Z)_110L2 | HG1: CLE(I)(Z)>CDU(I)(Z)_220L1 | HH1: CLE(I)(Z)>WOO(I)(Z)_220L1 | HI1: CLG(I)(Z)>CDU(I)(Z)_110L1 | HJ1: CLG(I)(Z)>FIN(I)(Z)_110L1 | HK1: CLH(I)(Z)>TRI(I)(Z)_110L1 | HL1: CLH(I)(Z)>TRL(I)(Z)_110L1 | HM1: CLN(I)(Z)>LA(I)(Z)_110L1 | HN1: CLO(I)(Z)>CF(I)(Z)_110L1 | HO1: CLO(I)(Z)>GOL(I)(T)_110L1 | HP1: CLO(I)(Z)>MRY(I)(Z)_110L1 | HQ1: CLU(I)(Z)>CBT(I)(Z)_110L1 | HR1: CLU(I)(Z)>KUD(I)(Z)_110L1 | HS1: CLW(I)(Z)>KLS(I)(Z)_110L1 | HT1: CLW(I)(Z)>KLS(I)(Z)_110L2 | HU1: CLW(I)(Z)>STR(I)(T)_110L1 | HV1: CNB(I)(Z)>GGT(I)(T)_110L1 | HW1: CNB(I)(Z)>PLS(I)(T)_110L1 | HX1: CNB(I)(Z)>MP(I)(T)_380L1 | HY1: CNB(I)(Z)>DSN(I)(T)_380L1 | HZ1: COL(I)(Z)>CDU(I)(Z)_110L1 | IA1: COL(I)(Z)>FIN(I)(Z)_110L1 | IB1: COL(N)(Z)>CPS(N)(Z)_110L1 | IC1: COL(N)(Z)>LIM(N)(Z)_110L1 | ID1: COL(N)(Z)>LOG(N)(Z)_110L1 | IE1: COL(N)(Z)>LOG(N)(Z)_110L2 | IF1: COL(N)(Z)>RSK(N)(Z)_110L1 | IG1: COO(I)(Z)>FTT(I)(Z)_110L1 | IH1: COO(I)(Z)>INC(I)(Z)_110L1 | II1: COR(I)(Z)>ENN(N)(Z)_110L1 | IJ1: COR(I)(Z)>GWE(I)(Z)_110L1 | IK1: COS(I)(Z)>ARI(I)(T)_110L1 | IL1: COS(I)(Z)>FLA(I)(Z)_110L1 | IM1: COS(I)(Z)>FLA(I)(Z)_110L2 | IN1: COW(I)(Z)>OLD(I)(Z)_110L1 | IO1: COW(I)(Z)>OLD(I)(Z)_110L2 | IP1: COW(I)(Z)>RAF(I)(Z)_110L1 | IQ1: COW(I)(Z)>WHI(I)(Z)_110L1 | IR1: CPK(I)(Z)>CKM(I)(Z)_110L1 | IS1: CPK(I)(Z)>TNY(I)(Z)_110L1 | IT1: CPS(N)(Z)>CRD(N)(Z)_110L1 | IU1: CPS(N)(Z)>KMT(N)(Z)_110L1 | IV1: CPS(N)(Z)>LIM(N)(Z)_110L1 | IW1: CPS(N)(Z)>LMR(N)(Z)_110L1 | IX1: CPS(N)(Z)>LMR(N)(Z)_110L2 | IY1: CPS(N)(Z)>MAG(N)(Z)_275L1 | IZ1: CPS(N)(Z)>MAG(N)(Z)_275L2 | JA1: CPS(N)(Z)>SPR(N)(Z)_110L1 | JB1: CPS(N)(Z)>SPR(N)(Z)_110L2 | JC1: CPS(N)(Z)>STR(N)(Z)_110L1 | JD1: CRA(I)(Z)>LWD(I)(Z)_110L1 | JE1: CRA(I)(Z)>WEX(I)(Z)_110L1 | JF1: CRG(N)(Z)>KEL(N)(Z)_110L1 | JG1: CRG(N)(Z)>TMN(N)(Z)_110L1 | JH1: CRM(I)(Z)>KLM(I)(Z)_110L1 | JI1: CRM(I)(Z)>KLM(I)(Z)_110L2 | JJ1: CRO(I)(Z)>IA(I)(Z)_110L1 | JK1: CRO(I)(Z)>KBY(I)(Z)_110L1 | JL1: CSH(I)(Z)>CLN(I)(Z)_110L1 | JM1: CSH(I)(Z)>DLT(I)(Z)_110L1 | JN1: CSH(I)(Z)>ENN(I)(Z)_110L1 | JO1: CSH(I)(Z)>FLA(I)(Z)_220L1 | JP1: CSH(I)(Z)>GAL(I)(Z)_110L1 | JQ1: CSH(I)(Z)>GAL(I)(Z)_110L2 | JR1: CSH(I)(Z)>GAL(I)(Z)_110L3 | JS1: CSH(I)(Z)>PRO(I)(Z)_220L1 | JT1: CSH(I)(Z)>SAL(I)(Z)_110L1 | JU1: CSH(I)(Z)>SOM(I)(T)_110L1 | JV1: CSH(I)(Z)>TYN(I)(Z)_220L1 | JW1: CTN(I)(Z)>TIP(I)(Z)_110L1 | JX1: CTY(I)(Z)>FTT(I)(Z)_110L1 | JY1: CTY(I)(Z)>INC(I)(Z)_110L1 | JZ1: CUL(I)(Z)>DGN(I)(Z)_110L1 | KA1: CUL(I)(Z)>GI(I)(Z)_220L1 | KB1: CUL(I)(Z)>KRA(I)(Z)_220L1 | KC1: CUL(I)(Z)>WAT(I)(Z)_110L1 | KD1: CUL(I)(Z)>RTO(I)(Z)_110L1 | KE1: CUN(I)(Z)>GLR(I)(Z)_110L1 | KF1: CUN(I)(Z)>SLI(I)(Z)_110L1 | KG1: CUR(I)(Z)>BKM(I)(Z)_110L1 | KH1: CUR(I)(Z)>NEN(I)(Z)_110L1 | KI1: CUS(I)(Z)>MLC(I)(Z)_110L1 | KJ1: CUS(I)(Z)>NEW(I)(Z)_110L1 | KK1: CUS(I)(Z)>PLS(I)(Z)_110L1 | KL1: CUS(I)(Z)>PPT(I)(Z)_110L1 | KM1: CVW(I)(Z)>COW(I)(Z)_110L1 | KN1: CVW(I)(Z)>DKL(I)(Z)_110L1 | KO1: CVW(I)(Z)>KRA(I)(Z)_110L1 | KP1: DAL(I)(Z)>DAL(I)(T)_110L1 | KQ1: DDK(I)(Z)>LOU(I)(Z)_110L1 | KR1: DDK(I)(Z)>MLN(I)(Z)_110L1 | KS1: DER(I)(Z)>KIN(I)(Z)_110L1 | KT1: DER(I)(Z)>TEN(I)(Z)_110L1 | KU1: TEN(I)(Z)>MAY(I)(Z)_110L1 | KV1: DER(I)(Z)>TSB(I)(Z)_110L1 | KW1: DEY(I)(Z)>DAL(I)(T)_110L1 | KX1: DEY(I)(Z)>PLS(I)(Z)_110L1 | KY1: DFR(I)(T)>DFR(I)(Z)_110L1 | KZ1: DFR(I)(Z)>MGT(I)(Z)_110L1 | LA1: DGN(I)(Z)>WHE(I)(Z)_110L1 | LB1: DGN(I)(Z)>RTO(I)(Z)_110L1 | LC1: DMY(I)(Z)>CDN(I)(Z)_110L1 | LD1: DMY(I)(Z)>MAC(I)(Z)_110L1 | LE1: DON(N)(Z)>FIN(N)(Z)_110L1 | LF1: DON(N)(Z)>FIN(N)(Z)_110L2 | LG1: DON(N)(Z)>HAN(N)(Z)_110L1 | LH1: DON(N)(Z)>HAN(N)(Z)_110L2 | LI1: DRM(I)(Z)>CLO(I)(Z)_110L1 | LJ1: DRM(I)(Z)>LET(I)(Z)_110L1 | LK1: DRM(I)(Z)>MEE(I)(Z)_110L1 | LL1: DRO(N)(Z)>ENN(N)(Z)_110L1 | LM1: DRO(N)(Z)>ENN(N)(Z)_110L2 | LN1: DRO(N)(Z)>OMA(N)(Z)_110L1 | LO1: DRO(N)(Z)>OMA(N)(Z)_110L2 | LP1: DRQ(N)(Z)>DRO(N)(Z)_110L1 | LQ1: DRU(I)(Z)>ENN(I)(Z)_110L1 | LR1: DRU(N)(Z)>TAN(N)(Z)_110L1 | LS1: DRU(N)(Z)>TAN(N)(Z)_110L2 | LT1: DRU(N)(Z)>TAN(N)(Z)_110L3 | LU1: DRU(N)(Z)>TMN(N)(Z)_110L1 | LV1: DRU(N)(Z)>TMN(N)(Z)_110L2 | LW1: DRY(I)(Z)>GOR(I)(Z)_110L1 | LX1: DRY(I)(Z)>LOU(I)(Z)_110L1 | LY1: DRY(I)(Z)>PLA(I)(Z)_110L1 | LZ1: DRY(I)(Z)>OBE(I)(Z)_110L1 | MA1: DSN(I)(Z)>KLS(I)(Z)_220L1 | MB1: DSN(I)(Z)>MAY(I)(Z)_220L1 | MC1: DSN(I)(Z)>MAY(I)(Z)_220L2 | MD1: DSN(I)(Z)>MAY(I)(Z)_220L3 | ME1: DSN(I)(Z)>MP(I)(Z)_380L1 | MF1: DSN(I)(Z)>TH(I)(Z)_220L1 | MG1: DTN(I)(Z)>BLC(I)(Z)_110L1 | MH1: DTN(I)(Z)>FIN(I)(Z)_110L1 | MI1: DTN(I)(Z)>KLM(I)(Z)_110L1 | MJ1: DUN(N)(Z)>OMA(N)(Z)_110L1 | MK1: DUN(N)(Z)>TMN(N)(Z)_110L1 | ML1: DUN(N)(Z)>TMN(N)(Z)_110L2 | MM1: DUN(N)(Z)>TMN(N)(Z)_110L3 | MN1: ENN(I)(Z)>SLC(I)(Z)_110L1 | MO1: FIN(I)(Z)>GLA(I)(Z)_110L1 | MP1: FIN(I)(Z)>GRA(I)(Z)_110L1 | MQ1: FIN(I)(Z)>HN(I)(Z)_220L1 | MR1: FIN(I)(Z)>MCD(I)(Z)_110L1 | MS1: FIN(I)(Z)>NW(I)(Z)_220L1 | MT1: FIN(I)(Z)>POP(I)(Z)_110L1 | MU1: FIN(I)(Z)>PTN(I)(Z)_110L1 | MV1: FIN(I)(Z)>SHL(I)(Z)_220L1 | MW1: FIN(I)(Z)>SVN(I)(Z)_110L1 | MX1: FIN(N)(Z)>HAN(N)(Z)_110L1 | MY1: FIN(N)(Z)>HAN(N)(Z)_110L2 | MZ1: FLA(I)(Z)>GIL(I)(Z)_110L1 | NA1: FLA(I)(Z)>LOU(I)(Z)_220L1 | NB1: FLA(I)(Z)>SLB(I)(Z)_110L1 | NC1: FLA(I)(Z)>SLI(I)(Z)_110L1 | ND1: FLA(I)(Z)>SRA(I)(Z)_220L1 | NE1: FLA(I)(Z)>TON(I)(Z)_110L1 | NF1: FRS(I)(Z)>HAR(I)(Z)_110L1 | NG1: FRS(I)(Z)>HEU(I)(Z)_110L1 | NH1: FRS(I)(Z)>INC(I)(Z)_110L1 | NI1: FRS(I)(Z)>TRN(I)(Z)_110L1 | NJ1: GAL(I)(Z)>SAL(I)(Z)_110L1 | NK1: GAL(I)(Z)>SEE(I)(Z)_110L1 | NL1: CDU(I)(Z)>GAN(I)(Z)_110L1 | NM1: GCA(I)(Z)>GRI(I)(T)_110L1 | NN1: GCA(I)(Z)>INC(I)(Z)_110L1 | NO1: GCA(I)(Z)>INC(I)(Z)_110L2 | NP1: GCA(I)(Z)>NAN(I)(Z)_110L1 | NQ1: GCA(I)(Z)>NAN(I)(Z)_110L2 | NR1: GGO(I)(Z)>RAF(I)(Z)_220L1 | NS1: GI(I)(Z)>KKY(I)(Z)_110L1 | NT1: GI(I)(Z)>KLS(I)(Z)_220L1 | NU1: GI(I)(Z)>LWD(I)(Z)_220L1 | NV1: GI(I)(Z)>LWN(I)(Z)_220L1 | NW1: GI(I)(Z)>WAT(I)(Z)_110L1 | NX1: GI(I)(Z)>WAT(I)(Z)_110L2 | NY1: GI(I)(Z)>ROP(I)(Z)_110L1 | NZ1: ROP(I)(Z)>WEX(I)(Z)_110L1 | OA1: GLA(I)(Z)>SVN(I)(Z)_110L1 | OB1: GLE(I)(Z)>KCR(I)(Z)_110L1 | OC1: GLE(N)(Z)>KEL(N)(Z)_110L1 | OD1: GLE(N)(Z)>KEL(N)(Z)_110L2 | OE1: GOL(I)(Z)>GOL(I)(T)_110L1 | OF1: GOR(I)(Z)>LOU(I)(Z)_220L1 | OG1: GOR(I)(Z)>MAY(I)(Z)_220L1 | OH1: GOR(I)(Z)>MTH(I)(Z)_110L1 | OI1: GOR(I)(Z)>NAV(I)(Z)_110L1 | OJ1: GOR(I)(Z)>NAV(I)(Z)_110L2 | OK1: GOR(I)(Z)>NAV(I)(Z)_110L3 | OL1: GOR(I)(Z)>GRH(I)(Z)_110L1 | OM1: GRH(I)(Z)>PLA(I)(Z)_110L1 | ON1: GOR(N)(Z)>OMA(N)(Z)_110L1 | OO1: GOR(N)(Z)>TMN(N)(Z)_110L1 | OP1: GRA(I)(Z)>NBY(I)(Z)_110L1 | OQ1: GRI(I)(T)>MAY(I)(Z)_110L1 | OR1: GRI(I)(Z)>GRI(I)(T)_110L1 | OS1: GRO(I)(Z)>BVK(I)(Z)_110L1 | OT1: HAN(N)(Z)>BYC(N)(Z)_275L1 | OU1: HAN(N)(Z)>LIS(N)(Z)_110L1 | OV1: HAN(N)(Z)>LIS(N)(Z)_110L2 | OW1: HAR(I)(Z)>RE(I)(Z)_110L1 | OX1: HEU(I)(Z)>INC(I)(Z)_110L1 | OY1: HWN(I)(Z)>MGT(I)(Z)_110L1 | OZ1: HWN(I)(Z)>KIN(I)(Z)_110L1 | PA1: HWN(I)(Z)>DFR(I)(T)_110L1 | PB1: IA(I)(Z)>MAC(I)(Z)_110L1 | PC1: IKE(I)(Z)>IKE(I)(T)_110L1 | PD1: INC(I)(Z)>ISH(I)(Z)_220L1 | PE1: INC(I)(Z)>MIL(I)(Z)_110L1 | PF1: INC(I)(Z)>PB(I)(Z)_220L1 | PG1: INC(I)(Z)>PB(I)(Z)_220L2 | PH1: ISH(I)(Z)>SHL(I)(Z)_220L1 | PI1: KBY(I)(Z)>KRA(I)(Z)_110L1 | PJ1: KBY(I)(Z)>KRA(I)(Z)_110L2 | PK1: KBY(I)(Z)>MAL(I)(Z)_110L1 | PL1: KBY(I)(Z)>MR(I)(Z)_110L1 | PM1: KBY(I)(Z)>MR(I)(Z)_110L2 | PN1: KEL(N)(Z)>KPS(N)(Z)_275L1 | PO1: KEL(N)(Z)>KPS(N)(Z)_275L2 | PP1: KEL(N)(Z)>MAG(N)(Z)_275L1 | PQ1: KEL(N)(Z)>RSK(N)(Z)_110L1 | PR1: KER(I)(Z)>OUG(I)(T)_110L1 | PS1: KIN(I)(Z)>DFR(I)(T)_110L1 | PT1: KIN(I)(Z)>MUL(I)(Z)_110L1 | PU1: KLH(I)(Z)>THU(I)(Z)_110L1 | PV1: KLM(I)(Z)>NBY(I)(Z)_110L1 | PW1: KLM(I)(Z)>POP(I)(Z)_110L1 | PX1: KLN(I)(Z)>CUR(I)(Z)_110L1 | PY1: KLN(I)(Z)>KPG(I)(Z)_220L1 | PZ1: KLN(I)(Z)>KRA(I)(Z)_220L1 | QA1: KLN(I)(Z)>LIM(I)(Z)_110L1 | QB1: KLN(I)(Z)>LIM(I)(Z)_110L2 | QC1: KLN(I)(Z)>SH(I)(Z)_220L1 | QD1: KLN(I)(Z)>SNG(I)(Z)_110L1 | QE1: KLP(I)(Z)>CNG(I)(Z)_110L1 | QF1: KLP(I)(Z)>KNR(I)(Z)_110L1 | QG1: KLP(I)(Z)>KNR(I)(Z)_220L1 | QH1: KLP(I)(Z)>KNR(I)(Z)_220L2 | QI1: KLP(I)(Z)>MP(I)(Z)_220L1 | QJ1: KLP(I)(Z)>MP(I)(Z)_220L2 | QK1: KLP(I)(Z)>RAT(I)(Z)_110L1 | QL1: KLP(I)(Z)>TB(I)(Z)_110L1 | QM1: KLP(I)(Z)>TB(I)(Z)_110L2 | QN1: KLP(I)(Z)>TB(I)(Z)_220L1 | QO1: KLP(I)(Z)>TB(I)(Z)_220L2 | QP1: KLP(I)(Z)>TRL(I)(Z)_110L1 | QQ1: KLP(I)(Z)>TRL(I)(Z)_110L2 | QR1: KLS(I)(Z)>KKY(I)(Z)_110L1 | QS1: KMT(N)(Z)>SLK(N)(Z)_110L1 | QT1: KMT(N)(Z)>STR(N)(Z)_110L1 | QU1: KNR(I)(Z)>BYH(I)(Z)_220L1 | QV1: KNR(I)(Z)>TRI(I)(Z)_110L1 | QW1: KNR(I)(Z)>TRI(I)(Z)_110L2 | QX1: KNY(I)(Z)>BUF(I)(Z)_110L1 | QY1: KNY(I)(Z)>KLH(I)(Z)_110L1 | QZ1: KNY(I)(Z)>SAL(I)(Z)_110L1 | RA1: KNY(I)(Z)>SCR(I)(Z)_110L1 | RB1: KNY(I)(Z)>UGL(I)(Z)_110L1 | RC1: KPS(N)(Z)>TAN(N)(Z)_275L1 | RD1: KRA(I)(Z)>BAR(I)(T)_110L1 | RE1: KRA(I)(Z)>LGT(I)(T)_110L1 | RF1: KRA(I)(Z)>MEN(I)(Z)_110L1 | RG1: KRA(I)(Z)>MID(I)(Z)_110L1 | RH1: KRA(I)(Z)>RAF(I)(Z)_220L1 | RI1: KRA(I)(Z)>WHO(I)(Z)_110L1 | RJ1: KTL(I)(Z)>MAY(I)(Z)_110L1 | RK1: KTL(I)(Z)>MON(I)(Z)_110L1 | RL1: KTN(I)(Z)>WAT(I)(Z)_110L1 | RM1: KUD(I)(Z)>CBT(I)(Z)_110L1 | RN1: KUR(I)(Z)>NAV(I)(Z)_110L1 | RO1: KYT(I)(Z)>MAY(I)(Z)_220L1 | RP1: KYT(I)(Z)>WOO(I)(Z)_220L1 | RQ1: LA(I)(Z)>MUL(I)(Z)_110L1 | RR1: LA(I)(Z)>RIC(I)(Z)_110L1 | RS1: LA(I)(Z)>RIC(I)(Z)_110L2 | RT1: LA(I)(Z)>SLB(I)(Z)_110L1 | RU1: LNA(I)(Z)>TIV(I)(Z)_110L1 | RV1: LCK(I)(Z)>MUL(I)(Z)_110L1 | RW1: LET(I)(Z)>GOL(I)(T)_110L1 | RX1: LET(I)(Z)>STR(N)(Z)_110L1 | RY1: LET(I)(Z)>TIV(I)(Z)_110L1 | RZ1: LET(I)(Z)>TLK(I)(Z)_110L1 | SA1: LET(I)(Z)>LNA(I)(Z)_110L1 | SB1: LIB(I)(Z)>MR(I)(Z)_110L1 | SC1: LIB(I)(Z)>MR(I)(Z)_110L2 | SD1: LIM(I)(Z)>MTN(I)(Z)_110L1 | SE1: LIM(I)(Z)>RAT(I)(Z)_110L1 | SF1: LIS(I)(Z)>LOU(I)(Z)_110L1 | SG1: LIS(I)(Z)>LSA(I)(T)_110L1 | SH1: LSA(I)(T)>SKL(I)(Z)_110L1 | SI1: LIS(N)(Z)>TAN(N)(Z)_110L1 | SJ1: LIS(N)(Z)>TAN(N)(Z)_110L2 | SK1: LOU(I)(Z)>MLN(I)(Z)_110L1 | SL1: LOU(I)(Z)>MTH(I)(Z)_110L1 | SM1: LOU(I)(Z)>RRU(I)(Z)_110L1 | SN1: LOU(I)(Z)>TAN(N)(Z)_275L1 | SO1: LOU(I)(Z)>TAN(N)(Z)_275L2 | SP1: LOU(I)(Z)>WOO(I)(Z)_220L1 | SQ1: LSA(I)(Z)>LSA(I)(T)_110L1 | SR1: LSN(I)(Z)>THU(I)(Z)_110L1 | SS1: MAG(N)(Z)>TMN(N)(Z)_275L1 | ST1: MAG(N)(Z)>TMN(N)(Z)_275L2 | SU1: MAY(I)(Z)>BLK(I)(Z)_110L1 | SV1: MAY(I)(Z)>GRI(I)(Z)_110L1 | SW1: MAY(I)(Z)>RNW(I)(Z)_110L1 | SX1: MAY(I)(Z)>RYB(I)(Z)_110L1 | SY1: MAY(I)(Z)>SH(I)(Z)_220L1 | SZ1: MAY(I)(Z)>TH(I)(Z)_220L1 | TA1: MAY(I)(Z)>WOO(I)(Z)_220L1 | TB1: MCD(I)(Z)>NQS(I)(Z)_110L1 | TC1: MCD(I)(Z)>WOL(I)(Z)_110L1 | TD1: MHL(I)(Z)>RE(I)(Z)_110L1 | TE1: MHL(I)(Z)>TRN(I)(Z)_110L1 | TF1: MID(I)(Z)>WHI(I)(Z)_110L1 | TG1: MID(I)(Z)>LGT(I)(Z)_110L1 | TH1: MIL(I)(Z)>RE(I)(Z)_110L1 | TI1: MIL(I)(Z)>RE(I)(Z)_110L2 | TJ1: MKL(N)(Z)>OMA(N)(Z)_110L1 | TK1: MLC(I)(Z)>TSB(I)(Z)_110L1 | TL1: MNH(I)(Z)>MTA(I)(Z)_110L1 | TM1: MOY(I)(Z)>TAW(I)(Z)_110L1 | TN1: MOY(I)(Z)>TAW(I)(Z)_110L2 | TO1: MP(I)(Z)>OST(I)(Z)_380L1 | TP1: MP(I)(Z)>PRO(I)(Z)_220L1 | TQ1: MP(I)(Z)>TBK(I)(T)_110L1 | TR1: MR(I)(Z)>TBG(I)(Z)_110L1 | TS1: MR(I)(Z)>TBG(I)(Z)_110L2 | TT1: MTN(I)(Z)>MUN(I)(Z)_110L1 | TU1: MTN(I)(Z)>MUN(I)(Z)_110L2 | TV1: NEW(I)(Z)>BLK(I)(Z)_110L1 | TW1: NEW(I)(Z)>PLS(I)(Z)_110L1 | TX1: NEW(N)(Z)>TAN(N)(Z)_110L1 | TY1: NEW(N)(Z)>TAN(N)(Z)_110L2 | TZ1: NQS(I)(Z)>RE(I)(Z)_110L1 | UA1: NW(I)(Z)>PB(I)(Z)_220L1 | UB1: OMA(N)(Z)>STR(N)(Z)_110L1 | UC1: OMA(N)(Z)>STR(N)(Z)_110L2 | UD1: OMA(N)(Z)>TRE(N)(Z)_110L1 | UE1: ONH(I)(Z)>MOY(I)(Z)_110L1 | UF1: OST(I)(Z)>TYN(I)(Z)_220L1 | UG1: OST(I)(Z)>WOO(I)(Z)_380L1 | UH1: OUG(I)(Z)>OUG(I)(T)_110L1 | UI1: PA(I)(Z)>STR(I)(T)_110L1 | UJ1: PB(I)(Z)>CKM(I)(Z)_220L1 | UK1: PB(I)(Z)>RE(I)(Z)_110L1 | UL1: PB(I)(Z)>RE(I)(Z)_110L2 | UM1: PB(I)(Z)>SHL(I)(Z)_220L1 | UN1: PLA(I)(Z)>OBE(I)(Z)_220L1 | UO1: PPT(I)(Z)>PLS(I)(Z)_110L1 | UP1: PRO(I)(Z)>TB(I)(Z)_220L1 | UQ1: RAF(I)(Z)>RSY(I)(Z)_110L1 | UR1: RAF(I)(Z)>TBG(I)(Z)_110L1 | US1: RAF(I)(Z)>TBG(I)(Z)_110L2 | UT1: RE(I)(Z)>WBK(I)(Z)_110L1 | UU1: REM(I)(Z)>TRL(I)(Z)_110L1 | UV1: RNW(I)(Z)>DFR(I)(T)_110L1 | UW1: RRU(I)(Z)>SKL(I)(Z)_110L1 | UX1: SBH(I)(Z)>MCE(I)(Z)_110L1 | UY1: SH(I)(Z)>DAL(I)(T)_110L1 | UZ1: SH(I)(Z)>IKE(I)(T)_110L1 | VA1: SH(I)(Z)>SOM(I)(T)_110L1 | VB1: SLI(I)(Z)>SRA(I)(Z)_110L1 | VC1: SLI(I)(Z)>SRA(I)(Z)_110L2 | VD1: SOM(I)(Z)>SOM(I)(T)_110L1 | VE1: SOR(I)(Z)>TLK(I)(Z)_110L1 | VF1: STR(I)(Z)>STR(I)(T)_110L1 | VG1: TAN(N)(Z)>TMN(N)(Z)_275L1 | VH1: TAN(N)(Z)>TMN(N)(Z)_275L2 | VI1: TAN(N)(Z)>WAR(N)(Z)_110L1 | VJ1: TAN(N)(Z)>WAR(N)(Z)_110L2 | VK1: TBK(I)(Z)>TBK(I)(T)_110L1 | VL1: THU(I)(Z)>IKE(I)(T)_110L1 | VM1: TRE(N)(Z)>TMN(N)(Z)_110L1 | VN1: TRL(I)(Z)>OUG(I)(T)_110L1 | VO1: WOO(I)(Z)>PRT(I)(Z)_380L1
A2: t-1 | B2: {=TRANSPOSE(_xlfn._xlws.FILTER(branch!$I$2:$I$591,branch!$D$2:$D$591<>0))} -> 99 | C2: 99 | D2: 178 | E2: 145 | F2: 536 | G2: 393 | H2: 393 | I2: 593 | J2: 434 | K2: 99 | L2: 140 | M2: 103 | N2: 109 | O2: 105 | P2: 99 | Q2: 187 | R2: 187 | S2: 187 | T2: 104 | U2: 112 | V2: 105 | W2: 82 | X2: 82 | Y2: 105 | Z2: 105 | AA2: 99 | AB2: 178 | AC2: 434 | AD2: 434 | AE2: 34 | AF2: 120 | AG2: 120 | AH2: 104 | AI2: 178 | AJ2: 178 | AK2: 178 | AL2: 178 | AM2: 120 | AN2: 178 | AO2: 99 | AP2: 178 | AQ2: 140 | AR2: 140 | AS2: 99 | AT2: 105 | AU2: 99 | AV2: 96 | AW2: 96 | AX2: 178 | AY2: 178 | AZ2: 120 | BA2: 120 | BB2: 178 | BC2: 178 | BD2: 178 | BE2: 105 | BF2: 99 | BG2: 99 | BH2: 99 | BI2: 82 | BJ2: 82 | BK2: 136 | BL2: 140 | BM2: 130 | BN2: 99 | BO2: 122 | BP2: 196 | BQ2: 178 | BR2: 136 | BS2: 178 | BT2: 124 | BU2: 178 | BV2: 178 | BW2: 178 | BX2: 99 | BY2: 136 | BZ2: 195 | CA2: 178 | CB2: 178 | CC2: 192 | CD2: 187 | CE2: 120 | CF2: 187 | CG2: 187 | CH2: 187 | CI2: 119 | CJ2: 119 | CK2: 570 | CL2: 570 | CM2: 140 | CN2: 140 | CO2: 842 | CP2: 105 | CQ2: 109 | CR2: 109 | CS2: 82 | CT2: 82 | CU2: 75 | CV2: 75 | CW2: 178 | CX2: 178 | CY2: 178 | CZ2: 178 | DA2: 82 | DB2: 82 | DC2: 710 | DD2: 69 | DE2: 70 | DF2: 710 | DG2: 710 | DH2: 710 | DI2: 144 | DJ2: 63 | DK2: 99 | DL2: 570 | DM2: 570 | DN2: 178 | DO2: 200 | DP2: 109 | DQ2: 109 | DR2: 79 | DS2: 79 | DT2: 434 | DU2: 740 | DV2: 228 | DW2: 115 | DX2: 195 | DY2: 124 | DZ2: 80 | EA2: 120 | EB2: 105 | EC2: 178 | ED2: 178 | EE2: 178 | EF2: 69 | EG2: 70 | EH2: 69 | EI2: 69 | EJ2: 132 | EK2: 132 | EL2: 710 | EM2: 710 | EN2: 66 | EO2: 66 | EP2: 710 | EQ2: 109 | ER2: 109 | ES2: 82 | ET2: 82 | EU2: 144 | EV2: 144 | EW2: 710 | EX2: 178 | EY2: 124 | EZ2: 99 | FA2: 99 | FB2: 99 | FC2: 761 | FD2: 187 | FE2: 761 | FF2: 761 | FG2: 761 | FH2: 178 | FI2: 178 | FJ2: 115 | FK2: 434 | FL2: 434 | FM2: 555 | FN2: 123 | FO2: 178 | FP2: 130 | FQ2: 178 | FR2: 103 | FS2: 238 | FT2: 434 | FU2: 178 | FV2: 132 | FW2: 178 | FX2: 144 | FY2: 144 | FZ2: 140 | GA2: 140 | GB2: 136 | GC2: 178 | GD2: 178 | GE2: 178 | GF2: 196 | GG2: 178 | GH2: 178 | GI2: 178 | GJ2: 130 | GK2: 99 | GL2: 136 | GM2: 178 | GN2: 105 | GO2: 187 | GP2: 187 | GQ2: 187 | GR2: 105 | GS2: 130 | GT2: 434 | GU2: 105 | GV2: 105 | GW2: 593 | GX2: 119 | GY2: 178 | GZ2: 120 | HA2: 178 | HB2: 178 | HC2: 178 | HD2: 646 | HE2: 161 | HF2: 161 | HG2: 434 | HH2: 434 | HI2: 187 | HJ2: 124 | HK2: 99 | HL2: 105 | HM2: 63 | HN2: 178 | HO2: 187 | HP2: 136 | HQ2: 187 | HR2: 187 | HS2: 99 | HT2: 99 | HU2: 105 | HV2: 178 | HW2: 178 | HX2: 1577 | HY2: 1577 | HZ2: 143 | IA2: 104 | IB2: 82 | IC2: 82 | ID2: 82 | IE2: 82 | IF2: 186 | IG2: 124 | IH2: 136 | II2: 99 | IJ2: 178 | IK2: 178 | IL2: 99 | IM2: 99 | IN2: 105 | IO2: 105 | IP2: 99 | IQ2: 99 | IR2: 100 | IS2: 100 | IT2: 200 | IU2: 143 | IV2: 82 | IW2: 82 | IX2: 82 | IY2: 412 | IZ2: 412 | JA2: 82 | JB2: 82 | JC2: 109 | JD2: 178 | JE2: 99 | JF2: 82 | JG2: 109 | JH2: 140 | JI2: 140 | JJ2: 196 | JK2: 178 | JL2: 178 | JM2: 99 | JN2: 178 | JO2: 350 | JP2: 99 | JQ2: 99 | JR2: 99 | JS2: 392 | JT2: 97 | JU2: 99 | JV2: 761 | JW2: 178 | JX2: 124 | JY2: 103 | JZ2: 178 | KA2: 746 | KB2: 646 | KC2: 178 | KD2: 178 | KE2: 178 | KF2: 178 | KG2: 190 | KH2: 105 | KI2: 136 | KJ2: 134 | KK2: 136 | KL2: 136 | KM2: 99 | KN2: 105 | KO2: 99 | KP2: 105 | KQ2: 99 | KR2: 99 | KS2: 99 | KT2: 74 | KU2: 74 | KV2: 99 | KW2: 178 | KX2: 178 | KY2: 99 | KZ2: 104 | LA2: 178 | LB2: 178 | LC2: 211 | LD2: 196 | LE2: 69 | LF2: 69 | LG2: 144 | LH2: 144 | LI2: 103 | LJ2: 99 | LK2: 99 | LL2: 82 | LM2: 82 | LN2: 82 | LO2: 82 | LP2: 82 | LQ2: 99 | LR2: 79 | LS2: 79 | LT2: 108 | LU2: 109 | LV2: 109 | LW2: 99 | LX2: 99 | LY2: 99 | LZ2: 178 | MA2: 393 | MB2: 350 | MC2: 350 | MD2: 434 | ME2: 1283 | MF2: 351 | MG2: 140 | MH2: 140 | MI2: 140 | MJ2: 186 | MK2: 157 | ML2: 144 | MM2: 186 | MN2: 195 | MO2: 105 | MP2: 119 | MQ2: 593 | MR2: 119 | MS2: 332 | MT2: 120 | MU2: 80 | MV2: 536 | MW2: 105 | MX2: 144 | MY2: 144 | MZ2: 105 | NA2: 384 | NB2: 99 | NC2: 99 | ND2: 434 | NE2: 98 | NF2: 107 | NG2: 140 | NH2: 107 | NI2: 140 | NJ2: 99 | NK2: 99 | NL2: 178 | NM2: 103 | NN2: 103 | NO2: 103 | NP2: 120 | NQ2: 120 | NR2: 570 | NS2: 99 | NT2: 393 | NU2: 434 | NV2: 593 | NW2: 178 | NX2: 178 | NY2: 178 | NZ2: 178 | OA2: 136 | OB2: 122 | OC2: 82 | OD2: 82 | OE2: 105 | OF2: 434 | OG2: 350 | OH2: 99 | OI2: 99 | OJ2: 99 | OK2: 99 | OL2: 99 | OM2: 99 | ON2: 200 | OO2: 200 | OP2: 119 | OQ2: 105 | OR2: 105 | OS2: 195 | OT2: 710 | OU2: 82 | OV2: 80 | OW2: 107 | OX2: 140 | OY2: 136 | OZ2: 136 | PA2: 104 | PB2: 196 | PC2: 80 | PD2: 562 | PE2: 120 | PF2: 267 | PG2: 351 | PH2: 593 | PI2: 178 | PJ2: 99 | PK2: 134 | PL2: 103 | PM2: 103 | PN2: 710 | PO2: 710 | PP2: 710 | PQ2: 185 | PR2: 178 | PS2: 99 | PT2: 178 | PU2: 178 | PV2: 119 | PW2: 120 | PX2: 136 | PY2: 434 | PZ2: 512 | QA2: 99 | QB2: 80 | QC2: 269 | QD2: 178 | QE2: 140 | QF2: 136 | QG2: 731 | QH2: 731 | QI2: 660 | QJ2: 660 | QK2: 136 | QL2: 99 | QM2: 99 | QN2: 350 | QO2: 350 | QP2: 99 | QQ2: 178 | QR2: 99 | QS2: 109 | QT2: 143 | QU2: 434 | QV2: 178 | QW2: 99 | QX2: 140 | QY2: 190 | QZ2: 195 | RA2: 135 | RB2: 195 | RC2: 710 | RD2: 136 | RE2: 105 | RF2: 124 | RG2: 99 | RH2: 353 | RI2: 178 | RJ2: 99 | RK2: 136 | RL2: 99 | RM2: 187 | RN2: 99 | RO2: 761 | RP2: 761 | RQ2: 99 | RR2: 99 | RS2: 99 | RT2: 99 | RU2: 136 | RV2: 124 | RW2: 99 | RX2: 99 | RY2: 136 | RZ2: 105 | SA2: 136 | SB2: 100 | SC2: 99 | SD2: 178 | SE2: 99 | SF2: 99 | SG2: 99 | SH2: 99 | SI2: 82 | SJ2: 80 | SK2: 99 | SL2: 99 | SM2: 95 | SN2: 710 | SO2: 710 | SP2: 350 | SQ2: 120 | SR2: 104 | SS2: 710 | ST2: 710 | SU2: 99 | SV2: 99 | SW2: 80 | SX2: 178 | SY2: 269 | SZ2: 325 | TA2: 350 | TB2: 119 | TC2: 120 | TD2: 140 | TE2: 140 | TF2: 99 | TG2: 105 | TH2: 100 | TI2: 120 | TJ2: 139 | TK2: 135 | TL2: 190 | TM2: 99 | TN2: 99 | TO2: 1283 | TP2: 537 | TQ2: 178 | TR2: 178 | TS2: 178 | TT2: 105 | TU2: 105 | TV2: 136 | TW2: 105 | TX2: 82 | TY2: 82 | TZ2: 119 | UA2: 332 | UB2: 109 | UC2: 82 | UD2: 186 | UE2: 105 | UF2: 434 | UG2: 1577 | UH2: 105 | UI2: 105 | UJ2: 267 | UK2: 269 | UL2: 269 | UM2: 593 | UN2: 178 | UO2: 136 | UP2: 467 | UQ2: 63 | UR2: 195 | US2: 178 | UT2: 125 | UU2: 125 | UV2: 99 | UW2: 95 | UX2: 99 | UY2: 178 | UZ2: 178 | VA2: 105 | VB2: 99 | VC2: 99 | VD2: 105 | VE2: 105 | VF2: 105 | VG2: 710 | VH2: 710 | VI2: 79 | VJ2: 79 | VK2: 105 | VL2: 178 | VM2: 186 | VN2: 178 | VO2: 685

Sheet transformer
A1: name | B1: from_busname | C1: to_busname | D1: type | E1: stat | F1: r | G1: x | H1: b | I1: ShortTermRating | J1: ContinousRating
A2: AD_T2101 | B2: AD_I_Z_220 | C2: AD_I_Z_110 | D2: 1 | E2: 2 | F2: 0.001 | G2: 0.124 | H2: 0 | I2: =J2*1.25 -> 156.25 | J2: 125
A3: ARK_T2101 | B3: ARK_I_Z_220 | C3: ARK_I_Z_110 | D3: 1 | E3: 2 | F3: 0.007 | G3: 0.18 | H3: 0 | I3: =J3*1.25 -> 78.75 | J3: 63
A4: ARK_T2102 | B4: ARK_I_Z_220 | C4: ARK_I_Z_110 | D4: 1 | E4: 2 | F4: 0.0021 | G4: 0.1237 | H4: 0 | I4: =J4*1.25 -> 156.25 | J4: 125
A5: BLC_T2101 | B5: BLC_I_Z_220 | C5: BLC_I_Z_110 | D5: 1 | E5: 2 | F5: 0.001 | G5: 0.0646 | H5: 0 | I5: =J5*1.25 -> 312.5 | J5: 250
A6: BVK_T2101 | B6: BVK_I_Z_220 | C6: BVK_I_Z_110 | D6: 1 | E6: 2 | F6: 0.001 | G6: 0.064 | H6: 0 | I6: =J6*1.25 -> 312.5 | J6: 250
A7: BVK_T2102 | B7: BVK_I_Z_220 | C7: BVK_I_Z_110 | D7: 1 | E7: 2 | F7: 0.001 | G7: 0.064 | H7: 0 | I7: =J7*1.25 -> 312.5 | J7: 250
A8: BYH_T2101 | B8: BYH_I_Z_220 | C8: BYH_I_Z_110 | D8: 1 | E8: 2 | F8: 0.001 | G8: 0.064 | H8: 0 | I8: =J8*1.25 -> 312.5 | J8: 250
A9: BYH_T2102 | B9: BYH_I_Z_220 | C9: BYH_I_Z_110 | D9: 1 | E9: 2 | F9: 0.001 | G9: 0.064 | H9: 0 | I9: =J9*1.25 -> 312.5 | J9: 250
A10: CBT_T2101 | B10: CBT_I_Z_220 | C10: CBT_I_Z_110 | D10: 1 | E10: 2 | F10: 0.001 | G10: 0.0646 | H10: 0 | I10: =J10*1.25 -> 312.5 | J10: 250
A11: CBT_T2102 | B11: CBT_I_Z_220 | C11: CBT_I_Z_110 | D11: 1 | E11: 2 | F11: 0.001 | G11: 0.0646 | H11: 0 | I11: =J11*1.25 -> 312.5 | J11: 250
A12: CBT_T2103 | B12: CBT_I_Z_220 | C12: CBT_I_Z_110 | D12: 1 | E12: 2 | F12: 0.001 | G12: 0.0646 | H12: 0 | I12: =J12*1.25 -> 312.5 | J12: 250
A13: CBT_T2104 | B13: CBT_I_Z_220 | C13: CBT_I_Z_110 | D13: 1 | E13: 2 | F13: 0.001 | G13: 0.0646 | H13: 0 | I13: =J13*1.25 -> 312.5 | J13: 250
... A24: CSH_T2104 | B24: CSH_I_Z_220 | C24: CSH_I_Z_110 | D24: 1 | E24: 2 | F24: 0.0021 | G24: 0.1332 | H24: 0 | I24: =J24*1.25 -> 218.75 | J24: 175
A25: CNB_T4101 | B25: CNB_I_Z_380 | C25: CNB_I_Z_110 | D25: 1 | E25: 2 | F25: 0.00048 | G25: 0.072 | H25: 0 | I25: =J25*1.25 -> 625 | J25: 500
A26: CNB_T4102 | B26: CNB_I_Z_380 | C26: CNB_I_Z_110 | D26: 1 | E26: 2 | F26: 0.00048 | G26: 0.072 | H26: 0 | I26: =J26*1.25 -> 625 | J26: 500
A27: CUL_T2101 | B27: CUL_I_Z_220 | C27: CUL_I_Z_110 | D27: 1 | E27: 2 | F27: 0.0005 | G27: 0.064 | H27: 0 | I27: =J27*1.25 -> 312.5 | J27: 250
A28: DSN_T4201 | B28: DSN_I_Z_380 | C28: DSN_I_Z_220 | D28: 1 | E28: 2 | F28: 0.0002 | G28: 0.0317 | H28: 0 | I28: =J28*1.25 -> 625 | J28: 500
A29: DSN_T4202 | B29: DSN_I_Z_380 | C29: DSN_I_Z_220 | D29: 1 | E29: 2 | F29: 0.0003 | G29: 0.027 | H29: 0 | I29: =J29*1.25 -> 625 | J29: 500
A30: FIN_T2101 | B30: FIN_I_Z_220 | C30: FIN_I_Z_110 | D30: 1 | E30: 2 | F30: 0.0013 | G30: 0.0651 | H30: 0 | I30: =J30*1.25 -> 312.5 | J30: 250
A31: FIN_T2102 | B31: FIN_I_Z_220 | C31: FIN_I_Z_110 | D31: 1 | E31: 2 | F31: 0.0013 | G31: 0.0648 | H31: 0 | I31: =J31*1.25 -> 312.5 | J31: 250
A32: FIN_T2103 | B32: FIN_I_Z_220 | C32: FIN_I_Z_110 | D32: 1 | E32: 2 | F32: 0.001 | G32: 0.064 | H32: 0 | I32: =J32*1.25 -> 312.5 | J32: 250
A33: FIN_T2104 | B33: FIN_I_Z_220 | C33: FIN_I_Z_110 | D33: 1 | E33: 2 | F33: 0.001 | G33: 0.0638 | H33: 0 | I33: =J33*1.25 -> 312.5 | J33: 250
A34: FIN_T2105 | B34: FIN_I_Z_220 | C34: FIN_I_Z_110 | D34: 1 | E34: 2 | F34: 0.001 | G34: 0.064 | H34: 0 | I34: =J34*1.25 -> 312.5 | J34: 250
A35: FLA_T2101 | B35: FLA_I_Z_220 | C35: FLA_I_Z_110 | D35: 1 | E35: 2 | F35: 0.0027 | G35: 0.128 | H35: 0 | I35: =J35*1.25 -> 156.25 | J35: 125
A36: FLA_T2102 | B36: FLA_I_Z_220 | C36: FLA_I_Z_110 | D36: 1 | E36: 2 | F36: 0.0008 | G36: 0.1331 | H36: 0 | I36: =J36*1.25 -> 156.25 | J36: 125
A37: GI_T2101 | B37: GI_I_Z_220 | C37: GI_I_Z_110 | D37: 1 | E37: 2 | F37: 0.0026 | G37: 0.1331 | H37: 0 | I37: =J37*1.25 -> 156.25 | J37: 125
A38: GI_T2102 | B38: GI_I_Z_220 | C38: GI_I_Z_110 | D38: 1 | E38: 2 | F38: 0.0023 | G38: 0.1237 | H38: 0 | I38: =J38*1.25 -> 156.25 | J38: 125
... A86: WOO_WOODLAND | B86: WOO_I_Z_380 | C86: WOO_I_Z_260 | D86: 1 | E86: 2 | F86: 0 | G86: 0.024 | H86: 0 | I86: =J86*1.25 -> 727.5 | J86: 582
A87: AGH_1 | B87: AGH_N_Z_110 | C87: AGH_N_Z_33 | D87: 1 | E87: 2 | F87: 0.00351 | G87: 0.22176 | H87: 0 | I87: =J87*1.25 -> 112.5 | J87: 90
A88: AIR_1 | B88: AIR_N_Z_110 | C88: AIR_N_Z_33 | D88: 1 | E88: 2 | F88: 0.0073 | G88: 0.25 | H88: 0 | I88: =J88*1.25 -> 75 | J88: 60
A89: AIR_2 | B89: AIR_N_Z_110 | C89: AIR_N_Z_33 | D89: 1 | E89: 2 | F89: 0.0073 | G89: 0.25 | H89: 0 | I89: =J89*1.25 -> 75 | J89: 60
A90: ANT_1 | B90: ANT_N_Z_110 | C90: ANT_N_Z_33 | D90: 1 | E90: 2 | F90: 0.00351 | G90: 0.22176 | H90: 0 | I90: =J90*1.25 -> 112.5 | J90: 90
A91: ANT_2 | B91: ANT_N_Z_110 | C91: ANT_N_Z_33 | D91: 1 | E91: 2 | F91: 0.00351 | G91: 0.22257 | H91: 0 | I91: =J91*1.25 -> 112.5 | J91: 90
A92: MKL_1 | B92: MKL_N_Z_110 | C92: MKL_N_Z_33 | D92: 1 | E92: 2 | F92: 0.00351 | G92: 0.22518 | H92: 0 | I92: =J92*1.25 -> 112.5 | J92: 90
A93: MKL_2 | B93: MKL_N_Z_110 | C93: MKL_N_Z_33 | D93: 1 | E93: 2 | F93: 0.00351 | G93: 0.22518 | H93: 0 | I93: =J93*1.25 -> 112.5 | J93: 90
A94: BMA_1 | B94: BMA_N_Z_110 | C94: BMA_N_Z_33 | D94: 1 | E94: 2 | F94: 0.00351 | G94: 0.22023 | H94: 0 | I94: =J94*1.25 -> 112.5 | J94: 90
A95: BMA_2 | B95: BMA_N_Z_110 | C95: BMA_N_Z_33 | D95: 1 | E95: 2 | F95: 0.00351 | G95: 0.22167 | H95: 0 | I95: =J95*1.25 -> 112.5 | J95: 90
A96: BMA_3 | B96: BMA_N_Z_110 | C96: BMA_N_Z_33 | D96: 1 | E96: 2 | F96: 0.00585 | G96: 0.26037 | H96: 0 | I96: =J96*1.25 -> 112.5 | J96: 90
A97: BMA_4 | B97: BMA_N_Z_110 | C97: BMA_N_Z_33 | D97: 1 | E97: 2 | F97: 0.00585 | G97: 0.25803 | H97: 0 | I97: =J97*1.25 -> 112.5 | J97: 90
A98: BAN_1 | B98: BAN_N_Z_110 | C98: BAN_N_Z_33 | D98: 1 | E98: 2 | F98: 0.00513 | G98: 0.12399 | H98: 0 | I98: =J98*1.25 -> 37.5 | J98: 30
A99: BAN_2 | B99: BAN_N_Z_110 | C99: BAN_N_Z_33 | D99: 1 | E99: 2 | F99: 0.0057 | G99: 0.1242 | H99: 0 | I99: =J99*1.25 -> 37.5 | J99: 30
A100: BAN_3 | B100: BAN_N_Z_110 | C100: BAN_N_Z_33 | D100: 1 | E100: 2 | F100: 0.0057 | G100: 0.12501 | H100: 0 | I100: =J100*1.25 -> 37.5 | J100: 30
A101: BAN_4 | B101: BAN_N_Z_110 | C101: BAN_N_Z_33 | D101: 1 | E101: 2 | F101: 0.0057 | G101: 0.1245 | H101: 0 | I101: =J101*1.25 -> 37.5 | J101: 30
... A168: WAR_2 | B168: WAR_N_Z_110 | C168: WAR_N_Z_33 | D168: 1 | E168: 2 | F168: 0.00351 | G168: 0.22392 | H168: 0 | I168: =J168*1.25 -> 112.5 | J168: 90
A169: BPS_1 | B169: BPS_N_Z_275 | C169: BPS_N_Z_110 | D169: 1 | E169: 2 | F169: 0.0018 | G169: 0.0641 | H169: 0 | I169: =J169*1.25 -> 300 | J169: 240
A170: BPS_2 | B170: BPS_N_Z_275 | C170: BPS_N_Z_110 | D170: 1 | E170: 2 | F170: 0.0018 | G170: 0.0641 | H170: 0 | I170: =J170*1.25 -> 300 | J170: 240
A171: CAS_1 | B171: CAS_N_Z_275 | C171: CAS_N_Z_110 | D171: 1 | E171: 2 | F171: 0.0014 | G171: 0.0639 | H171: 0 | I171: =J171*1.25 -> 300 | J171: 240
A172: CAS_2 | B172: CAS_N_Z_275 | C172: CAS_N_Z_110 | D172: 1 | E172: 2 | F172: 0.0018 | G172: 0.0641 | H172: 0 | I172: =J172*1.25 -> 300 | J172: 240
A173: CAS_3 | B173: CAS_N_Z_275 | C173: CAS_N_Z_110 | D173: 1 | E173: 2 | F173: 0.0018 | G173: 0.0656 | H173: 0 | I173: =J173*1.25 -> 300 | J173: 240
A174: CPS_1 | B174: CPS_N_Z_275 | C174: CPS_N_Z_110 | D174: 1 | E174: 2 | F174: 0.001 | G174: 0.0699 | H174: 0 | I174: =J174*1.25 -> 300 | J174: 240
A175: CPS_2 | B175: CPS_N_Z_275 | C175: CPS_N_Z_110 | D175: 1 | E175: 2 | F175: 0.0014 | G175: 0.0639 | H175: 0 | I175: =J175*1.25 -> 300 | J175: 240
A176: HAN_1 | B176: HAN_N_Z_275 | C176: HAN_N_Z_110 | D176: 1 | E176: 2 | F176: 0.0018 | G176: 0.0591 | H176: 0 | I176: =J176*1.25 -> 300 | J176: 240
A177: HAN_2 | B177: HAN_N_Z_275 | C177: HAN_N_Z_110 | D177: 1 | E177: 2 | F177: 0.0018 | G177: 0.0591 | H177: 0 | I177: =J177*1.25 -> 300 | J177: 240
A178: HAN_3 | B178: HAN_N_Z_275 | C178: HAN_N_Z_110 | D178: 1 | E178: 2 | F178: 0.001 | G178: 0.07 | H178: 0 | I178: =J178*1.25 -> 300 | J178: 240
A179: KEL_1 | B179: KEL_N_Z_275 | C179: KEL_N_Z_110 | D179: 1 | E179: 2 | F179: 0.0018 | G179: 0.0609 | H179: 0 | I179: =J179*1.25 -> 300 | J179: 240
A180: KEL_2 | B180: KEL_N_Z_275 | C180: KEL_N_Z_110 | D180: 1 | E180: 2 | F180: 0.0018 | G180: 0.0607 | H180: 0 | I180: =J180*1.25 -> 300 | J180: 240
... A185: TMN_2 | B185: TMN_N_Z_275 | C185: TMN_N_Z_110 | D185: 1 | E185: 2 | F185: 0.0014 | G185: 0.0644 | H185: 0 | I185: =J185*1.25 -> 300 | J185: 240

Sheet ts_TLmax
A1: timestep | B1: {=TRANSPOSE(_xlfn._xlws.FILTER(transformer!A2:A181,transformer!$E$2:$E$181<>0))} -> AD_T2101 | C1: ARK_T2101 | D1: ARK_T2102 | E1: BLC_T2101 | F1: BVK_T2101 | G1: BVK_T2102 | H1: BYH_T2101 | I1: BYH_T2102 | J1: CBT_T2101 | K1: CBT_T2102 | L1: CBT_T2103 | M1: CBT_T2104 | N1: CDU_T2101 | O1: CDU_T2102 | P1: CKM_T2101 | Q1: CKM_T2102 | R1: CKM_T2103 | S1: CKM_T2104 | T1: CLA_T2102 | U1: CSH_T2101 | V1: CSH_T2102 | W1: CSH_T2104 | X1: CNB_T4101 | Y1: CNB_T4102 | Z1: CUL_T2101 | AA1: DSN_T4201 | AB1: DSN_T4202 | AC1: FIN_T2101 | AD1: FIN_T2102 | AE1: FIN_T2103 | AF1: FIN_T2104 | AG1: FIN_T2105 | AH1: FLA_T2101 | AI1: FLA_T2102 | AJ1: GI_T2101 | AK1: GI_T2102 | AL1: GOR_T2101 | AM1: INC_T2102 | AN1: INC_T2104 | AO1: INC_T2101 | AP1: INC_T2103 | AQ1: KLN_T2101 | AR1: KLN_T2102 | AS1: KLN_T2103 | AT1: KLN_T2104 | AU1: KLP_T2101 | AV1: KLP_T2102 | AW1: KLS_T2101 | AX1: KLS_T2102 | AY1: KNR_T2101 | AZ1: KNR_T2102 | BA1: BLC_BELCAMP | BB1: CLA_T2101 | BC1: KRA_T2101 | BD1: KRA_T2102 | BE1: LWD_T2101 | BF1: LOU_T2101 | BG1: LOU_T2103 | BH1: LOU_T2102 | BI1: LOU_T2104 | BJ1: LOU_AT1 | BK1: LOU_AT2 | BL1: LOU_AT3 | BM1: MAY_T2101 | BN1: MAY_T2102 | BO1: MAY_T2103 | BP1: MAY_T2104 | BQ1: MP_T4202_01 | BR1: MP_T2101 | BS1: MP_T4202_2 | BT1: OST_T4202 | BU1: PB_T2103 | BV1: PB_T2104 | BW1: RAF_T2101 | BX1: RAF_T2102 | BY1: SH_T2102 | BZ1: SH_T2101 | CA1: SRA_T2102 | CB1: TB_T2101 | CC1: TB_T2102 | CD1: WOO_T4201 | CE1: WOO_T4202 | CF1: WOO_T4204 | CG1: WOO_WOODLAND | CH1: AGH_1 | CI1: AIR_1 | CJ1: AIR_2 | CK1: ANT_1 | CL1: ANT_2 | CM1: MKL_1 | CN1: MKL_2 | CO1: BMA_1 | CP1: BMA_2 | CQ1: BMA_3 | CR1: BMA_4 | CS1: BAN_1 | CT1: BAN_2 | CU1: BAN_3 | CV1: BAN_4 | CW1: BNH_1 | CX1: BNH_2 | CY1: BNM_1 | CZ1: BNM_2 | DA1: BRO | DB1: CAR_1 | DC1: CAR_2 | DD1: CEN_1 | DE1: CEN_2 | DF1: COL (N)_1 | DG1: COL (N)_2 | DH1: CPS_1_110/33 | DI1: CPS_2_110/33 | DJ1: CRG_1 | DK1: CRG_2 | DL1: CRE_1 | DM1: CRE_2 | DN1: DON_1 | DO1: DON_2 | DP1: DON_3 | DQ1: DON_4 | DR1: DRU (N)_1 | DS1: DRU (N)_2 | DT1: CRR | DU1: DUN_1 | DV1: DUN_2 | DW1: EDE_1 | DX1: EDE_2 | DY1: ENN (N)_1 | DZ1: ENN (N)_2 | EA1: ENN (N)_3 | EB1: FIN (N)_1 | EC1: FIN (N)_2 | ED1: GLE (N) | EE1: GOR (N) | EF1: KMT | EG1: KNO_1 | EH1: KNO_2 | EI1: LAR_1 | EJ1: LAR_2 | EK1: LIM (N)_1 | EL1: LIM (N)_2 | EM1: LIS (N)_1 | EN1: LIS (N)_2 | EO1: LMR_1 | EP1: LMR_2 | EQ1: LOG_1 | ER1: LOG_2 | ES1: NAR_1 | ET1: NAR_2 | EU1: NEW (N)_1 | EV1: NEW (N)_2 | EW1: OMA_1 | EX1: OMA_2 | EY1: RSK | EZ1: RAT (N)_1 | FA1: RAT (N)_2 | FB1: ROS_1 | FC1: ROS_2 | FD1: SPR_1 | FE1: SPR_2 | FF1: STR (N)_1 | FG1: STR (N)_2 | FH1: TRE | FI1: TMN | FJ1: WAR_1 | FK1: WAR_2 | FL1: BPS_1 | FM1: BPS_2 | FN1: CAS_1 | FO1: CAS_2 | FP1: CAS_3 | FQ1: CPS_1 | FR1: CPS_2 | FS1: HAN_1 | FT1: HAN_2 | FU1: HAN_3 | FV1: KEL_1 | FW1: KEL_2 | FX1: TAN_1
A2: t-1 | B2: {=TRANSPOSE(_xlfn._xlws.FILTER(transformer!$J$2:$J$181,transformer!$E$2:$E$181<>0))} -> 125 | C2: 63 | D2: 125 | E2: 250 | F2: 250 | G2: 250 | H2: 250 | I2: 250 | J2: 250 | K2: 250 | L2: 250 | M2: 250 | N2: 250 | O2: 250 | P2: 250 | Q2: 250 | R2: 250 | S2: 250 | T2: 250 | U2: 238 | V2: 250 | W2: 175 | X2: 500 | Y2: 500 | Z2: 250 | AA2: 500 | AB2: 500 | AC2: 250 | AD2: 250 | AE2: 250 | AF2: 250 | AG2: 250 | AH2: 125 | AI2: 125 | AJ2: 125 | AK2: 125 | AL2: 250 | AM2: 250 | AN2: 250 | AO2: 250 | AP2: 250 | AQ2: 63 | AR2: 63 | AS2: 250 | AT2: 125 | AU2: 250 | AV2: 250 | AW2: 125 | AX2: 125 | AY2: 250 | AZ2: 250 | BA2: 250 | BB2: 250 | BC2: 250 | BD2: 250 | BE2: 250 | BF2: 125 | BG2: 125 | BH2: 125 | BI2: 250 | BJ2: 300 | BK2: 600 | BL2: 300 | BM2: 125 | BN2: 238 | BO2: 125 | BP2: 250 | BQ2: 500 | BR2: 250 | BS2: 500 | BT2: 500 | BU2: 250 | BV2: 250 | BW2: 238 | BX2: 250 | BY2: 125 | BZ2: 125 | CA2: 250 | CB2: 238 | CC2: 238 | CD2: 500 | CE2: 500 | CF2: 550 | CG2: 582 | CH2: 90 | CI2: 60 | CJ2: 60 | CK2: 90 | CL2: 90 | CM2: 90 | CN2: 90 | CO2: 90 | CP2: 90 | CQ2: 90 | CR2: 90 | CS2: 30 | CT2: 30 | CU2: 30 | CV2: 30 | CW2: 90 | CX2: 90 | CY2: 90 | CZ2: 90 | DA2: 100 | DB2: 90 | DC2: 90 | DD2: 90 | DE2: 90 | DF2: 60 | DG2: 60 | DH2: 90 | DI2: 90 | DJ2: 60 | DK2: 60 | DL2: 75 | DM2: 75 | DN2: 60 | DO2: 60 | DP2: 90 | DQ2: 60 | DR2: 90 | DS2: 90 | DT2: 90 | DU2: 90 | DV2: 90 | DW2: 45 | DX2: 45 | DY2: 45 | DZ2: 45 | EA2: 60 | EB2: 45 | EC2: 45 | ED2: 60 | EE2: 90 | EF2: 90 | EG2: 90 | EH2: 90 | EI2: 45 | EJ2: 45 | EK2: 45 | EL2: 45 | EM2: 90 | EN2: 90 | EO2: 45 | EP2: 45 | EQ2: 45 | ER2: 45 | ES2: 60 | ET2: 60 | EU2: 90 | EV2: 90 | EW2: 90 | EX2: 90 | EY2: 90 | EZ2: 90 | FA2: 90 | FB2: 90 | FC2: 90 | FD2: 90 | FE2: 90 | FF2: 45 | FG2: 45 | FH2: 90 | FI2: 60 | FJ2: 90 | FK2: 90 | FL2: 240 | FM2: 240 | FN2: 240 | FO2: 240 | FP2: 240 | FQ2: 240 | FR2: 240 | FS2: 240 | FT2: 240 | FU2: 240 | FV2: 240 | FW2: 240 | FX2: 240

Sheet generator
A1: busname | B1: name | C1: Market ID | D1: description | E1: export_policy | F1: lifo_group | G1: lifo_position | H1: prorata_groups | I1: MUON_group | J1: stat | K1: PGLB | L1: PGUB | M1: FuelType | N1: synchronous | O1: costc1 | P1: costc0 | Q1: bid | R1: offer
A2: WOO_I_Z_380 | B2: EWIC | C2: EWIC | D2: EWIC | E2: Pro-Rata | H2: ROI/1 | J2: 1 | K2: -504 | L2: 526 | M2: interconnector | N2: No | O2: 70 | P2: 0 | Q2: 10000 | R2: =O2 -> 70
A3: GLE_I_Z_110 | B3: DV1 | C3: GU_401240 | D3: Dromdeeveen Windfarm | E3: Pro-Rata | H3: ROI-W/2,ROI-SW/3a,ROI-SW/3b,ROI-SW/3c,ROI/1,ROI/1 | J3: 1 | K3: 0 | L3: 27 | M3: wind | N3: No | O3: 0 | P3: 0 | Q3: 9000 | R3: =O3 -> 0
A4: LWN_I_Z_220 | B4: GLK | C4: I_ROIGRLK | D4: Greenlink | E4: Pro-Rata | H4: ROI/1 | J4: 0 | K4: -500 | L4: 500 | M4: interconnector | N4: No | O4: 70 | P4: 0 | Q4: 10000 | R4: =O4 -> 70
A5: SLB_I_Z_110 | B5: SB1 | C5: GU_401900 | D5: Sliabh Bawn Windfarm | E5: Pro-Rata | H5: ROI-NW/4,ROI-W/1,ROI-W/2,ROI/1 | J5: 1 | K5: 0 | L5: 58 | M5: wind | N5: No | O5: 0 | P5: 0 | Q5: 9000 | R5: =O5 -> 0
A6: SLC_I_Z_110 | B6: KD1 | C6: GU_403940 | D6: Knockalassa Windfarm | E6: Pro-Rata | H6: ROI-W/1,ROI-W/2,ROI/1 | J6: 1 | K6: 0 | L6: 27 | M6: wind | N6: No | O6: 0 | P6: 0 | Q6: 9000 | R6: =O6 -> 0
A7: SLC_I_Z_110 | B7: RD1 | C7: GU_402270 | D7: Boolinrudda Windfarm | E7: Pro-Rata | H7: ROI-W/1,ROI-W/2,ROI/1 | J7: 1 | K7: 0 | L7: 45 | M7: wind | N7: No | O7: 0 | P7: 0 | Q7: 9000 | R7: =O7 -> 0
A8: SKY_I_Z_110 | B8: OY1 | C8: GU_403760 | D8: Oweninny Wind Farm | E8: Pro-Rata | H8: ROI-NW/4,ROI-W/1,ROI-W/2,ROI-W/6,ROI-W/7,ROI-W/8,ROI/1 | J8: 1 | K8: 0 | L8: 89 | M8: wind | N8: No | O8: 0 | P8: 0 | Q8: 9000 | R8: =O8 -> 0
A9: SKY_I_Z_110 | B9: OY2 | C9: GU_405130 | D9: Oweninny 2 Windfarm | E9: Pro-Rata | H9: ROI-NW/4,ROI-W/1,ROI-W/2,ROI-W/6,ROI-W/7,ROI-W/8,ROI/1 | J9: 1 | K9: 0 | L9: 83 | M9: wind | N9: No | O9: 0 | P9: 0 | Q9: 9000 | R9: =O9 -> 0
A10: TRI_I_Z_110 | B10: KW1 | C10: GU_404200 | D10: Knockawarriga 1 Windfarm | E10: Pro-Rata | H10: ROI-W/2,ROI/1 | J10: 1 | K10: 0 | L10: 22.5 | M10: wind | N10: No | O10: 0 | P10: 0 | Q10: 9000 | R10: =O10 -> 0
A11: TRI_I_Z_110 | B11: TN2 | C11: GU_400600 | D11: Tournafulla Generatot Unit | E11: Pro-Rata | H11: ROI-W/2,ROI/1 | J11: 1 | K11: 0 | L11: 17.2 | M11: wind | N11: No | O11: 0 | P11: 0 | Q11: 9000 | R11: =O11 -> 0
A12: AD_I_Z_220 | B12: AT1 | C12: GU_400181 | D12: AGHADA CT11 Generator Unit | E12: Individual | H12: ROI/1 | I12: S_REP_ROI,S_MWMAX_CRK_MW,S_MWMAX_STH_MW | J12: 1 | K12: 15 | L12: 90 | M12: multi_fuel | N12: Yes | O12: 109.44 | P12: 12033.5 | Q12: =_xlfn.XLOOKUP(C12,[1]DailyCommercialOfferData!$A$2:$A$164,[1]DailyCommercialOfferData!$C$2:$C$164,0) -> 108.19 | R12: =O12 -> 109.44
A13: AD_I_Z_220 | B13: AT2 | C13: GU_400182 | D13: AGHADA CT12 Generator Unit | E13: Individual | H13: ROI/1 | I13: S_REP_ROI,S_MWMAX_CRK_MW,S_MWMAX_STH_MW | J13: 1 | K13: 15 | L13: 90 | M13: multi_fuel | N13: Yes | O13: 109.45 | P13: 12033.5 | Q13: =_xlfn.XLOOKUP(C13,[1]DailyCommercialOfferData!$A$2:$A$164,[1]DailyCommercialOfferData!$C$2:$C$164,0) -> 108.18 | R13: =O13 -> 109.45
A14: AD_I_Z_220 | B14: AT4 | C14: GU_400183 | D14: AGHADA CT14 Generator Unit | E14: Individual | H14: ROI/1 | I14: S_REP_ROI,S_MWMAX_CRK_MW,S_MWMAX_STH_MW | J14: 1 | K14: 15 | L14: 90 | M14: multi_fuel | N14: Yes | O14: 109.46 | P14: 12033.5 | Q14: =_xlfn.XLOOKUP(C14,[1]DailyCommercialOfferData!$A$2:$A$164,[1]DailyCommercialOfferData!$C$2:$C$164,0) -> 108.17 | R14: =O14 -> 109.46
A15: AD_I_Z_220 | B15: AD2 | C15: GU_400850 | D15: Aghada 2 Generator Unit | E15: Individual | H15: ROI/1 | I15: S_NBMIN_ROImin,S_MWMAX_CRK_MW,S_MWMAX_STH_MW | J15: 1 | K15: 120 | L15: 449 | M15: multi_fuel | N15: Yes | O15: 40.97 | P15: 57991.36 | Q15: =_xlfn.XLOOKUP(C15,[1]DailyCommercialOfferData!$A$2:$A$164,[1]DailyCommercialOfferData!$C$2:$C$164,0) -> 40.96 | R15: =O15 -> 40.97
A16: AGH_N_Z_110 | B16: MYM | C16: GU_503860 | D16: Molly Mountain Wind Farm | E16: Pro-Rata | H16: NI/2,NI/3,NI/4 | J16: 1 | K16: 0 | L16: 15 | M16: wind | N16: No | O16: 0 | P16: 0 | Q16: 9000 | R16: =O16 -> 0
A17: AGH_N_Z_110 | B17: SL2 | C17: GU_503900 | D17: Slieve Rushen Windfarm | E17: Pro-Rata | H17: NI/2,NI/3,NI/4 | J17: 1 | K17: 0 | L17: 54 | M17: wind | N17: No | O17: 0 | P17: 0 | Q17: 9000 | R17: =O17 -> 0
A18: ANT_N_Z_110 | B18: CBY | C18: GU_501410 | D18: Corby Knowe Windfarm | E18: Pro-Rata | H18: NI/4 | J18: 1 | K18: 0 | L18: 5.4 | M18: wind | N18: No | O18: 0 | P18: 0 | Q18: 9000 | R18: =O18 -> 0
A19: AA_I_Z_110 | B19: AA1 | C19: GU_400200 | D19: Ardnacrusha 1 Generator Unit | E19: Individual | H19: ROI-W/1,ROI-W/2,ROI/1 | J19: 1 | K19: 11.9 | L19: 21 | M19: hydro | N19: Yes | O19: 80 | P19: 0 | Q19: 8000 | R19: =O19 -> 80
A20: AA_I_Z_110 | B20: AA2 | C20: GU_400201 | D20: Ardnacrusha 2 Generator Unit | E20: Individual | H20: ROI-W/1,ROI-W/2,ROI/1 | J20: 1 | K20: 11.9 | L20: 22 | M20: hydro | N20: Yes | O20: 80 | P20: 0 | Q20: 8000 | R20: =O20 -> 80
A21: AA_I_Z_110 | B21: AA3 | C21: GU_400202 | D21: Ardnacrusha 3 Generator Unit | E21: Individual | H21: ROI-W/1,ROI-W/2,ROI/1 | J21: 1 | K21: 11.9 | L21: 19 | M21: hydro | N21: Yes | O21: 0 | P21: 0 | Q21: 8000 | R21: =O21 -> 0
A22: AA_I_Z_110 | B22: AA4 | C22: GU_400203 | D22: Ardnacrusha 4 Generator Unit | E22: Individual | H22: ROI-W/1,ROI-W/2,ROI/1 | J22: 1 | K22: 11.9 | L22: 24 | M22: hydro | N22: Yes | O22: 80 | P22: 0 | Q22: 8000 | R22: =O22 -> 80
A23: ARK_I_Z_110 | B23: ABK | C23: GU_401020 | D23: ESB Arklow Bank | E23: Pro-Rata | H23: ROI/1 | J23: 1 | K23: 0 | L23: 25.6 | M23: wind | N23: No | O23: 0 | P23: 0 | Q23: 9000 | R23: =O23 -> 0
A24: ARK_I_Z_110 | B24: RL1 | C24: GU_401940 | D24: Raheenleagh | E24: Pro-Rata | H24: ROI/1 | J24: 1 | K24: 0 | L24: 35.2 | M24: wind | N24: No | O24: 0 | P24: 0 | Q24: 9000 | R24: =O24 -> 0
A25: ARK_I_Z_110 | B25: YR1 | C25: GU_404460 | D25: Ballycumber Windfarm | E25: Pro-Rata | H25: ROI/1 | J25: 1 | K25: 0 | L25: 18 | M25: wind | N25: No | O25: 0 | P25: 0 | Q25: 9000 | R25: =O25 -> 0
A26: ATE_I_Z_110 | B26: AH1 | C26: GU_401380 | D26: Athea Wind Farm | E26: Pro-Rata | H26: ROI-W/2,ROI-W/2,ROI/1 | J26: 1 | K26: 0 | L26: 34.35 | M26: wind | N26: No | O26: 0 | P26: 0 | Q26: 9000 | R26: =O26 -> 0
A27: ATE_I_Z_110 | B27: XT1 | C27: GU_404000 | D27: Beenanaspuck and Tobertoreen Windfarm | E27: Pro-Rata | H27: ROI-W/2,ROI-W/2,ROI/1 | J27: 1 | K27: 0 | L27: 24 | M27: wind | N27: No | O27: 0 | P27: 0 | Q27: 9000 | R27: =O27 -> 0
A28: AUG_I_Z_110 | B28: SK3 | C28: GU_400120 | D28: Sealrock 3 Generator Unit | E28: Individual | H28: ROI/1 | J28: 1 | K28: 40 | L28: 83 | M28: multi_fuel | N28: Yes | O28: 74.29 | P28: 12837 | Q28: 0 | R28: =O28 -> 74.29
A29: AUG_I_Z_110 | B29: SK4 | C29: GU_400121 | D29: Sealrock 4 Generator Unit | E29: Individual | H29: ROI/1 | J29: 1 | K29: 40 | L29: 83 | M29: multi_fuel | N29: Yes | O29: 74.29 | P29: 12837 | Q29: 0 | R29: =O29 -> 74.29
A30: BPS_N_Z_110 | B30: BGT1 | C30: GU_500283 | D30: Ballylumford GT1 | E30: Individual | H30: NI/4 | I30: S_MWMAX_NI_GT | J30: 1 | K30: 8 | L30: 58 | M30: distillate | N30: Yes | O30: 251.99 | P30: 20696.55 | Q30: =_xlfn.XLOOKUP(C30,[1]DailyCommercialOfferData!$A$2:$A$164,[1]DailyCommercialOfferData!$C$2:$C$164,0) -> 246.74 | R30: =O30 -> 251.99
A31: BPS_N_Z_110 | B31: BGT2 | C31: GU_500284 | D31: Ballylumford GT2 | E31: Individual | H31: NI/4 | I31: S_MWMAX_NI_GT | J31: 1 | K31: 8 | L31: 58 | M31: distillate | N31: Yes | O31: 251.99 | P31: 18208.86 | Q31: =_xlfn.XLOOKUP(C31,[1]DailyCommercialOfferData!$A$2:$A$164,[1]DailyCommercialOfferData!$C$2:$C$164,0) -> 246.74 | R31: =O31 -> 251.99
A32: BPS_N_Z_110 | B32: B10 | C32: GU_503740 | D32: Ballylumford Generator Unit B10 | E32: Individual | H32: NI/4 | I32: S_NBMIN_MINNIU | J32: 1 | K32: 63 | L32: 101 | M32: gas | N32: Yes | O32: 85.59 | P32: 12758.51 | Q32: =_xlfn.XLOOKUP(C32,[1]DailyCommercialOfferData!$A$2:$A$164,[1]DailyCommercialOfferData!$C$2:$C$164,0) -> 79.19 | R32: =O32 -> 85.59
A33: BPS_N_Z_275 | B33: B31 | C33: GU_503720 | D33: Ballylumford Generator Unit B31 | E33: Individual | H33: NI/4 | I33: S_NBMIN_MINNIU | J33: 1 | K33: 113 | L33: 247 | M33: multi_fuel | N33: Yes | O33: 81.77 | P33: 22451.27 | Q33: =_xlfn.XLOOKUP(C33,[1]DailyCommercialOfferData!$A$2:$A$164,[1]DailyCommercialOfferData!$C$2:$C$164,0) -> 75.91 | R33: =O33 -> 81.77
A34: BPS_N_Z_275 | B34: B32 | C34: GU_503730 | D34: Ballylumford Generator Unit B32 | E34: Individual | H34: NI/4 | I34: S_NBMIN_MINNIU | J34: 1 | K34: 113 | L34: 247 | M34: multi_fuel | N34: Yes | O34: 81.77 | P34: 22451.27 | Q34: =_xlfn.XLOOKUP(C34,[1]DailyCommercialOfferData!$A$2:$A$164,[1]DailyCommercialOfferData!$C$2:$C$164,0) -> 75.91 | R34: =O34 -> 81.77
A35: BYC_N_Z_275 | B35: M | C35: MOYLE | D35: Moyle | E35: Pro-Rata | H35: NI/4 | J35: 1 | K35: -441 | L35: 410 | M35: interconnector | N35: No | O35: 70 | P35: 0 | Q35: 10000 | R35: =O35 -> 70
A36: BWR_I_Z_110 | B36: BW1 | C36: GU_405890 | D36: Ballywater Windfarm | E36: Pro-Rata | H36: ROI/1 | J36: 1 | K36: 0 | L36: 42 | M36: wind | N36: No | O36: 0 | P36: 0 | Q36: 9000 | R36: =O36 -> 0
A37: BAL_I_Z_110 | B37: HS1 | C37: GU_405090 | D37: Hilltown Solar Farm | E37: Pro-Rata | H37: ROI/1 | J37: 1 | K37: 0 | L37: 10 | M37: solar | N37: No | O37: 0 | P37: 0 | Q37: 9000 | R37: =O37 -> 0
A38: BMA_N_Z_110 | B38: RHY | C38: GU_501680 | D38: Rathsherry Wind Farm | E38: Pro-Rata | H38: NI/4 | J38: 1 | K38: 0 | L38: 21.15 | M38: wind | N38: No | O38: 0 | P38: 0 | Q38: 9000 | R38: =O38 -> 0
A39: BMA_N_Z_110 | B39: EGH | C39: GU_501720 | D39: Elginny Hill Wind Farm | E39: Pro-Rata | H39: NI/4 | J39: 1 | K39: 0 | L39: 23 | M39: wind | N39: No | O39: 0 | P39: 0 | Q39: 9000 | R39: =O39 -> 0
A40: BAN_N_Z_110 | B40: BLD | C40: GU_504250 | D40: Ballydown Battery | E40: Individual | H40: NI/4 | J40: 0 | K40: 0 | L40: 12.224 | M40: multi_fuel | N40: Yes | O40: 500 | P40: 0 | Q40: =_xlfn.XLOOKUP(C40,[1]DailyCommercialOfferData!$A$2:$A$164,[1]DailyCommercialOfferData!$C$2:$C$164,0) -> 0 | R40: =O40 -> 500
A41: BAR_I_T_110 | B41: BF1 | C41: GU_401810 | D41: Barranafaddock Windfarm | E41: Pro-Rata | H41: ROI-W/2,ROI/1 | J41: 1 | K41: 0 | L41: 32.4 | M41: wind | N41: No | O41: 0 | P41: 0 | Q41: 9000 | R41: =O41 -> 0
A42: BK_I_Z_110 | B42: SS1 | C42: GU_406560 | D42: Sheskin Windfarm | E42: Pro-Rata | H42: ROI/1 | J42: 1 | K42: 0 | L42: 16.8 | M42: wind | N42: No | O42: 0 | P42: 0 | Q42: 9000 | R42: =O42 -> 0
A43: BIN_I_Z_110 | B43: CU1 | C43: GU_401190 | D43: Clady Generating Station | E43: Individual | H43: ROI-NW/1,ROI-NW/3,ROI-NW/4,ROI-W/2,ROI/1 | J43: 1 | K43: 0 | L43: 4.3 | M43: hydro | N43: Yes | O43: 0 | P43: 0 | Q43: 8000 | R43: =O43 -> 0
A44: BIN_I_Z_110 | B44: MC1 | C44: GU_405870 | D44: Airoshin Generator Unit | E44: Pro-Rata | H44: ROI-NW/1,ROI-NW/3,ROI-NW/4,ROI-W/2,ROI/1 | J44: 1 | K44: 0 | L44: 11.9 | M44: wind | N44: No | O44: 0 | P44: 0 | Q44: 9000 | R44: =O44 -> 0
A45: BIN_I_Z_110 | B45: YV2 | C45: GU_404630 | D45: Clogheravaddy WF 2 | E45: Pro-Rata | H45: ROI-NW/1,ROI-NW/3,ROI-NW/4,ROI-W/2,ROI/1 | J45: 1 | K45: 0 | L45: 10.8 | M45: wind | N45: No | O45: 0 | P45: 0 | Q45: 9000 | R45: =O45 -> 0
A46: BLU_I_Z_110 | B46: NA1 | C46: GU_406520 | D46: Blundelstown Solar Farm | E46: Pro-Rata | H46: ROI/1 | J46: 1 | K46: 0 | L46: 60 | M46: solar | N46: No | O46: 0 | P46: 0 | Q46: 9000 | R46: =O46 -> 0
A47: BGH_I_Z_110 | B47: BG1 | C47: GU_400910 | D47: Boggeragh Windfarm Generator Unit | E47: Pro-Rata | H47: ROI-W/2,ROI/1 | J47: 1 | K47: 0 | L47: 57 | M47: wind | N47: No | O47: 0 | P47: 0 | Q47: 9000 | R47: =O47 -> 0
A48: BGH_I_Z_110 | B48: BG2 | C48: GU_401840 | D48: Boggeragh 2 Windfarm | E48: Pro-Rata | H48: ROI-W/2,ROI/1 | J48: 1 | K48: 0 | L48: 65.7 | M48: wind | N48: No | O48: 0 | P48: 0 | Q48: 9000 | R48: =O48 -> 0
A49: BGH_I_Z_110 | B49: ES1 | C49: GU_404340 | D49: Esk Windfarm | E49: Pro-Rata | H49: ROI-W/2,ROI/1 | J49: 1 | K49: 0 | L49: 23.2 | M49: wind | N49: No | O49: 0 | P49: 0 | Q49: 9000 | R49: =O49 -> 0
A50: BGH_I_Z_110 | B50: CD1 | C50: GU_401070 | D50: Carraigcannon Windfarm | E50: Pro-Rata | H50: ROI-W/2,ROI/1 | J50: 1 | K50: 0 | L50: 20 | M50: wind | N50: No | O50: 0 | P50: 0 | Q50: 9000 | R50: =O50 -> 0
A51: BGN_I_Z_110 | B51: QA1 | C51: GU_407330 | D51: Moanvane Windfarm | E51: Pro-Rata | H51: ROI/1 | J51: 1 | K51: 0 | L51: 56.4 | M51: wind | N51: No | O51: 0 | P51: 0 | Q51: 9000 | R51: =O51 -> 0
A52: BOL_I_Z_110 | B52: BT1 | C52: GU_401720 | D52: Booltiagh Windfarm | E52: Pro-Rata | H52: ROI-W/1,ROI-W/2,ROI/1 | J52: 1 | K52: 0 | L52: 20 | M52: wind | N52: No | O52: 0 | P52: 0 | Q52: 9000 | R52: =O52 -> 0
... A61: CAR_N_Z_110 | B61: CNH | C61: GU_501210 | D61: Carn Hill Wind Farm | E61: Pro-Rata | H61: NI/4 | J61: 1 | K61: 0 | L61: 13.8 | M61: wind | N61: No | O61: 0 | P61: 0 | Q61: 9000 | R61: =O61 -> 0
A62: CD_I_Z_110 | B62: LE3 | C62: GU_400290 | D62: Carrigadrohid Generator Unit | E62: Individual | H62: ROI/1 | J62: 1 | K62: 3 | L62: 8 | M62: hydro | N62: Yes | O62: 80 | P62: 0 | Q62: 8000 | R62: =O62 -> 80
A63: CDN_I_Z_110 | B63: XA1 | C63: GU_404330 | D63: Carrigdangan Windfarm | E63: Pro-Rata | H63: ROI-W/2,ROI/1 | J63: 1 | K63: 0 | L63: 54.3 | M63: wind | N63: No | O63: 0 | P63: 0 | Q63: 9000 | R63: =O63 -> 0
A64: CBR_I_Z_110 | B64: MX1 | C64: GU_403740 | D64: Raheen Barr Wind Farm | E64: Pro-Rata | H64: ROI-NW/4,ROI-W/1,ROI-W/2,ROI-W/6,ROI/1 | J64: 1 | K64: 0 | L64: 18.7 | M64: wind | N64: No | O64: 0 | P64: 0 | Q64: 9000 | R64: =O64 -> 0
A65: CF_I_Z_110 | B65: AS1 | C65: GU_401820 | D65: Acres Windfarm | E65: Pro-Rata | H65: ROI-NW/3,ROI-NW/4,ROI-W/2,ROI/1 | J65: 1 | K65: 0 | L65: 17.5 | M65: wind | N65: No | O65: 0 | P65: 0 | Q65: 9000 | R65: =O65 -> 0
A66: CF_I_Z_110 | B66: ER3 | C66: GU_400220 | D66: Erne 3 Generator Unit | E66: Individual | H66: ROI-NW/3,ROI-NW/4,ROI-W/2,ROI/1 | J66: 1 | K66: 5 | L66: 22.5 | M66: hydro | N66: Yes | O66: 80 | P66: 0 | Q66: 8000 | R66: =O66 -> 80
A67: CF_I_Z_110 | B67: ER4 | C67: GU_400221 | D67: Erne 4 Generator Unit | E67: Individual | H67: ROI-NW/3,ROI-NW/4,ROI-W/2,ROI/1 | J67: 1 | K67: 5 | L67: 22.5 | M67: hydro | N67: Yes | O67: 80 | P67: 0 | Q67: 8000 | R67: =O67 -> 80
A68: CTN_I_Z_110 | B68: CP1 | C68: GU_402150 | D68: Cappawhite | E68: Pro-Rata | H68: ROI-W/1,ROI-W/2,ROI-W/4,ROI/1 | J68: 1 | K68: 0 | L68: 52 | M68: wind | N68: No | O68: 0 | P68: 0 | Q68: 9000 | R68: =O68 -> 0
A69: CTN_I_Z_110 | B69: CP3 | C69: GU_402340 | D69: Cappawhite B Windfarm | E69: Pro-Rata | H69: ROI-W/1,ROI-W/2,ROI-W/4,ROI/1 | J69: 1 | K69: 0 | L69: 14.132 | M69: wind | N69: No | O69: 0 | P69: 0 | Q69: 9000 | R69: =O69 -> 0
A70: CTN_I_Z_110 | B70: GM1 | C70: GU_401740 | D70: Garracummer Wind Farm Ltd | E70: Pro-Rata | H70: ROI-W/1,ROI-W/2,ROI-W/4,ROI/1 | J70: 1 | K70: 0 | L70: 38 | M70: wind | N70: No | O70: 0 | P70: 0 | Q70: 9000 | R70: =O70 -> 0
A71: CTN_I_Z_110 | B71: GU1 | C71: GU_401250 | D71: Glenough Windfarm | E71: Pro-Rata | H71: ROI-W/1,ROI-W/2,ROI-W/4,ROI/1 | J71: 1 | K71: 0 | L71: 32.5 | M71: wind | N71: No | O71: 0 | P71: 0 | Q71: 9000 | R71: =O71 -> 0
A72: CTN_I_Z_110 | B72: GY1 | C72: GU_404470 | D72: Glencarbry Windfarm | E72: Pro-Rata | H72: ROI-W/1,ROI-W/2,ROI-W/4,ROI/1 | J72: 1 | K72: 0 | L72: 33 | M72: wind | N72: No | O72: 0 | P72: 0 | Q72: 9000 | R72: =O72 -> 0
A73: CHA_I_Z_110 | B73: KQ1 | C73: GU_403930 | D73: Knocknatallig Windfarm | E73: Pro-Rata | H73: ROI-W/2,ROI-SW/3c,ROI/1 | J73: 1 | K73: 0 | L73: 18.3 | M73: wind | N73: No | O73: 0 | P73: 0 | Q73: 9000 | R73: =O73 -> 0
A74: CHA_I_Z_110 | B74: PO1 | C74: GU_402190 | D74: Castlepook Windfarm | E74: Pro-Rata | H74: ROI-W/2,ROI-SW/3c,ROI/1 | J74: 1 | K74: 0 | L74: 33.1 | M74: wind | N74: No | O74: 0 | P74: 0 | Q74: 9000 | R74: =O74 -> 0
A75: CLH_I_Z_110 | B75: CJ1 | C75: GU_400660 | D75: Pallas Generator Unit | E75: Pro-Rata | H75: ROI-W/2,ROI/1 | J75: 1 | K75: 0 | L75: 37.85 | M75: wind | N75: No | O75: 0 | P75: 0 | Q75: 9000 | R75: =O75 -> 0
A76: CLH_I_Z_110 | B76: CJ2 | C76: GU_401980 | D76: Clahane 2 Windfarm | E76: Pro-Rata | H76: ROI-W/2,ROI/1 | J76: 1 | K76: 0 | L76: 14 | M76: wind | N76: No | O76: 0 | P76: 0 | Q76: 9000 | R76: =O76 -> 0
A77: CL_I_Z_110 | B77: ER1 | C77: GU_400210 | D77: Erne 1 Generator Unit | E77: Individual | H77: ROI/1 | J77: 1 | K77: 4 | L77: 10 | M77: hydro | N77: Yes | O77: 80 | P77: 0 | Q77: 8000 | R77: =O77 -> 80
A78: CL_I_Z_110 | B78: ER2 | C78: GU_400211 | D78: Erne 2 Generator Unit | E78: Individual | H78: ROI/1 | J78: 1 | K78: 4 | L78: 10 | M78: hydro | N78: Yes | O78: 80 | P78: 0 | Q78: 8000 | R78: =O78 -> 80
A79: CBL_I_Z_110 | B79: CL1 | C79: GU_404570 | D79: Cloghboola Wind Farm | E79: Pro-Rata | H79: ROI-W/2 | J79: 1 | K79: 0 | L79: 46 | M79: wind | N79: No | O79: 0 | P79: 0 | Q79: 9000 | R79: =O79 -> 0
A80: CBL_I_Z_110 | B80: DA1 | C80: GU_404490 | D80: Glanaruddery 1 Windfarm | E80: Pro-Rata | H80: ROI-W/2 | J80: 1 | K80: 0 | L80: 20 | M80: wind | N80: No | O80: 0 | P80: 0 | Q80: 9000 | R80: =O80 -> 0
A81: CBL_I_Z_110 | B81: DA2 | C81: GU_404500 | D81: Glanaruddery 2 Windfarm | E81: Pro-Rata | H81: ROI-W/2 | J81: 1 | K81: 0 | L81: 12 | M81: wind | N81: No | O81: 0 | P81: 0 | Q81: 9000 | R81: =O81 -> 0
A82: CBL_I_Z_110 | B82: KI1 | C82: GU_402280 | D82: Cloghanaleskirt Windfarm | E82: Pro-Rata | H82: ROI-W/2 | J82: 1 | K82: 0 | L82: 11.5 | M82: wind | N82: No | O82: 0 | P82: 0 | Q82: 9000 | R82: =O82 -> 0
A83: CLO_I_Z_110 | B83: OA1 | C83: GU_404930 | D83: Croaghonagh Windfarm | E83: Pro-Rata | H83: ROI/1 | J83: 1 | K83: 0 | L83: 90 | M83: wind | N83: No | O83: 0 | P83: 0 | Q83: 9000 | R83: =O83 -> 0
A84: CPS_N_Z_110 | B84: GAR | C84: GU_500720 | D84: Garves Wind Farm | E84: Pro-Rata | H84: NI/1,NI/4 | J84: 1 | K84: 0 | L84: 15 | M84: wind | N84: No | O84: 0 | P84: 0 | Q84: 9000 | R84: =O84 -> 0
A85: CPS_N_Z_110 | B85: GRU | C85: GU_504240 | D85: Gruig Wind Farm | E85: Pro-Rata | H85: NI/1,NI/4 | J85: 1 | K85: 0 | L85: 25 | M85: wind | N85: No | O85: 0 | P85: 0 | Q85: 9000 | R85: =O85 -> 0
A86: CPS_N_Z_110 | B86: DMR | C86: GU_501250 | D86: Dunmore Wind Farm | E86: Pro-Rata | H86: NI/1,NI/4 | J86: 1 | K86: 0 | L86: 21 | M86: wind | N86: No | O86: 0 | P86: 0 | Q86: 9000 | R86: =O86 -> 0
A87: CPS_N_Z_110 | B87: DBG | C87: GU_503920 | D87: Dunbeg Wind Farm | E87: Pro-Rata | H87: NI/1,NI/4 | J87: 1 | K87: 0 | L87: 42 | M87: wind | N87: No | O87: 0 | P87: 0 | Q87: 9000 | R87: =O87 -> 0
A88: CPS_N_Z_110 | B88: LPS | C88: GU_501350 | D88: Lisahally Biomass Generator | E88: Individual | H88: NI/1,NI/4 | J88: 1 | K88: 12.74 | L88: 17.6 | M88: biomass | N88: Yes | O88: 21.76 | P88: 47815.76 | Q88: 8000 | R88: =O88 -> 21.76
A89: CPS_N_Z_110 | B89: MBY | C89: GU_501360 | D89: Monnaboy Wind Farm | E89: Pro-Rata | H89: NI/1,NI/4 | J89: 1 | K89: 0 | L89: 12 | M89: wind | N89: No | O89: 0 | P89: 0 | Q89: 9000 | R89: =O89 -> 0
A90: CPS_N_Z_110 | B90: CGT8 | C90: GU_500040 | D90: Coolkeeragh | E90: Individual | H90: NI/1,NI/4 | I90: S_MWMAX_NI_GT | J90: 1 | K90: 211 | L90: 425 | M90: multi_fuel | N90: Yes | O90: 51.61 | P90: 96443.23 | Q90: =_xlfn.XLOOKUP(C90,[1]DailyCommercialOfferData!$A$2:$A$164,[1]DailyCommercialOfferData!$C$2:$C$164,0) -> 51.59 | R90: =O90 -> 51.61
A91: CPS_N_Z_110 | B91: C30 | C91: GU_500041 | D91: Coolkeeragh | E91: Individual | H91: NI/1,NI/4 | I91: S_NBMIN_MINNIU,S_NBMIN_MINNI3,S_NBMIN_CPS | J91: 1 | K91: 8 | L91: 53 | M91: distillate | N91: Yes | O91: 206.04 | P91: 17041.17 | Q91: =_xlfn.XLOOKUP(C91,[1]DailyCommercialOfferData!$A$2:$A$164,[1]DailyCommercialOfferData!$C$2:$C$164,0) -> 206.04 | R91: =O91 -> 206.04
A92: CGL_I_Z_110 | B92: CG1 | C92: GU_404210 | D92: Coomagearlahy Generator Unit | E92: Pro-Rata | H92: ROI-W/2,ROI/1 | J92: 1 | K92: 0 | L92: 42.5 | M92: wind | N92: No | O92: 0 | P92: 0 | Q92: 9000 | R92: =O92 -> 0
A93: CGL_I_Z_110 | B93: CG2 | C93: GU_400730 | D93: SWS Green Energy Gen Unit (Sillahertane) | E93: Pro-Rata | H93: ROI-W/2,ROI/1 | J93: 1 | K93: 0 | L93: 8.5 | M93: wind | N93: No | O93: 0 | P93: 0 | Q93: 9000 | R93: =O93 -> 0
A94: CGL_I_Z_110 | B94: CG3 | C94: GU_400731 | D94: SWS Kilgarvan Ext Inchincoosh | E94: Pro-Rata | H94: ROI-W/2,ROI/1 | J94: 1 | K94: 0 | L94: 30 | M94: wind | N94: No | O94: 0 | P94: 0 | Q94: 9000 | R94: =O94 -> 0
A95: CTG_I_Z_110 | B95: YT1 | C95: GU_403810 | D95: Cleanrath | E95: Pro-Rata | H95: ROI-W/2,ROI/1 | J95: 1 | K95: 0 | L95: 42.64 | M95: wind | N95: No | O95: 0 | P95: 0 | Q95: 9000 | R95: =O95 -> 0
A96: CTG_I_Z_110 | B96: GD1 | C96: GU_403790 | D96: Grousemount Windfarm | E96: Pro-Rata | H96: ROI-W/2,ROI/1 | J96: 1 | K96: 0 | L96: 114.2 | M96: wind | N96: No | O96: 0 | P96: 0 | Q96: 9000 | R96: =O96 -> 0
A97: CDL_I_Z_110 | B97: DL1 | C97: GU_402110 | D97: Cordal 1 Windfarm | E97: Pro-Rata | H97: ROI-W/2,ROI/1 | J97: 1 | K97: 0 | L97: 36 | M97: wind | N97: No | O97: 0 | P97: 0 | Q97: 9000 | R97: =O97 -> 0
A98: CDL_I_Z_110 | B98: DL2 | C98: GU_402130 | D98: Cordal 2 Windfarm | E98: Pro-Rata | H98: ROI-W/2,ROI/1 | J98: 1 | K98: 0 | L98: 54 | M98: wind | N98: No | O98: 0 | P98: 0 | Q98: 9000 | R98: =O98 -> 0
A99: CDL_I_Z_110 | B99: OG1 | C99: GU_403920 | D99: Coollegrean Windfarm | E99: Pro-Rata | H99: ROI-W/2,ROI/1 | J99: 1 | K99: 0 | L99: 17.5 | M99: wind | N99: No | O99: 0 | P99: 0 | Q99: 9000 | R99: =O99 -> 0
A100: CDL_I_Z_110 | B100: ST1 | C100: GU_402250 | D100: Scartaglen 1 Windfarm | E100: Pro-Rata | H100: ROI-W/2,ROI/1 | J100: 1 | K100: 0 | L100: 34.5 | M100: wind | N100: No | O100: 0 | P100: 0 | Q100: 9000 | R100: =O100 -> 0
A101: CDL_I_Z_110 | B101: ST2 | C101: GU_402260 | D101: Scartaglen 2 Windfarm | E101: Pro-Rata | H101: ROI-W/2,ROI/1 | J101: 1 | K101: 0 | L101: 4.8 | M101: wind | N101: No | O101: 0 | P101: 0 | Q101: 9000 | R101: =O101 -> 0
A102: CDY_I_Z_110 | B102: TM2 | C102: GU_402160 | D102: Tullynamoyle Windfarm 2 | E102: Pro-Rata | H102: ROI-NW/3,ROI-NW/4,ROI-W/1,ROI-W/2,ROI/1 | J102: 1 | K102: 0 | L102: 10.3 | M102: wind | N102: No | O102: 0 | P102: 0 | Q102: 9000 | R102: =O102 -> 0
A103: CDY_I_Z_110 | B103: TM3 | C103: GU_402200 | D103: Tullynamoyle 3 Windfarm | E103: Pro-Rata | H103: ROI-NW/3,ROI-NW/4,ROI-W/1,ROI-W/2,ROI/1 | J103: 1 | K103: 0 | L103: 13.58 | M103: wind | N103: No | O103: 0 | P103: 0 | Q103: 9000 | R103: =O103 -> 0
A104: CDU_I_Z_110 | B104: FG2 | C104: GU_403680 | D104: Corduff_OCGT | E104: Individual | H104: ROI/1 | I104: S_REP_ROI | J104: 1 | K104: 22.5 | L104: 63.5 | M104: multi_fuel | N104: Yes | O104: 112.87 | P104: 5161.24 | Q104: =_xlfn.XLOOKUP(C104,[1]DailyCommercialOfferData!$A$2:$A$164,[1]DailyCommercialOfferData!$C$2:$C$164,0) -> 111.57 | R104: =O104 -> 112.87
A105: CUN_I_Z_110 | B105: KG2 | C105: GU_400021 | D105: Dunneil Windfarm (Kingsmountain Phase 2) | E105: Pro-Rata | H105: ROI-NW/3,ROI-NW/4,ROI-W/1,ROI-W/2,ROI-W/6,ROI-W/8,ROI/1 | J105: 1 | K105: 0 | L105: 11.05 | M105: wind | N105: No | O105: 0 | P105: 0 | Q105: 9000 | R105: =O105 -> 0
A106: CUN_I_Z_110 | B106: KGM | C106: GU_400020 | D106: Kingsmountain Generator Unit | E106: Pro-Rata | H106: ROI-NW/3,ROI-NW/4,ROI-W/1,ROI-W/2,ROI-W/6,ROI-W/8,ROI/1 | J106: 1 | K106: 0 | L106: 25 | M106: wind | N106: No | O106: 0 | P106: 0 | Q106: 9000 | R106: =O106 -> 0
A107: CUS_I_Z_110 | B107: ED1 | C107: GU_401860 | D107: Edenderry Power Supply | E107: Individual | H107: ROI/1 | J107: 1 | K107: 41.15 | L107: 118 | M107: peat | N107: Yes | O107: 18.53 | P107: 30753.26 | Q107: 7000 | R107: =O107 -> 18.53
A108: CUS_I_Z_110 | B108: ED3 | C108: GU_401010 | D108: Cushaling Power | E108: Individual | H108: ROI/1 | I108: S_REP_ROI | J108: 1 | K108: 20 | L108: 58 | M108: distillate | N108: Yes | O108: 506.96 | P108: 925.19 | Q108: =_xlfn.XLOOKUP(C108,[1]DailyCommercialOfferData!$A$2:$A$164,[1]DailyCommercialOfferData!$C$2:$C$164,0) -> 506.96 | R108: =O108 -> 506.96
...

Sheet ts_PGMINGEN
A1: timestep | B1: {=TRANSPOSE(_xlfn._xlws.FILTER(generator!$B$2:$B$295,generator!$J$2:$J$295<>0))} -> EWIC | C1: DV1 | D1: SB1 | E1: KD1 | F1: RD1 | G1: OY1 | H1: OY2 | I1: KW1 | J1: TN2 | K1: AT1 | L1: AT2 | M1: AT4 | N1: AD2 | O1: MYM | P1: SL2 | Q1: CBY | R1: AA1 | S1: AA2 | T1: AA3 | U1: AA4 | V1: ABK | W1: RL1 | X1: YR1 | Y1: AH1 | Z1: XT1 | AA1: SK3 | AB1: SK4 | AC1: BGT1 | AD1: BGT2 | AE1: B10 | AF1: B31 | AG1: B32 | AH1: M | AI1: BW1 | AJ1: HS1 | AK1: RHY | AL1: EGH | AM1: BF1 | AN1: SS1 | AO1: CU1 | AP1: MC1 | AQ1: YV2 | AR1: NA1 | AS1: BG1 | AT1: BG2 | AU1: ES1 | AV1: CD1 | AW1: QA1 | AX1: BT1 | AY1: BT2 | AZ1: LY1 | BA1: SF1 | BB1: SF2 | BC1: BJ1 | BD1: BKY | BE1: YM1 | BF1: GE1 | BG1: CNH | BH1: LE3 | BI1: XA1 | BJ1: MX1 | BK1: AS1 | BL1: ER3 | BM1: ER4 | BN1: CP1 | BO1: CP3 | BP1: GM1 | BQ1: GU1 | BR1: GY1 | BS1: KQ1 | BT1: PO1 | BU1: CJ1 | BV1: CJ2 | BW1: ER1 | BX1: ER2 | BY1: CL1 | BZ1: DA1 | CA1: DA2 | CB1: KI1 | CC1: OA1 | CD1: GAR | CE1: GRU | CF1: DMR | CG1: DBG | CH1: LPS | CI1: MBY | CJ1: CGT8 | CK1: C30 | CL1: CG1 | CM1: CG2 | CN1: CG3 | CO1: YT1 | CP1: GD1 | CQ1: DL1 | CR1: DL2 | CS1: OG1 | CT1: ST1 | CU1: ST2 | CV1: TM2 | CW1: TM3 | CX1: FG2 | CY1: KG2 | CZ1: KGM | DA1: ED1 | DB1: ED3 | DC1: ED5 | DD1: MM1 | DE1: QB1 | DF1: DY1 | DG1: NC1 | DH1: RP1 | DI1: RP2 | DJ1: DR1 | DK1: CNV | DL1: CCG | DM1: IW1 | DN1: GR1 | DO1: HT1 | DP1: CRO | DQ1: BA1 | DR1: BA2 | DS1: BA3 | DT1: KV1 | DU1: CAL | DV1: ORA | DW1: DG1 | DX1: IA1 | DY1: IA2 | DZ1: NB1 | EA1: CZ1 | EB1: CGR | EC1: EVG | ED1: DS1 | EE1: GH1 | EF1: GH2 | EG1: WG1 | EH1: GLC | EI1: MR1 | EJ1: TR1 | EK1: GJ1 | EL1: XL1 | EM1: XR1 | EN1: GO1 | EO1: SD1 | EP1: SD2 | EQ1: AKN | ER1: STS | ES1: TGS | ET1: MUR | EU1: GI4 | EV1: HN2 | EW1: HNC | EX1: MH1 | EY1: IL1 | EZ1: IL2 | FA1: IL3 | FB1: IL4 | FC1: IL5 | FD1: IL6 | FE1: LE1 | FF1: LE2 | FG1: DB1 | FH1: IS3 | FI1: OE1 | FJ1: KH1 | FK1: EGL | FL1: CKT | FM1: KZ1 | FN1: KZ3 | FO1: LM1 | FP1: KGT1 | FQ1: KGT2 | FR1: KGT3 | FS1: KGT4 | FT1: KGT6 | FU1: KGT7 | FV1: KC1 | FW1: KU1 | FX1: YW1 | FY1: INW1_1 | FZ1: UF1 | GA1: BKL | GB1: LL1 | GC1: CAR | GD1: CUH | GE1: BM1 | GF1: SN1 | GG1: ALT | GH1: AL2 | GI1: NICG2 | GJ1: LRP | GK1: BDP | GL1: MRP | GM1: BU1 | GN1: LS1 | GO1: LS2 | GP1: LS3 | GQ1: LA1 | GR1: BY1 | GS1: BY2 | GT1: CK1 | GU1: GT1 | GV1: CNY | GW1: CUR | GX1: LO1 | GY1: BN1 | GZ1: JG1 | HA1: CRI | HB1: CHU | HC1: TNG | HD1: SRN | HE1: TMA | HF1: GA2 | HG1: RR2 | HH1: VB1 | HI1: MCT | HJ1: MP1 | HK1: MP2 | HL1: MP9 | HM1: MP3 | HN1: MO1 | HO1: MB1 | HP1: MB2 | HQ1: DZ1 | HR1: NW8 | HS1: TB5 | HT1: LEN | HU1: LEN1 | HV1: HUN | HW1: TAP | HX1: SCR | HY1: LI1 | HZ1: LI2 | IA1: LI3 | IB1: LI4 | IC1: LI5 | ID1: PB7 | IE1: DW1 | IF1: LMT | IG1: AVN | IH1: BNP | II1: GW1 | IJ1: RC1 | IK1: RT1 | IL1: BD1 | IM1: ML1 | IN1: KM1 | IO1: MU1 | IP1: RO1 | IQ1: LG1 | IR1: AL1 | IS1: SQ1 | IT1: PBA | IU1: PBB | IV1: SK1 | IW1: DN1 | IX1: CMN | IY1: KF1 | IZ1: TP1 | JA1: TP3 | JB1: AC1 | JC1: BS1 | JD1: YC2 | JE1: TE1 | JF1: BCW | JG1: TUR | JH1: GFB | JI1: CNR | JJ1: INT | JK1: CDN | JL1: CKD | JM1: KW2 | JN1: TL1 | JO1: MMR | JP1: TK1 | JQ1: TH1 | JR1: TH2 | JS1: TH3 | JT1: TH4 | JU1: TYC | JV1: SO1 | JW1: UG1 | JX1: BX1 | JY1: BX2 | JZ1: CNS | KA1: RF1 | KB1: WS1
A2: t-1 | B2: 0 | C2: 0 | D2: 0 | E2: 0 | F2: 0 | G2: 0 | H2: 0 | I2: 0 | J2: 0 | K2: 0 | L2: 0 | M2: 0 | N2: 0 | O2: 0 | P2: 0 | Q2: 0 | R2: 0 | S2: 0 | T2: 0 | U2: 0 | V2: 0 | W2: 0 | X2: 0 | Y2: 0 | Z2: 0 | AA2: 0 | AB2: 0 | AC2: 0 | AD2: 0 | AE2: 0 | AF2: 0 | AG2: 0 | AH2: 0 | AI2: 0 | AJ2: 0 | AK2: 0 | AL2: 0 | AM2: 0 | AN2: 0 | AO2: 0 | AP2: 0 | AQ2: 0 | AR2: 0 | AS2: 0 | AT2: 0 | AU2: 0 | AV2: 0 | AW2: 0 | AX2: 0 | AY2: 0 | AZ2: 0 | BA2: 0 | BB2: 0 | BC2: 0 | BD2: 0 | BE2: 0 | BF2: 0 | BG2: 0 | BH2: 0 | BI2: 0 | BJ2: 0 | BK2: 0 | BL2: 0 | BM2: 0 | BN2: 0 | BO2: 0 | BP2: 0 | BQ2: 0 | BR2: 0 | BS2: 0 | BT2: 0 | BU2: 0 | BV2: 0 | BW2: 0 | BX2: 0 | BY2: 0 | BZ2: 0 | CA2: 0 | CB2: 0 | CC2: 0 | CD2: 0 | CE2: 0 | CF2: 0 | CG2: 0 | CH2: 0 | CI2: 0 | CJ2: 0 | CK2: 0 | CL2: 0 | CM2: 0 | CN2: 0 | CO2: 0 | CP2: 0 | CQ2: 0 | CR2: 0 | CS2: 0 | CT2: 0 | CU2: 0 | CV2: 0 | CW2: 0 | CX2: 0 | CY2: 0 | CZ2: 0 | DA2: 0 | DB2: 0 | DC2: 0 | DD2: 0 | DE2: 0 | DF2: 0 | DG2: 0 | DH2: 0 | DI2: 0 | DJ2: 0 | DK2: 0 | DL2: 0 | DM2: 0 | DN2: 0 | DO2: 0 | DP2: 0 | DQ2: 0 | DR2: 0 | DS2: 0 | DT2: 0 | DU2: 0 | DV2: 0 | DW2: 0 | DX2: 0 | DY2: 0 | DZ2: 0 | EA2: 0 | EB2: 0 | EC2: 0 | ED2: 0 | EE2: 0 | EF2: 0 | EG2: 0 | EH2: 0 | EI2: 0 | EJ2: 0 | EK2: 0 | EL2: 0 | EM2: 0 | EN2: 0 | EO2: 0 | EP2: 0 | EQ2: 0 | ER2: 0 | ES2: 0 | ET2: 0 | EU2: 0 | EV2: 0 | EW2: 0 | EX2: 0 | EY2: 0 | EZ2: 0 | FA2: 0 | FB2: 0 | FC2: 0 | FD2: 0 | FE2: 0 | FF2: 0 | FG2: 0 | FH2: 0 | FI2: 0 | FJ2: 0 | FK2: 0 | FL2: 0 | FM2: 0 | FN2: 0 | FO2: 0 | FP2: 0 | FQ2: 0 | FR2: 0 | FS2: 0 | FT2: 0 | FU2: 0 | FV2: 0 | FW2: 0 | FX2: 0 | FY2: 0 | FZ2: 0 | GA2: 0 | GB2: 0 | GC2: 0 | GD2: 0 | GE2: 0 | GF2: 0 | GG2: 0 | GH2: 0 | GI2: 0 | GJ2: 0 | GK2: 0 | GL2: 0 | GM2: 0 | GN2: 0 | GO2: 0 | GP2: 0 | GQ2: 0 | GR2: 0 | GS2: 0 | GT2: 0 | GU2: 0 | GV2: 0 | GW2: 0 | GX2: 0 | GY2: 0 | GZ2: 0 | HA2: 0 | HB2: 0 | HC2: 0 | HD2: 0 | HE2: 0 | HF2: 0 | HG2: 0 | HH2: 0 | HI2: 0 | HJ2: 0 | HK2: 0 | HL2: 0 | HM2: 0 | HN2: 0 | HO2: 0 | HP2: 0 | HQ2: 0 | HR2: 0 | HS2: 0 | HT2: 0 | HU2: 0 | HV2: 0 | HW2: 0 | HX2: 0 | HY2: 0 | HZ2: 0 | IA2: 0 | IB2: 0 | IC2: 0 | ID2: 0 | IE2: 0 | IF2: 0 | IG2: 0 | IH2: 0 | II2: 0 | IJ2: 0 | IK2: 0 | IL2: 0 | IM2: 0 | IN2: 0 | IO2: 0 | IP2: 0 | IQ2: 0 | IR2: 0 | IS2: 0 | IT2: 0 | IU2: 0 | IV2: 0 | IW2: 0 | IX2: 0 | IY2: 0 | IZ2: 0 | JA2: 0 | JB2: 0 | JC2: 0 | JD2: 0 | JE2: 0 | JF2: 0 | JG2: 0 | JH2: 0 | JI2: 0 | JJ2: 0 | JK2: 0 | JL2: 0 | JM2: 0 | JN2: 0 | JO2: 0 | JP2: 0 | JQ2: 0 | JR2: 0 | JS2: 0 | JT2: 0 | JU2: 0 | JV2: 0 | JW2: 0 | JX2: 0 | JY2: 0 | JZ2: 0 | KA2: 0 | KB2: 0 | KC2: 0 | KD2: 0 | KE2: 0 | KF2: 0

Sheet ts_PGLB
A1: timestep | B1: {=TRANSPOSE(_xlfn._xlws.FILTER(generator!$B$2:$B$295,generator!$J$2:$J$295<>0))} -> EWIC | C1: DV1 | D1: SB1 | E1: KD1 | F1: RD1 | G1: OY1 | H1: OY2 | I1: KW1 | J1: TN2 | K1: AT1 | L1: AT2 | M1: AT4 | N1: AD2 | O1: MYM | P1: SL2 | Q1: CBY | R1: AA1 | S1: AA2 | T1: AA3 | U1: AA4 | V1: ABK | W1: RL1 | X1: YR1 | Y1: AH1 | Z1: XT1 | AA1: SK3 | AB1: SK4 | AC1: BGT1 | AD1: BGT2 | AE1: B10 | AF1: B31 | AG1: B32 | AH1: M | AI1: BW1 | AJ1: HS1 | AK1: RHY | AL1: EGH | AM1: BF1 | AN1: SS1 | AO1: CU1 | AP1: MC1 | AQ1: YV2 | AR1: NA1 | AS1: BG1 | AT1: BG2 | AU1: ES1 | AV1: CD1 | AW1: QA1 | AX1: BT1 | AY1: BT2 | AZ1: LY1 | BA1: SF1 | BB1: SF2 | BC1: BJ1 | BD1: BKY | BE1: YM1 | BF1: GE1 | BG1: CNH | BH1: LE3 | BI1: XA1 | BJ1: MX1 | BK1: AS1 | BL1: ER3 | BM1: ER4 | BN1: CP1 | BO1: CP3 | BP1: GM1 | BQ1: GU1 | BR1: GY1 | BS1: KQ1 | BT1: PO1 | BU1: CJ1 | BV1: CJ2 | BW1: ER1 | BX1: ER2 | BY1: CL1 | BZ1: DA1 | CA1: DA2 | CB1: KI1 | CC1: OA1 | CD1: GAR | CE1: GRU | CF1: DMR | CG1: DBG | CH1: LPS | CI1: MBY | CJ1: CGT8 | CK1: C30 | CL1: CG1 | CM1: CG2 | CN1: CG3 | CO1: YT1 | CP1: GD1 | CQ1: DL1 | CR1: DL2 | CS1: OG1 | CT1: ST1 | CU1: ST2 | CV1: TM2 | CW1: TM3 | CX1: FG2 | CY1: KG2 | CZ1: KGM | DA1: ED1 | DB1: ED3 | DC1: ED5 | DD1: MM1 | DE1: QB1 | DF1: DY1 | DG1: NC1 | DH1: RP1 | DI1: RP2 | DJ1: DR1 | DK1: CNV | DL1: CCG | DM1: IW1 | DN1: GR1 | DO1: HT1 | DP1: CRO | DQ1: BA1 | DR1: BA2 | DS1: BA3 | DT1: KV1 | DU1: CAL | DV1: ORA | DW1: DG1 | DX1: IA1 | DY1: IA2 | DZ1: NB1 | EA1: CZ1 | EB1: CGR | EC1: EVG | ED1: DS1 | EE1: GH1 | EF1: GH2 | EG1: WG1 | EH1: GLC | EI1: MR1 | EJ1: TR1 | EK1: GJ1 | EL1: XL1 | EM1: XR1 | EN1: GO1 | EO1: SD1 | EP1: SD2 | EQ1: AKN | ER1: STS | ES1: TGS | ET1: MUR | EU1: GI4 | EV1: HN2 | EW1: HNC | EX1: MH1 | EY1: IL1 | EZ1: IL2 | FA1: IL3 | FB1: IL4 | FC1: IL5 | FD1: IL6 | FE1: LE1 | FF1: LE2 | FG1: DB1 | FH1: IS3 | FI1: OE1 | FJ1: KH1 | FK1: EGL | FL1: CKT | FM1: KZ1 | FN1: KZ3 | FO1: LM1 | FP1: KGT1 | FQ1: KGT2 | FR1: KGT3 | FS1: KGT4 | FT1: KGT6 | FU1: KGT7 | FV1: KC1 | FW1: KU1 | FX1: YW1 | FY1: INW1_1 | FZ1: UF1 | GA1: BKL | GB1: LL1 | GC1: CAR | GD1: CUH | GE1: BM1 | GF1: SN1 | GG1: ALT | GH1: AL2 | GI1: NICG2 | GJ1: LRP | GK1: BDP | GL1: MRP | GM1: BU1 | GN1: LS1 | GO1: LS2 | GP1: LS3 | GQ1: LA1 | GR1: BY1 | GS1: BY2 | GT1: CK1 | GU1: GT1 | GV1: CNY | GW1: CUR | GX1: LO1 | GY1: BN1 | GZ1: JG1 | HA1: CRI | HB1: CHU | HC1: TNG | HD1: SRN | HE1: TMA | HF1: GA2 | HG1: RR2 | HH1: VB1 | HI1: MCT | HJ1: MP1 | HK1: MP2 | HL1: MP9 | HM1: MP3 | HN1: MO1 | HO1: MB1 | HP1: MB2 | HQ1: DZ1 | HR1: NW8 | HS1: TB5 | HT1: LEN | HU1: LEN1 | HV1: HUN | HW1: TAP | HX1: SCR | HY1: LI1 | HZ1: LI2 | IA1: LI3 | IB1: LI4 | IC1: LI5 | ID1: PB7 | IE1: DW1 | IF1: LMT | IG1: AVN | IH1: BNP | II1: GW1 | IJ1: RC1 | IK1: RT1 | IL1: BD1 | IM1: ML1 | IN1: KM1 | IO1: MU1 | IP1: RO1 | IQ1: LG1 | IR1: AL1 | IS1: SQ1 | IT1: PBA | IU1: PBB | IV1: SK1 | IW1: DN1 | IX1: CMN | IY1: KF1 | IZ1: TP1 | JA1: TP3 | JB1: AC1 | JC1: BS1 | JD1: YC2 | JE1: TE1 | JF1: BCW | JG1: TUR | JH1: GFB | JI1: CNR | JJ1: INT | JK1: CDN | JL1: CKD | JM1: KW2 | JN1: TL1 | JO1: MMR | JP1: TK1 | JQ1: TH1 | JR1: TH2 | JS1: TH3 | JT1: TH4 | JU1: TYC | JV1: SO1 | JW1: UG1 | JX1: BX1 | JY1: BX2 | JZ1: CNS | KA1: RF1 | KB1: WS1
A2: t-1 | B2: {=TRANSPOSE(_xlfn._xlws.FILTER(generator!$K$2:$K$295,generator!$J$2:$J$295<>0))} -> -504 | C2: 0 | D2: 0 | E2: 0 | F2: 0 | G2: 0 | H2: 0 | I2: 0 | J2: 0 | K2: 15 | L2: 15 | M2: 15 | N2: 120 | O2: 0 | P2: 0 | Q2: 0 | R2: 11.9 | S2: 11.9 | T2: 11.9 | U2: 11.9 | V2: 0 | W2: 0 | X2: 0 | Y2: 0 | Z2: 0 | AA2: 40 | AB2: 40 | AC2: 8 | AD2: 8 | AE2: 63 | AF2: 113 | AG2: 113 | AH2: -441 | AI2: 0 | AJ2: 0 | AK2: 0 | AL2: 0 | AM2: 0 | AN2: 0 | AO2: 0 | AP2: 0 | AQ2: 0 | AR2: 0 | AS2: 0 | AT2: 0 | AU2: 0 | AV2: 0 | AW2: 0 | AX2: 0 | AY2: 0 | AZ2: 0 | BA2: 0 | BB2: 0 | BC2: 0 | BD2: 0 | BE2: 0 | BF2: 0 | BG2: 0 | BH2: 3 | BI2: 0 | BJ2: 0 | BK2: 0 | BL2: 5 | BM2: 5 | BN2: 0 | BO2: 0 | BP2: 0 | BQ2: 0 | BR2: 0 | BS2: 0 | BT2: 0 | BU2: 0 | BV2: 0 | BW2: 4 | BX2: 4 | BY2: 0 | BZ2: 0 | CA2: 0 | CB2: 0 | CC2: 0 | CD2: 0 | CE2: 0 | CF2: 0 | CG2: 0 | CH2: 12.74 | CI2: 0 | CJ2: 211 | CK2: 8 | CL2: 0 | CM2: 0 | CN2: 0 | CO2: 0 | CP2: 0 | CQ2: 0 | CR2: 0 | CS2: 0 | CT2: 0 | CU2: 0 | CV2: 0 | CW2: 0 | CX2: 22.5 | CY2: 0 | CZ2: 0 | DA2: 41.15 | DB2: 20 | DC2: 20 | DD2: 0 | DE2: 0 | DF2: 0 | DG2: 0 | DH2: 5 | DI2: 5 | DJ2: 0 | DK2: 0 | DL2: 0 | DM2: 1 | DN2: 0 | DO2: 0 | DP2: 0 | DQ2: 0 | DR2: 0 | DS2: 0 | DT2: 0 | DU2: 0 | DV2: 0 | DW2: 18 | DX2: 0 | DY2: 0 | DZ2: 0 | EA2: 0 | EB2: 0 | EC2: 0 | ED2: 0 | EE2: 0 | EF2: 0 | EG2: 160 | EH2: 0 | EI2: 0 | EJ2: 0 | EK2: 0 | EL2: 0 | EM2: 0 | EN2: 0 | EO2: 0 | EP2: 0 | EQ2: 0 | ER2: 0 | ES2: 0 | ET2: 0 | EU2: 165 | EV2: 121 | EW2: 120 | EX2: 0 | EY2: 4.6 | EZ2: 4.6 | FA2: 4.6 | FB2: 4.6 | FC2: 4.6 | FD2: 4.6 | FE2: 3 | FF2: 1 | FG2: 110 | FH2: 22.7 | FI2: 0 | FJ2: 0 | FK2: 0 | FL2: 0 | FM2: 0 | FN2: 0.2 | FO2: 0 | FP2: 5 | FQ2: 5 | FR2: 12.82 | FS2: 12.82 | FT2: 147 | FU2: 147 | FV2: 0 | FW2: 0 | FX2: 0 | FY2: 0 | FZ2: 0 | GA2: 0 | GB2: 0 | GC2: 0 | GD2: 0 | GE2: 0 | GF2: 0 | GG2: 0 | GH2: 0 | GI2: 0 | GJ2: 0 | GK2: 0 | GL2: 0 | GM2: 0 | GN2: 0 | GO2: 0 | GP2: 0 | GQ2: 0 | GR2: 0 | GS2: 0 | GT2: 0 | GU2: 0 | GV2: 0 | GW2: 0 | GX2: 0 | GY2: 0 | GZ2: 0 | HA2: 0 | HB2: 0 | HC2: 0 | HD2: 0 | HE2: 0 | HF2: 0 | HG2: 0 | HH2: 0 | HI2: 0 | HJ2: 99 | HK2: 99 | HL2: 0 | HM2: 99 | HN2: 0 | HO2: 0 | HP2: 0 | HQ2: 0 | HR2: 17 | HS2: 25 | HT2: 0 | HU2: 0 | HV2: 0 | HW2: 0 | HX2: 0 | HY2: 3 | HZ2: 3 | IA2: 0 | IB2: 3.99 | IC2: 0.2 | ID2: 22.7 | IE2: 21.5 | IF2: 0 | IG2: 0 | IH2: 0 | II2: 0 | IJ2: 0 | IK2: 0 | IL2: 0 | IM2: 0 | IN2: 0 | IO2: 0 | IP2: 0 | IQ2: 0 | IR2: 0 | IS2: 16 | IT2: 120 | IU2: 120 | IV2: 0 | IW2: 0 | IX2: 1 | IY2: 0 | IZ2: 5 | JA2: 5 | JB2: 0 | JC2: 0 | JD2: 0 | JE2: 0 | JF2: 0 | JG2: 0 | JH2: 0 | JI2: 0 | JJ2: 0 | JK2: 0 | JL2: 0 | JM2: 0 | JN2: 0 | JO2: 0 | JP2: 0 | JQ2: 5 | JR2: 5 | JS2: 5 | JT2: 5 | JU2: 194 | JV2: 0 | JW2: 0 | JX2: 0 | JY2: 0 | JZ2: 0 | KA2: 0 | KB2: 0

Sheet ts_PGUB
A1: timestep | B1: {=TRANSPOSE(_xlfn._xlws.FILTER(generator!$B$2:$B$295,generator!$J$2:$J$295<>0))} -> EWIC | C1: DV1 | D1: SB1 | E1: KD1 | F1: RD1 | G1: OY1 | H1: OY2 | I1: KW1 | J1: TN2 | K1: AT1 | L1: AT2 | M1: AT4 | N1: AD2 | O1: MYM | P1: SL2 | Q1: CBY | R1: AA1 | S1: AA2 | T1: AA3 | U1: AA4 | V1: ABK | W1: RL1 | X1: YR1 | Y1: AH1 | Z1: XT1 | AA1: SK3 | AB1: SK4 | AC1: BGT1 | AD1: BGT2 | AE1: B10 | AF1: B31 | AG1: B32 | AH1: M | AI1: BW1 | AJ1: HS1 | AK1: RHY | AL1: EGH | AM1: BF1 | AN1: SS1 | AO1: CU1 | AP1: MC1 | AQ1: YV2 | AR1: NA1 | AS1: BG1 | AT1: BG2 | AU1: ES1 | AV1: CD1 | AW1: QA1 | AX1: BT1 | AY1: BT2 | AZ1: LY1 | BA1: SF1 | BB1: SF2 | BC1: BJ1 | BD1: BKY | BE1: YM1 | BF1: GE1 | BG1: CNH | BH1: LE3 | BI1: XA1 | BJ1: MX1 | BK1: AS1 | BL1: ER3 | BM1: ER4 | BN1: CP1 | BO1: CP3 | BP1: GM1 | BQ1: GU1 | BR1: GY1 | BS1: KQ1 | BT1: PO1 | BU1: CJ1 | BV1: CJ2 | BW1: ER1 | BX1: ER2 | BY1: CL1 | BZ1: DA1 | CA1: DA2 | CB1: KI1 | CC1: OA1 | CD1: GAR | CE1: GRU | CF1: DMR | CG1: DBG | CH1: LPS | CI1: MBY | CJ1: CGT8 | CK1: C30 | CL1: CG1 | CM1: CG2 | CN1: CG3 | CO1: YT1 | CP1: GD1 | CQ1: DL1 | CR1: DL2 | CS1: OG1 | CT1: ST1 | CU1: ST2 | CV1: TM2 | CW1: TM3 | CX1: FG2 | CY1: KG2 | CZ1: KGM | DA1: ED1 | DB1: ED3 | DC1: ED5 | DD1: MM1 | DE1: QB1 | DF1: DY1 | DG1: NC1 | DH1: RP1 | DI1: RP2 | DJ1: DR1 | DK1: CNV | DL1: CCG | DM1: IW1 | DN1: GR1 | DO1: HT1 | DP1: CRO | DQ1: BA1 | DR1: BA2 | DS1: BA3 | DT1: KV1 | DU1: CAL | DV1: ORA | DW1: DG1 | DX1: IA1 | DY1: IA2 | DZ1: NB1 | EA1: CZ1 | EB1: CGR | EC1: EVG | ED1: DS1 | EE1: GH1 | EF1: GH2 | EG1: WG1 | EH1: GLC | EI1: MR1 | EJ1: TR1 | EK1: GJ1 | EL1: XL1 | EM1: XR1 | EN1: GO1 | EO1: SD1 | EP1: SD2 | EQ1: AKN | ER1: STS | ES1: TGS | ET1: MUR | EU1: GI4 | EV1: HN2 | EW1: HNC | EX1: MH1 | EY1: IL1 | EZ1: IL2 | FA1: IL3 | FB1: IL4 | FC1: IL5 | FD1: IL6 | FE1: LE1 | FF1: LE2 | FG1: DB1 | FH1: IS3 | FI1: OE1 | FJ1: KH1 | FK1: EGL | FL1: CKT | FM1: KZ1 | FN1: KZ3 | FO1: LM1 | FP1: KGT1 | FQ1: KGT2 | FR1: KGT3 | FS1: KGT4 | FT1: KGT6 | FU1: KGT7 | FV1: KC1 | FW1: KU1 | FX1: YW1 | FY1: INW1_1 | FZ1: UF1 | GA1: BKL | GB1: LL1 | GC1: CAR | GD1: CUH | GE1: BM1 | GF1: SN1 | GG1: ALT | GH1: AL2 | GI1: NICG2 | GJ1: LRP | GK1: BDP | GL1: MRP | GM1: BU1 | GN1: LS1 | GO1: LS2 | GP1: LS3 | GQ1: LA1 | GR1: BY1 | GS1: BY2 | GT1: CK1 | GU1: GT1 | GV1: CNY | GW1: CUR | GX1: LO1 | GY1: BN1 | GZ1: JG1 | HA1: CRI | HB1: CHU | HC1: TNG | HD1: SRN | HE1: TMA | HF1: GA2 | HG1: RR2 | HH1: VB1 | HI1: MCT | HJ1: MP1 | HK1: MP2 | HL1: MP9 | HM1: MP3 | HN1: MO1 | HO1: MB1 | HP1: MB2 | HQ1: DZ1 | HR1: NW8 | HS1: TB5 | HT1: LEN | HU1: LEN1 | HV1: HUN | HW1: TAP | HX1: SCR | HY1: LI1 | HZ1: LI2 | IA1: LI3 | IB1: LI4 | IC1: LI5 | ID1: PB7 | IE1: DW1 | IF1: LMT | IG1: AVN | IH1: BNP | II1: GW1 | IJ1: RC1 | IK1: RT1 | IL1: BD1 | IM1: ML1 | IN1: KM1 | IO1: MU1 | IP1: RO1 | IQ1: LG1 | IR1: AL1 | IS1: SQ1 | IT1: PBA | IU1: PBB | IV1: SK1 | IW1: DN1 | IX1: CMN | IY1: KF1 | IZ1: TP1 | JA1: TP3 | JB1: AC1 | JC1: BS1 | JD1: YC2 | JE1: TE1 | JF1: BCW | JG1: TUR | JH1: GFB | JI1: CNR | JJ1: INT | JK1: CDN | JL1: CKD | JM1: KW2 | JN1: TL1 | JO1: MMR | JP1: TK1 | JQ1: TH1 | JR1: TH2 | JS1: TH3 | JT1: TH4 | JU1: TYC | JV1: SO1 | JW1: UG1 | JX1: BX1 | JY1: BX2 | JZ1: CNS | KA1: RF1 | KB1: WS1
A2: t-1 | B2: {=TRANSPOSE(_xlfn._xlws.FILTER(generator!$L$2:$L$295,generator!$J$2:$J$295<>0))} -> 526 | C2: 27 | D2: 58 | E2: 27 | F2: 45 | G2: 89 | H2: 83 | I2: 22.5 | J2: 17.2 | K2: 90 | L2: 90 | M2: 90 | N2: 449 | O2: 15 | P2: 54 | Q2: 5.4 | R2: 21 | S2: 22 | T2: 19 | U2: 24 | V2: 25.6 | W2: 35.2 | X2: 18 | Y2: 34.35 | Z2: 24 | AA2: 83 | AB2: 83 | AC2: 58 | AD2: 58 | AE2: 101 | AF2: 247 | AG2: 247 | AH2: 410 | AI2: 42 | AJ2: 10 | AK2: 21.15 | AL2: 23 | AM2: 32.4 | AN2: 16.8 | AO2: 4.3 | AP2: 11.9 | AQ2: 10.8 | AR2: 60 | AS2: 57 | AT2: 65.7 | AU2: 23.2 | AV2: 20 | AW2: 56.4 | AX2: 20 | AY2: 12 | AZ2: 13.4 | BA2: 24 | BB2: 8.55 | BC2: 36.98 | BD2: 47.5 | BE2: 21 | BF2: 20 | BG2: 13.8 | BH2: 8 | BI2: 54.3 | BJ2: 18.7 | BK2: 17.5 | BL2: 22.5 | BM2: 22.5 | BN2: 52 | BO2: 14.132 | BP2: 38 | BQ2: 32.5 | BR2: 33 | BS2: 18.3 | BT2: 33.1 | BU2: 37.85 | BV2: 14 | BW2: 10 | BX2: 10 | BY2: 46 | BZ2: 20 | CA2: 12 | CB2: 11.5 | CC2: 90 | CD2: 15 | CE2: 25 | CF2: 21 | CG2: 42 | CH2: 17.6 | CI2: 12 | CJ2: 425 | CK2: 53 | CL2: 42.5 | CM2: 8.5 | CN2: 30 | CO2: 42.64 | CP2: 114.2 | CQ2: 36 | CR2: 54 | CS2: 17.5 | CT2: 34.5 | CU2: 4.8 | CV2: 10.3 | CW2: 13.58 | CX2: 63.5 | CY2: 11.05 | CZ2: 25 | DA2: 118 | DB2: 58 | DC2: 58 | DD2: 40.8 | DE2: 85 | DF2: 59.5 | DG2: 34 | DH2: 52 | DI2: 52 | DJ2: 28.5 | DK2: 38.4 | DL2: 25 | DM2: 17 | DN2: 16.1 | DO2: 14 | DP2: 17.5 | DQ2: 27.95 | DR2: 13.05 | DS2: 4.45 | DT2: 24.8 | DU2: 16.9 | DV2: 15 | DW2: 50 | DX2: 119 | DY2: 31.6 | DZ2: 95 | EA2: 59.225 | EB2: 23.5 | EC2: 46.8 | ED2: 32 | EE2: 26 | EF2: 22 | EG2: 444 | EH2: 29.8 | EI2: 13.8 | EJ2: 25.3 | EK2: 28 | EL2: 12.5 | EM2: 34.15 | EN2: 12 | EO2: 30 | EP2: 18.8 | EQ2: 14.1 | ER2: 16.1 | ES2: 12.5 | ET2: 21.6 | EU2: 464 | EV2: 400 | EW2: 342 | EX2: 35.95 | EY2: 18.54 | EZ2: 18.54 | FA2: 18.54 | FB2: 18.54 | FC2: 18.54 | FD2: 18.54 | FE2: 15 | FF2: 4 | FG2: 415 | FH2: 63.5 | FI2: 75 | FJ2: 36 | FK2: 15 | FL2: 20.7 | FM2: 37.05 | FN2: 2 | FO2: 18 | FP2: 29.2 | FQ2: 29.2 | FR2: 41.61 | FS2: 41.61 | FT2: 350 | FU2: 350 | FV2: 100 | FW2: 33.6 | FX2: 101 | FY2: 2.34 | FZ2: 91.2 | GA2: 16.1 | GB2: 30.1 | GC2: 15 | GD2: 11.88 | GE2: 14 | GF2: 38.9 | GG2: 26 | GH2: 11.7 | GI2: 3.021 | GJ2: 25.2 | GK2: 16.92 | GL2: 20.43 | GM2: 40 | GN2: 36 | GO2: 23 | GP2: 28.8 | GQ2: 48.8 | GR2: 15 | GS2: 9.2 | GT2: 41.4 | GU2: 14.8 | GV2: 9.2 | GW2: 15 | GX2: 87 | GY2: 24 | GZ2: 4 | HA2: 32.2 | HB2: 18.4 | HC2: 20 | HD2: 14.1 | HE2: 34.5 | HF2: 10.5 | HG2: 11.5 | HH2: 23.1 | HI2: 84.96 | HJ2: 285 | HK2: 285 | HL2: 17.25 | HM2: 285 | HN2: 80 | HO2: 89.85 | HP2: 5.4 | HQ2: 12 | HR2: 200 | HS2: 160 | HT2: 7.26 | HU2: 5.94 | HV2: 20 | HW2: 28.5 | HX2: 20 | HY2: 15 | HZ2: 15 | IA2: 0.18 | IB2: 4 | IC2: 4 | ID2: 63.5 | IE2: 61.5 | IF2: 27.6 | IG2: 18 | IH2: 29.81 | II2: 15 | IJ2: 12.5 | IK2: 95 | IL2: 48 | IM2: 30.62 | IN2: 44.35 | IO2: 14.8 | IP2: 95 | IQ2: 40.9 | IR2: 20.5 | IS2: 260 | IT2: 240 | IU2: 236 | IV2: 73.6 | IW2: 105 | IX2: 20 | IY2: 19.2 | IZ2: 52 | JA2: 52 | JB2: 11.5 | JC2: 13.8 | JD2: 17.25 | JE2: 70 | JF2: 13.3 | JG2: 15.18 | JH2: 15 | JI2: 13.8 | JJ2: 13.8 | JK2: 15 | JL2: 12.5 | JM2: 6.6 | JN2: 50 | JO2: 12.6 | JP2: 13.8 | JQ2: 73 | JR2: 73 | JS2: 73 | JT2: 73 | JU2: 404 | JV2: 105 | JW2: 64 | JX2: 6 | JY2: 9 | JZ2: 11.9 | KA2: 27 | KB2: 20

Sheet ts_bid
A1: timestep | B1: {=TRANSPOSE(_xlfn._xlws.FILTER(generator!$B$2:$B$295,generator!$J$2:$J$295<>0))} -> EWIC | C1: DV1 | D1: SB1 | E1: KD1 | F1: RD1 | G1: OY1 | H1: OY2 | I1: KW1 | J1: TN2 | K1: AT1 | L1: AT2 | M1: AT4 | N1: AD2 | O1: MYM | P1: SL2 | Q1: CBY | R1: AA1 | S1: AA2 | T1: AA3 | U1: AA4 | V1: ABK | W1: RL1 | X1: YR1 | Y1: AH1 | Z1: XT1 | AA1: SK3 | AB1: SK4 | AC1: BGT1 | AD1: BGT2 | AE1: B10 | AF1: B31 | AG1: B32 | AH1: M | AI1: BW1 | AJ1: HS1 | AK1: RHY | AL1: EGH | AM1: BF1 | AN1: SS1 | AO1: CU1 | AP1: MC1 | AQ1: YV2 | AR1: NA1 | AS1: BG1 | AT1: BG2 | AU1: ES1 | AV1: CD1 | AW1: QA1 | AX1: BT1 | AY1: BT2 | AZ1: LY1 | BA1: SF1 | BB1: SF2 | BC1: BJ1 | BD1: BKY | BE1: YM1 | BF1: GE1 | BG1: CNH | BH1: LE3 | BI1: XA1 | BJ1: MX1 | BK1: AS1 | BL1: ER3 | BM1: ER4 | BN1: CP1 | BO1: CP3 | BP1: GM1 | BQ1: GU1 | BR1: GY1 | BS1: KQ1 | BT1: PO1 | BU1: CJ1 | BV1: CJ2 | BW1: ER1 | BX1: ER2 | BY1: CL1 | BZ1: DA1 | CA1: DA2 | CB1: KI1 | CC1: OA1 | CD1: GAR | CE1: GRU | CF1: DMR | CG1: DBG | CH1: LPS | CI1: MBY | CJ1: CGT8 | CK1: C30 | CL1: CG1 | CM1: CG2 | CN1: CG3 | CO1: YT1 | CP1: GD1 | CQ1: DL1 | CR1: DL2 | CS1: OG1 | CT1: ST1 | CU1: ST2 | CV1: TM2 | CW1: TM3 | CX1: FG2 | CY1: KG2 | CZ1: KGM | DA1: ED1 | DB1: ED3 | DC1: ED5 | DD1: MM1 | DE1: QB1 | DF1: DY1 | DG1: NC1 | DH1: RP1 | DI1: RP2 | DJ1: DR1 | DK1: CNV | DL1: CCG | DM1: IW1 | DN1: GR1 | DO1: HT1 | DP1: CRO | DQ1: BA1 | DR1: BA2 | DS1: BA3 | DT1: KV1 | DU1: CAL | DV1: ORA | DW1: DG1 | DX1: IA1 | DY1: IA2 | DZ1: NB1 | EA1: CZ1 | EB1: CGR | EC1: EVG | ED1: DS1 | EE1: GH1 | EF1: GH2 | EG1: WG1 | EH1: GLC | EI1: MR1 | EJ1: TR1 | EK1: GJ1 | EL1: XL1 | EM1: XR1 | EN1: GO1 | EO1: SD1 | EP1: SD2 | EQ1: AKN | ER1: STS | ES1: TGS | ET1: MUR | EU1: GI4 | EV1: HN2 | EW1: HNC | EX1: MH1 | EY1: IL1 | EZ1: IL2 | FA1: IL3 | FB1: IL4 | FC1: IL5 | FD1: IL6 | FE1: LE1 | FF1: LE2 | FG1: DB1 | FH1: IS3 | FI1: OE1 | FJ1: KH1 | FK1: EGL | FL1: CKT | FM1: KZ1 | FN1: KZ3 | FO1: LM1 | FP1: KGT1 | FQ1: KGT2 | FR1: KGT3 | FS1: KGT4 | FT1: KGT6 | FU1: KGT7 | FV1: KC1 | FW1: KU1 | FX1: YW1 | FY1: INW1_1 | FZ1: UF1 | GA1: BKL | GB1: LL1 | GC1: CAR | GD1: CUH | GE1: BM1 | GF1: SN1 | GG1: ALT | GH1: AL2 | GI1: NICG2 | GJ1: LRP | GK1: BDP | GL1: MRP | GM1: BU1 | GN1: LS1 | GO1: LS2 | GP1: LS3 | GQ1: LA1 | GR1: BY1 | GS1: BY2 | GT1: CK1 | GU1: GT1 | GV1: CNY | GW1: CUR | GX1: LO1 | GY1: BN1 | GZ1: JG1 | HA1: CRI | HB1: CHU | HC1: TNG | HD1: SRN | HE1: TMA | HF1: GA2 | HG1: RR2 | HH1: VB1 | HI1: MCT | HJ1: MP1 | HK1: MP2 | HL1: MP9 | HM1: MP3 | HN1: MO1 | HO1: MB1 | HP1: MB2 | HQ1: DZ1 | HR1: NW8 | HS1: TB5 | HT1: LEN | HU1: LEN1 | HV1: HUN | HW1: TAP | HX1: SCR | HY1: LI1 | HZ1: LI2 | IA1: LI3 | IB1: LI4 | IC1: LI5 | ID1: PB7 | IE1: DW1 | IF1: LMT | IG1: AVN | IH1: BNP | II1: GW1 | IJ1: RC1 | IK1: RT1 | IL1: BD1 | IM1: ML1 | IN1: KM1 | IO1: MU1 | IP1: RO1 | IQ1: LG1 | IR1: AL1 | IS1: SQ1 | IT1: PBA | IU1: PBB | IV1: SK1 | IW1: DN1 | IX1: CMN | IY1: KF1 | IZ1: TP1 | JA1: TP3 | JB1: AC1 | JC1: BS1 | JD1: YC2 | JE1: TE1 | JF1: BCW | JG1: TUR | JH1: GFB | JI1: CNR | JJ1: INT | JK1: CDN | JL1: CKD | JM1: KW2 | JN1: TL1 | JO1: MMR | JP1: TK1 | JQ1: TH1 | JR1: TH2 | JS1: TH3 | JT1: TH4 | JU1: TYC | JV1: SO1 | JW1: UG1 | JX1: BX1 | JY1: BX2 | JZ1: CNS | KA1: RF1 | KB1: WS1
A2: t-1 | B2: {=TRANSPOSE(_xlfn._xlws.FILTER(generator!$Q$2:$Q$295,generator!$J$2:$J$295<>0))} -> 10000 | C2: 9000 | D2: 9000 | E2: 9000 | F2: 9000 | G2: 9000 | H2: 9000 | I2: 9000 | J2: 9000 | K2: 108.19 | L2: 108.18 | M2: 108.17 | N2: 40.96 | O2: 9000 | P2: 9000 | Q2: 9000 | R2: 8000 | S2: 8000 | T2: 8000 | U2: 8000 | V2: 9000 | W2: 9000 | X2: 9000 | Y2: 9000 | Z2: 9000 | AA2: 0 | AB2: 0 | AC2: 246.74 | AD2: 246.74 | AE2: 79.19 | AF2: 75.91 | AG2: 75.91 | AH2: 10000 | AI2: 9000 | AJ2: 9000 | AK2: 9000 | AL2: 9000 | AM2: 9000 | AN2: 9000 | AO2: 8000 | AP2: 9000 | AQ2: 9000 | AR2: 9000 | AS2: 9000 | AT2: 9000 | AU2: 9000 | AV2: 9000 | AW2: 9000 | AX2: 9000 | AY2: 9000 | AZ2: 9000 | BA2: 9000 | BB2: 9000 | BC2: 9000 | BD2: 9000 | BE2: 9000 | BF2: 9000 | BG2: 9000 | BH2: 8000 | BI2: 9000 | BJ2: 9000 | BK2: 9000 | BL2: 8000 | BM2: 8000 | BN2: 9000 | BO2: 9000 | BP2: 9000 | BQ2: 9000 | BR2: 9000 | BS2: 9000 | BT2: 9000 | BU2: 9000 | BV2: 9000 | BW2: 8000 | BX2: 8000 | BY2: 9000 | BZ2: 9000 | CA2: 9000 | CB2: 9000 | CC2: 9000 | CD2: 9000 | CE2: 9000 | CF2: 9000 | CG2: 9000 | CH2: 8000 | CI2: 9000 | CJ2: 51.59 | CK2: 206.04 | CL2: 9000 | CM2: 9000 | CN2: 9000 | CO2: 9000 | CP2: 9000 | CQ2: 9000 | CR2: 9000 | CS2: 9000 | CT2: 9000 | CU2: 9000 | CV2: 9000 | CW2: 9000 | CX2: 111.57 | CY2: 9000 | CZ2: 9000 | DA2: 7000 | DB2: 506.96 | DC2: 506.95 | DD2: 9000 | DE2: 9000 | DF2: 9000 | DG2: 9000 | DH2: 190.97 | DI2: 190.97 | DJ2: 9000 | DK2: 9000 | DL2: 9000 | DM2: 0 | DN2: 9000 | DO2: 9000 | DP2: 9000 | DQ2: 9000 | DR2: 9000 | DS2: 9000 | DT2: 9000 | DU2: 9000 | DV2: 9000 | DW2: 125.79 | DX2: 9000 | DY2: 9000 | DZ2: 9000 | EA2: 9000 | EB2: 9000 | EC2: 9000 | ED2: 9000 | EE2: 9000 | EF2: 9000 | EG2: 48.65 | EH2: 9000 | EI2: 9000 | EJ2: 9000 | EK2: 9000 | EL2: 9000 | EM2: 9000 | EN2: 9000 | EO2: 9000 | EP2: 9000 | EQ2: 9000 | ER2: 9000 | ES2: 9000 | ET2: 9000 | EU2: 71.88 | EV2: 54.19 | EW2: 59.7 | EX2: 9000 | EY2: 98.17 | EZ2: 98.17 | FA2: 98.17 | FB2: 98.17 | FC2: 98.17 | FD2: 98.17 | FE2: 8000 | FF2: 8000 | FG2: 47.53 | FH2: 108.86 | FI2: 9000 | FJ2: 9000 | FK2: 9000 | FL2: 9000 | FM2: 9000 | FN2: 424.84 | FO2: 9000 | FP2: 425.9 | FQ2: 425.9 | FR2: 196.54 | FS2: 196.54 | FT2: 83.15 | FU2: 83.15 | FV2: 9000 | FW2: 9000 | FX2: 9000 | FY2: 9000 | FZ2: 9000 | GA2: 9000 | GB2: 9000 | GC2: 9000 | GD2: 9000 | GE2: 9000 | GF2: 9000 | GG2: 9000 | GH2: 9000 | GI2: 0 | GJ2: 9000 | GK2: 9000 | GL2: 9000 | GM2: 9000 | GN2: 9000 | GO2: 9000 | GP2: 9000 | GQ2: 9000 | GR2: 9000 | GS2: 9000 | GT2: 9000 | GU2: 9000 | GV2: 9000 | GW2: 9000 | GX2: 9000 | GY2: 9000 | GZ2: 9000 | HA2: 9000 | HB2: 9000 | HC2: 9000 | HD2: 9000 | HE2: 9000 | HF2: 9000 | HG2: 9000 | HH2: 9000 | HI2: 9000 | HJ2: 143 | HK2: 143 | HL2: 9000 | HM2: 143 | HN2: 9000 | HO2: 9000 | HP2: 9000 | HQ2: 9000 | HR2: 121.14 | HS2: 145.57 | HT2: 9000 | HU2: 9000 | HV2: 9000 | HW2: 9000 | HX2: 9000 | HY2: 8000 | HZ2: 8000 | IA2: 8000 | IB2: 8000 | IC2: 8000 | ID2: 108.86 | IE2: 0 | IF2: 9000 | IG2: 9000 | IH2: 9000 | II2: 9000 | IJ2: 9000 | IK2: 9000 | IL2: 9000 | IM2: 9000 | IN2: 9000 | IO2: 9000 | IP2: 9000 | IQ2: 9000 | IR2: 9000 | IS2: 132.62 | IT2: 77.63 | IU2: 77.64 | IV2: 9000 | IW2: 9000 | IX2: 331.49 | IY2: 9000 | IZ2: 193.76 | JA2: 193.76 | JB2: 9000 | JC2: 9000 | JD2: 9000 | JE2: 9000 | JF2: 9000 | JG2: 9000 | JH2: 9000 | JI2: 9000 | JJ2: 9000 | JK2: 9000 | JL2: 9000 | JM2: 9000 | JN2: 9000 | JO2: 9000 | JP2: 9000 | JQ2: 0 | JR2: 0 | JS2: 0 | JT2: 0 | JU2: 26.6 | JV2: 9000 | JW2: 9000 | JX2: 9000 | JY2: 9000 | JZ2: 9000 | KA2: 9000 | KB2: 9000

Sheet baseMVA
A1: baseMVA
A2: 100
